{
"type": "FeatureCollection",
"name": "20220512_011316_16M7_roads",
"crs": { "type": "name", "properties": { "name": "urn:ogc:def:crs:OGC:1.3:CRS84" } },
"features": [
{ "type": "Feature", "properties": { "osm_id": 15830343, "name": "Hay River Highway", "highway": "tertiary", "flooded_m": 114.86479051801543 }, "geometry": { "type": "MultiLineString", "coordinates": [ [ [ -115.744462636311368, 60.857248704271449 ], [ -115.744537459972179, 60.857428987495346 ] ], [ [ -115.744574872114356, 60.857519129090797 ], [ -115.744911590747066, 60.858330402955609 ] ], [ [ -115.744941077187434, 60.85840144420915 ], [ -115.7449455, 60.8584121 ], [ -115.744949447382623, 60.858420548570322 ] ] ] } },
{ "type": "Feature", "properties": { "osm_id": 28801944, "name": "Fort Smith Highway", "highway": "primary", "flooded_m": 40.561812554884952 }, "geometry": { "type": "LineString", "coordinates": [ [ -115.819367494856692, 60.75217315193057 ], [ -115.819281499999988, 60.7521586 ], [ -115.818635869738785, 60.752110293709094 ] ] } },
{ "type": "Feature", "properties": { "osm_id": 28801964, "name": "Fort Smith Highway", "highway": "primary", "flooded_m": 40.147222151867979 }, "geometry": { "type": "MultiLineString", "coordinates": [ [ [ -115.8238148, 60.7531672 ], [ -115.823480857603585, 60.753086678275217 ] ], [ [ -115.822826007194365, 60.752928774157063 ], [ -115.822707982030423, 60.75290031423804 ] ], [ [ -115.821370971927834, 60.752577904447321 ], [ -115.821162257896717, 60.752527572866988 ] ] ] } },
{ "type": "Feature", "properties": { "osm_id": 28801966, "name": "Fort Smith Highway", "highway": "primary", "flooded_m": 198.22210305040443 }, "geometry": { "type": "MultiLineString", "coordinates": [ [ [ -115.828082653382125, 60.7546974286984 ], [ -115.827292, 60.7543414 ], [ -115.826735, 60.7540678 ], [ -115.82633295738728, 60.753919787581403 ] ], [ [ -115.824936393727583, 60.753458602749255 ], [ -115.8238148, 60.7531672 ] ] ] } },
{ "type": "Feature", "properties": { "osm_id": 28802131, "name": "Reserve Highway", "highway": "tertiary", "flooded_m": 137.0205650291883 }, "geometry": { "type": "LineString", "coordinates": [ [ -115.753348799174219, 60.836335178468183 ], [ -115.755852100000013, 60.8364778 ] ] } },
{ "type": "Feature", "properties": { "osm_id": 28802173, "name": "Hay River Highway", "highway": "primary", "flooded_m": 1773.0885529003704 }, "geometry": { "type": "MultiLineString", "coordinates": [ [ [ -115.778027346973744, 60.825990343843777 ], [ -115.7777526, 60.8264093 ], [ -115.777678688399561, 60.826576525561961 ] ], [ [ -115.777639159999637, 60.826665958124465 ], [ -115.777633238775209, 60.826679354783771 ] ], [ [ -115.777612752281811, 60.826755510026665 ], [ -115.777560099999988, 60.8269537 ], [ -115.7775418, 60.827064 ], [ -115.7775205, 60.827192 ], [ -115.77752281889822, 60.827293444600492 ] ], [ [ -115.777696789065232, 60.828552116440854 ], [ -115.7777137, 60.8286574 ], [ -115.7777363, 60.8287975 ], [ -115.777736323435391, 60.828797645817843 ] ], [ [ -115.777740219521959, 60.828821887710028 ], [ -115.7777989, 60.829187 ], [ -115.7778963, 60.8297709 ], [ -115.7779643, 60.8301788 ], [ -115.778067100000015, 60.83068 ], [ -115.778355799999986, 60.832956799999984 ], [ -115.7783655, 60.833226700000012 ], [ -115.778273, 60.8336041 ], [ -115.7781445, 60.8339412 ], [ -115.7771111, 60.8358696 ], [ -115.777053, 60.8359621 ], [ -115.7765784, 60.8369236 ], [ -115.776409199999989, 60.83714590000001 ], [ -115.77622820000002, 60.8373217 ], [ -115.7759455, 60.8375561 ], [ -115.7756666, 60.837744099999988 ], [ -115.775218099999989, 60.8379823 ], [ -115.774825400000012, 60.8381531 ], [ -115.77463168529134, 60.838221747918233 ] ], [ [ -115.774616697565676, 60.838227059190267 ], [ -115.774430189045745, 60.83829315281821 ] ], [ [ -115.774380952727228, 60.838309253956098 ], [ -115.773854400000019, 60.8384435 ], [ -115.7731423, 60.8386103 ], [ -115.771849900000021, 60.8388831 ], [ -115.771699703506101, 60.838913323656534 ] ], [ [ -115.771460884093827, 60.838961380212062 ], [ -115.769977553764377, 60.839259851332088 ] ], [ [ -115.769606716886329, 60.83933446654018 ], [ -115.769565474867562, 60.839342764663954 ] ], [ [ -115.769421297802964, 60.839371773758437 ], [ -115.7692994, 60.8393963 ], [ -115.768318780373818, 60.839600723267083 ] ], [ [ -115.768308495147579, 60.839602867308052 ], [ -115.767493561853442, 60.839772743510082 ] ], [ [ -115.767080949286623, 60.839858751720733 ], [ -115.76645373122534, 60.839989490669389 ] ], [ [ -115.762115729278946, 60.840890624742961 ], [ -115.7618296, 60.840949 ], [ -115.7607717, 60.8411688 ], [ -115.760518059844799, 60.841229805762097 ] ], [ [ -115.75920750421885, 60.841812413603158 ], [ -115.759146835609172, 60.841850966470389 ] ], [ [ -115.758868277326684, 60.842027979365426 ], [ -115.758830209081864, 60.842052170048142 ] ], [ [ -115.758648896846594, 60.842205538184992 ], [ -115.758639950789629, 60.842213530642987 ] ], [ [ -115.758454534413133, 60.842383327722651 ], [ -115.75844917172563, 60.842388268881137 ] ] ] } },
{ "type": "Feature", "properties": { "osm_id": 28802330, "name": "105th Street", "highway": "residential", "flooded_m": 40.147386023231313 }, "geometry": { "type": "LineString", "coordinates": [ [ -115.7434429, 60.850245 ], [ -115.743609846148303, 60.850596103704234 ] ] } },
{ "type": "Feature", "properties": { "osm_id": 28802338, "name": "106 Street", "highway": "residential", "flooded_m": 220.42474136795022 }, "geometry": { "type": "LineString", "coordinates": [ [ -115.7453151, 60.8476127 ], [ -115.7456369, 60.84828790000001 ], [ -115.7457885, 60.8486486 ], [ -115.746208784905775, 60.849542856273949 ] ] } },
{ "type": "Feature", "properties": { "osm_id": 28802341, "name": "102nd Avenue", "highway": "residential", "flooded_m": 127.33070449341851 }, "geometry": { "type": "MultiLineString", "coordinates": [ [ [ -115.744344725353486, 60.850143196008503 ], [ -115.744256278133435, 60.850153180810437 ] ], [ [ -115.743974990743837, 60.850184934900014 ], [ -115.7434429, 60.850245 ], [ -115.743050416439573, 60.850295225360561 ] ], [ [ -115.741570576812094, 60.850484585827829 ], [ -115.7413235, 60.8505162 ], [ -115.741015760556593, 60.850552336432408 ] ], [ [ -115.740861949419639, 60.850570397474229 ], [ -115.740153737898225, 60.850653555611437 ] ] ] } },
{ "type": "Feature", "properties": { "osm_id": 28802356, "name": "103rd Avenue", "highway": "residential", "flooded_m": 37.825756753178098 }, "geometry": { "type": "MultiLineString", "coordinates": [ [ [ -115.742355866928776, 60.853918667546395 ], [ -115.742454407877574, 60.853907620832665 ] ], [ [ -115.743249781080792, 60.853825264889551 ], [ -115.74383423174271, 60.853770801312514 ] ] ] } },
{ "type": "Feature", "properties": { "osm_id": 28802430, "name": "105th Avenue", "highway": "residential", "flooded_m": 0.27461152238983239 }, "geometry": { "type": "LineString", "coordinates": [ [ -115.744940633036052, 60.858412765413831 ], [ -115.7449455, 60.8584121 ] ] } },
{ "type": "Feature", "properties": { "osm_id": 28802586, "name": "Hay River Highway", "highway": "primary", "flooded_m": 24.330355382226401 }, "geometry": { "type": "MultiLineString", "coordinates": [ [ [ -115.778933, 60.8247652 ], [ -115.778913171436969, 60.824791906538486 ] ], [ [ -115.778578152078552, 60.825237822372976 ], [ -115.778443931099986, 60.825416186542867 ] ] ] } },
{ "type": "Feature", "properties": { "osm_id": 119937335, "name": "Abby Place", "highway": "residential", "flooded_m": 33.738654763895141 }, "geometry": { "type": "LineString", "coordinates": [ [ -115.7943745, 60.8025913 ], [ -115.794901491301218, 60.80275081571606 ] ] } },
{ "type": "Feature", "properties": { "osm_id": 119937336, "name": "Airport Rd", "highway": "service", "flooded_m": 194.73655799393995 }, "geometry": { "type": "MultiLineString", "coordinates": [ [ [ -115.7771111, 60.8358696 ], [ -115.7775375, 60.83593650000001 ], [ -115.777684, 60.8359721 ], [ -115.7779206, 60.8360388 ], [ -115.7780785, 60.8360882 ], [ -115.7781991, 60.8361334 ], [ -115.778292, 60.8361912 ], [ -115.778371387832379, 60.836258223070921 ] ], [ [ -115.77890303039527, 60.836789459798368 ], [ -115.779257019309512, 60.837155399054673 ] ], [ [ -115.779287206600216, 60.837186605012526 ], [ -115.779434016786254, 60.837338368334471 ] ], [ [ -115.779550101234335, 60.837458368155467 ], [ -115.779900634321777, 60.83782071821571 ] ], [ [ -115.779965021295538, 60.837887274780343 ], [ -115.779988268827353, 60.837911305588449 ] ] ] } },
{ "type": "Feature", "properties": { "osm_id": 119937338, "name": "Ash Road", "highway": "residential", "flooded_m": 12.43140741632738 }, "geometry": { "type": "LineString", "coordinates": [ [ -115.794743758791085, 60.816724381023143 ], [ -115.794956064236089, 60.816765669422225 ] ] } },
{ "type": "Feature", "properties": { "osm_id": 119937340, "name": "Aspen Drive", "highway": "residential", "flooded_m": 33.496005176337142 }, "geometry": { "type": "MultiLineString", "coordinates": [ [ [ -115.800156237090079, 60.803702587703242 ], [ -115.800197108822232, 60.803655002361545 ] ], [ [ -115.800309309307238, 60.803524370975722 ], [ -115.8003378, 60.8034912 ], [ -115.8005125, 60.8032959 ] ] ] } },
{ "type": "Feature", "properties": { "osm_id": 119937351, "name": "Beaver Crescent", "highway": "residential", "flooded_m": 169.82603849692606 }, "geometry": { "type": "MultiLineString", "coordinates": [ [ [ -115.7736598, 60.818687 ], [ -115.774754, 60.8187825 ], [ -115.774943800000017, 60.818778700000024 ], [ -115.775050099999987, 60.8187256 ], [ -115.775114344775687, 60.81865146149989 ] ], [ [ -115.775389904168676, 60.81800940963052 ], [ -115.7753349, 60.817977699999986 ], [ -115.7749932, 60.8179245 ], [ -115.7739559, 60.817818399999986 ] ] ] } },
{ "type": "Feature", "properties": { "osm_id": 119937355, "name": "Cameron Crescent", "highway": "residential", "flooded_m": 95.647727804420498 }, "geometry": { "type": "MultiLineString", "coordinates": [ [ [ -115.776003032218711, 60.821532911605914 ], [ -115.775990966436979, 60.821527584320833 ] ], [ [ -115.775810134424134, 60.821447743012669 ], [ -115.7756293, 60.821367899999984 ], [ -115.7755209, 60.8213071 ], [ -115.775503381759052, 60.821258982516326 ] ], [ [ -115.775827466514912, 60.820994116426313 ], [ -115.7761829, 60.8208342 ], [ -115.7763675, 60.820806 ], [ -115.776386206813669, 60.820808160679228 ] ], [ [ -115.776569254802496, 60.820829910674256 ], [ -115.776743300000021, 60.8208743 ], [ -115.776850551612824, 60.82091208391364 ] ], [ [ -115.776932769596385, 60.820941048555241 ], [ -115.7770598, 60.820985800000017 ], [ -115.777095902527066, 60.821004109361127 ] ] ] } },
{ "type": "Feature", "properties": { "osm_id": 119937357, "name": "Capital Drive", "highway": "residential", "flooded_m": 151.11532498923444 }, "geometry": { "type": "LineString", "coordinates": [ [ -115.786763399999984, 60.8091393 ], [ -115.7869878, 60.808846 ], [ -115.7874545, 60.808265199999987 ], [ -115.787524, 60.808178799999986 ], [ -115.78762230000001, 60.8080564 ], [ -115.7877683, 60.8078746 ] ] } },
{ "type": "Feature", "properties": { "osm_id": 119937358, "name": "Capital Drive", "highway": "residential", "flooded_m": 59.229956241250569 }, "geometry": { "type": "LineString", "coordinates": [ [ -115.7885708, 60.806873 ], [ -115.788985699999984, 60.8063814 ] ] } },
{ "type": "Feature", "properties": { "osm_id": 119937359, "name": "Capital Drive", "highway": "residential", "flooded_m": 119.88084971248909 }, "geometry": { "type": "LineString", "coordinates": [ [ -115.7877683, 60.8078746 ], [ -115.7883572, 60.8070962 ], [ -115.7885708, 60.806873 ] ] } },
{ "type": "Feature", "properties": { "osm_id": 119937360, "name": "Capital Drive", "highway": "residential", "flooded_m": 87.563055689503727 }, "geometry": { "type": "MultiLineString", "coordinates": [ [ [ -115.786049981072594, 60.809951083227872 ], [ -115.7862724, 60.809679 ], [ -115.786349165993414, 60.809594617862075 ] ], [ [ -115.786430187334574, 60.809505557658483 ], [ -115.7867259, 60.809180499999989 ], [ -115.786763399999984, 60.8091393 ] ] ] } },
{ "type": "Feature", "properties": { "osm_id": 119937361, "name": "Caribou Crescent", "highway": "residential", "flooded_m": 144.02293828040345 }, "geometry": { "type": "MultiLineString", "coordinates": [ [ [ -115.7769575, 60.8134034 ], [ -115.777396643865004, 60.813603028096722 ] ], [ [ -115.778488774909121, 60.813888799805476 ], [ -115.7785177, 60.8138848 ], [ -115.7786749, 60.8138456 ], [ -115.77886151083861, 60.813756034884044 ] ], [ [ -115.778879989416794, 60.813747165925697 ], [ -115.779048772713267, 60.813666156531141 ] ], [ [ -115.779063594914902, 60.813659042423012 ], [ -115.779176399999983, 60.8136049 ], [ -115.779236099260615, 60.813574552415425 ] ], [ [ -115.779243316902765, 60.813570883385935 ], [ -115.779488, 60.813446499999984 ], [ -115.779611399263743, 60.813374269620319 ] ], [ [ -115.779728182167332, 60.813305911646346 ], [ -115.7797868, 60.8132716 ], [ -115.779768603547097, 60.813216486548519 ] ], [ [ -115.77908684895803, 60.812666617101414 ], [ -115.7788714, 60.812534 ] ] ] } },
{ "type": "Feature", "properties": { "osm_id": 119937365, "name": "Commercial Road", "highway": "residential", "flooded_m": 41.866851077679954 }, "geometry": { "type": "MultiLineString", "coordinates": [ [ [ -115.789614400000019, 60.8107739 ], [ -115.7894517, 60.810739899999987 ], [ -115.789271782953193, 60.810702270330751 ] ], [ [ -115.789089403909074, 60.810664125398944 ], [ -115.788724647130152, 60.81058783479557 ] ] ] } },
{ "type": "Feature", "properties": { "osm_id": 119937366, "name": "Commercial Road", "highway": "residential", "flooded_m": 33.834314607496985 }, "geometry": { "type": "LineString", "coordinates": [ [ -115.790192039426501, 60.81088637148035 ], [ -115.790172, 60.8108826 ], [ -115.789614400000019, 60.8107739 ] ] } },
{ "type": "Feature", "properties": { "osm_id": 119937367, "name": "Commercial Road", "highway": "residential", "flooded_m": 18.923599534259449 }, "geometry": { "type": "LineString", "coordinates": [ [ -115.786859596698392, 60.810227773650105 ], [ -115.786534741219683, 60.81016710282892 ] ] } },
{ "type": "Feature", "properties": { "osm_id": 119937368, "name": "Courtoreille Street", "highway": "residential", "flooded_m": 86.202881450203918 }, "geometry": { "type": "MultiLineString", "coordinates": [ [ [ -115.788398634219675, 60.809486572140159 ], [ -115.788216284968911, 60.809447848270977 ] ], [ [ -115.788033936161085, 60.809409124155309 ], [ -115.786763399999984, 60.8091393 ] ] ] } },
{ "type": "Feature", "properties": { "osm_id": 119937369, "name": "Covert Place", "highway": "residential", "flooded_m": 7.281750219268103 }, "geometry": { "type": "LineString", "coordinates": [ [ -115.804312167190005, 60.796798073626121 ], [ -115.8043831, 60.7968535 ] ] } },
{ "type": "Feature", "properties": { "osm_id": 119937370, "name": "Cranberry Crescent", "highway": "residential", "flooded_m": 187.91617054767542 }, "geometry": { "type": "MultiLineString", "coordinates": [ [ [ -115.785217397619192, 60.824579669477458 ], [ -115.784841699999987, 60.8249604 ], [ -115.7845253, 60.825348 ], [ -115.784487048789785, 60.825386313724245 ] ], [ [ -115.784289522482482, 60.825558990319188 ], [ -115.7842718, 60.825572799999989 ], [ -115.78411029999998, 60.825669 ], [ -115.7838989, 60.825753899999988 ], [ -115.7837342, 60.825811 ], [ -115.7829696, 60.826027600000025 ] ] ] } },
{ "type": "Feature", "properties": { "osm_id": 119937374, "name": "Dean Drive", "highway": "residential", "flooded_m": 28.413006071815399 }, "geometry": { "type": "MultiLineString", "coordinates": [ [ [ -115.79618225364429, 60.815968534443485 ], [ -115.7962593, 60.815878399999988 ], [ -115.796334599121579, 60.815790315551077 ] ], [ [ -115.796438074912956, 60.815669269340241 ], [ -115.796486948528681, 60.815612096526955 ] ] ] } },
{ "type": "Feature", "properties": { "osm_id": 119937375, "name": "Reserve Highway", "highway": "tertiary", "flooded_m": 81.34046369001517 }, "geometry": { "type": "MultiLineString", "coordinates": [ [ [ -115.755852100000013, 60.8364778 ], [ -115.756482170648212, 60.836183047113778 ] ], [ [ -115.77380873901798, 60.811280944091941 ], [ -115.773995627652894, 60.811200818904219 ] ], [ [ -115.774930627775291, 60.810785250139631 ], [ -115.775204697383472, 60.810660769456454 ] ] ] } },
{ "type": "Feature", "properties": { "osm_id": 119937377, "name": "Eagle Crescent", "highway": "residential", "flooded_m": 136.80656359635142 }, "geometry": { "type": "MultiLineString", "coordinates": [ [ [ -115.778193235755339, 60.822899727547224 ], [ -115.778322175624695, 60.822721315605641 ] ], [ [ -115.77845111404767, 60.822542903531591 ], [ -115.778476699999985, 60.8225075 ], [ -115.7785374, 60.8224182 ], [ -115.778556796178123, 60.822364279935975 ] ], [ [ -115.778537991582141, 60.822244491602362 ], [ -115.7784856, 60.8221921 ], [ -115.778391400000018, 60.822138599999988 ], [ -115.778358680546788, 60.822124491374133 ] ], [ [ -115.778177466498988, 60.822054427484218 ], [ -115.7781477, 60.822044 ], [ -115.7780028, 60.8220034 ], [ -115.777850299999983, 60.8219768 ], [ -115.7776924, 60.8219563 ], [ -115.7775406, 60.8219791 ], [ -115.777501490195377, 60.821995514153734 ] ], [ [ -115.777443239297824, 60.822019961658405 ], [ -115.777416699999989, 60.822031100000011 ], [ -115.7773123468086, 60.822083585349944 ] ], [ [ -115.777255440194807, 60.822122510324988 ], [ -115.77718847669729, 60.82217225031539 ] ], [ [ -115.776710784562127, 60.822527071011137 ], [ -115.7764952, 60.822687199999983 ] ] ] } },
{ "type": "Feature", "properties": { "osm_id": 119937380, "name": "Gaetz Drive", "highway": "residential", "flooded_m": 232.2133078542272 }, "geometry": { "type": "MultiLineString", "coordinates": [ [ [ -115.780408, 60.8173842 ], [ -115.780378268436039, 60.817376725858686 ] ], [ [ -115.780278143274558, 60.817351555578242 ], [ -115.780014037032501, 60.817285161848311 ] ], [ [ -115.779907577513967, 60.81725839874084 ], [ -115.779886499999989, 60.8172531 ], [ -115.779831910036933, 60.817239696667841 ] ], [ [ -115.77953174740064, 60.817165193045568 ], [ -115.7792799, 60.8170952 ], [ -115.7791203, 60.817061 ], [ -115.778781200000012, 60.8169921 ], [ -115.778573, 60.8169537 ], [ -115.778555925829195, 60.81695054936354 ] ], [ [ -115.778373176953849, 60.816921500005378 ], [ -115.7783161, 60.8169215 ], [ -115.776760688617657, 60.816780823252721 ] ], [ [ -115.776540745836087, 60.816760929320807 ], [ -115.776357523392463, 60.816744356467872 ] ], [ [ -115.775258192770806, 60.816644914113802 ], [ -115.7744732, 60.8165739 ], [ -115.774315900000019, 60.8165692 ] ] ] } },
{ "type": "Feature", "properties": { "osm_id": 119937381, "name": "Gagnier Street", "highway": "residential", "flooded_m": 50.63153329977942 }, "geometry": { "type": "MultiLineString", "coordinates": [ [ [ -115.789270886728232, 60.8081843086402 ], [ -115.789183754189054, 60.808166349765834 ] ], [ [ -115.788815312856201, 60.808090409532944 ], [ -115.788636599130243, 60.808053573971009 ] ], [ [ -115.78835974166789, 60.807996508886916 ], [ -115.7877683, 60.8078746 ] ] ] } },
{ "type": "Feature", "properties": { "osm_id": 119937386, "name": "Industrial Drive", "highway": "residential", "flooded_m": 144.6839336781654 }, "geometry": { "type": "MultiLineString", "coordinates": [ [ [ -115.790974015374019, 60.812509668868074 ], [ -115.791045050119294, 60.812423878288989 ] ], [ [ -115.791195408330395, 60.812242284964491 ], [ -115.791416797571159, 60.811974900675224 ] ], [ [ -115.791490593159082, 60.811885772493113 ], [ -115.79156438833418, 60.811796644268114 ] ], [ [ -115.793187777747804, 60.809835812477175 ], [ -115.793409133552728, 60.809568424717106 ] ], [ [ -115.794856504258078, 60.807875368498799 ], [ -115.795087404457391, 60.807608063696499 ] ], [ [ -115.79527863234982, 60.807386682377782 ], [ -115.795472229518737, 60.807162554763465 ] ] ] } },
{ "type": "Feature", "properties": { "osm_id": 119937391, "name": "Lepine Road", "highway": "residential", "flooded_m": 94.243794401629117 }, "geometry": { "type": "MultiLineString", "coordinates": [ [ [ -115.7907943, 60.8073128 ], [ -115.790322318102639, 60.807219447822384 ] ], [ [ -115.790251443367239, 60.807205429487041 ], [ -115.789410131004658, 60.807039022273237 ] ], [ [ -115.78886282370344, 60.806930763982102 ], [ -115.7885708, 60.806873 ] ] ] } },
{ "type": "Feature", "properties": { "osm_id": 119937394, "name": "Mackie Place", "highway": "residential", "flooded_m": 19.541617753054879 }, "geometry": { "type": "LineString", "coordinates": [ [ -115.7963462, 60.801012900000011 ], [ -115.796553404324385, 60.801156176520337 ] ] } },
{ "type": "Feature", "properties": { "osm_id": 119937395, "name": "Malcolm Crescent", "highway": "residential", "flooded_m": 59.725483194909728 }, "geometry": { "type": "MultiLineString", "coordinates": [ [ [ -115.777874766403471, 60.820348523794593 ], [ -115.7778017, 60.8203371 ], [ -115.777510521220066, 60.820256621030545 ] ], [ [ -115.777328879274719, 60.820198094048713 ], [ -115.7771665, 60.8201158 ], [ -115.7771162, 60.8199896 ], [ -115.777155517628302, 60.819922620116571 ] ], [ [ -115.777317807644209, 60.819749038000523 ], [ -115.777328, 60.8197402 ], [ -115.777346687387976, 60.819731405381518 ] ] ] } },
{ "type": "Feature", "properties": { "osm_id": 119937397, "name": "McBryan Drive", "highway": "residential", "flooded_m": 293.52556990449568 }, "geometry": { "type": "MultiLineString", "coordinates": [ [ [ -115.790550528859512, 60.806042255715724 ], [ -115.790543357477873, 60.806040760260387 ] ], [ [ -115.79018581228658, 60.805966200345885 ], [ -115.790093333473607, 60.805946915265217 ] ], [ [ -115.790003454652592, 60.805928172291132 ], [ -115.789821097453569, 60.805890143989807 ] ], [ [ -115.789643312118358, 60.805853068768513 ], [ -115.789605100000017, 60.8058451 ], [ -115.789568299999985, 60.805802600000014 ], [ -115.789557400000021, 60.8057695 ], [ -115.7896461, 60.805654 ], [ -115.789851400000018, 60.805407 ], [ -115.7901585, 60.8050587 ], [ -115.7903231, 60.8049574 ], [ -115.7916842, 60.8042558 ], [ -115.792408699999982, 60.8038746 ] ] ] } },
{ "type": "Feature", "properties": { "osm_id": 119937398, "name": "McBryan Drive", "highway": "residential", "flooded_m": 100.33184554323029 }, "geometry": { "type": "LineString", "coordinates": [ [ -115.792408699999982, 60.8038746 ], [ -115.793109800000011, 60.803473 ], [ -115.7936358, 60.8032028 ] ] } },
{ "type": "Feature", "properties": { "osm_id": 119937399, "name": "McBryan Drive", "highway": "residential", "flooded_m": 90.453035583859659 }, "geometry": { "type": "LineString", "coordinates": [ [ -115.7943745, 60.8025913 ], [ -115.795138, 60.80187 ] ] } },
{ "type": "Feature", "properties": { "osm_id": 119937400, "name": "McBryan Drive", "highway": "residential", "flooded_m": 79.322974572893912 }, "geometry": { "type": "LineString", "coordinates": [ [ -115.7936358, 60.8032028 ], [ -115.7939856, 60.802965699999987 ], [ -115.7943745, 60.8025913 ] ] } },
{ "type": "Feature", "properties": { "osm_id": 119937401, "name": "McBryan Drive", "highway": "residential", "flooded_m": 51.137670686232688 }, "geometry": { "type": "LineString", "coordinates": [ [ -115.7963462, 60.801012900000011 ], [ -115.796427400000013, 60.8009885 ], [ -115.797179905251625, 60.800801489979634 ] ] } },
{ "type": "Feature", "properties": { "osm_id": 119937402, "name": "McBryan Drive", "highway": "residential", "flooded_m": 25.514389211313208 }, "geometry": { "type": "MultiLineString", "coordinates": [ [ [ -115.798099476409377, 60.800781314304466 ], [ -115.798281815902897, 60.800819295915325 ] ], [ [ -115.79846404587002, 60.800860211954316 ], [ -115.798609960649287, 60.800905211940716 ] ], [ [ -115.798645710251535, 60.800916237042486 ], [ -115.7987286, 60.800941799999983 ] ] ] } },
{ "type": "Feature", "properties": { "osm_id": 119937403, "name": "McBryan Drive", "highway": "residential", "flooded_m": 118.37586882529315 }, "geometry": { "type": "LineString", "coordinates": [ [ -115.795138, 60.80187 ], [ -115.7955492, 60.801435800000014 ], [ -115.7957162, 60.801293 ], [ -115.7958698, 60.801196 ], [ -115.7960772, 60.801101699999982 ], [ -115.7962119, 60.80105319999997 ], [ -115.7963462, 60.801012900000011 ] ] } },
{ "type": "Feature", "properties": { "osm_id": 119937407, "name": "McRorie Road", "highway": "residential", "flooded_m": 54.162828802992124 }, "geometry": { "type": "MultiLineString", "coordinates": [ [ [ -115.79602873718801, 60.802095646894848 ], [ -115.795846698454909, 60.802049532486755 ] ], [ [ -115.795839459310926, 60.802047698644799 ], [ -115.795138, 60.80187 ] ] ] } },
{ "type": "Feature", "properties": { "osm_id": 119937409, "name": "Menzie Place", "highway": "residential", "flooded_m": 26.11598683403113 }, "geometry": { "type": "LineString", "coordinates": [ [ -115.7936358, 60.8032028 ], [ -115.793955441578021, 60.803377676397957 ] ] } },
{ "type": "Feature", "properties": { "osm_id": 119937413, "name": "Miron Drive", "highway": "residential", "flooded_m": 4.5246379009887061 }, "geometry": { "type": "LineString", "coordinates": [ [ -115.805302278276542, 60.795936556383026 ], [ -115.8053726, 60.7959149 ] ] } },
{ "type": "Feature", "properties": { "osm_id": 119937418, "name": "Miron Drive", "highway": "residential", "flooded_m": 68.565416907189473 }, "geometry": { "type": "MultiLineString", "coordinates": [ [ [ -115.802657600632841, 60.79699050766434 ], [ -115.8026576, 60.7969905 ], [ -115.802718900000016, 60.796920899999989 ], [ -115.803399180393157, 60.796644965117849 ] ], [ [ -115.803416105434536, 60.796638099888838 ], [ -115.803585742267884, 60.796569290575469 ] ] ] } },
{ "type": "Feature", "properties": { "osm_id": 119937421, "name": "Miron Drive", "highway": "residential", "flooded_m": 22.535094638558366 }, "geometry": { "type": "MultiLineString", "coordinates": [ [ [ -115.809873258949068, 60.795480264681181 ], [ -115.8100481, 60.795466899999987 ], [ -115.810057524470437, 60.795465885790158 ] ], [ [ -115.810241992824587, 60.795446034171043 ], [ -115.810279561662711, 60.795441991154767 ] ], [ [ -115.810426460953181, 60.795426182297867 ], [ -115.810610928856249, 60.795406330170636 ] ] ] } },
{ "type": "Feature", "properties": { "osm_id": 119937422, "name": "Miron Drive", "highway": "residential", "flooded_m": 4.7003010616643559 }, "geometry": { "type": "LineString", "coordinates": [ [ -115.8053726, 60.7959149 ], [ -115.805448257433497, 60.795894563332638 ] ] } },
{ "type": "Feature", "properties": { "osm_id": 119937432, "name": "Nahanni Road", "highway": "residential", "flooded_m": 68.536861109301952 }, "geometry": { "type": "LineString", "coordinates": [ [ -115.785182, 60.812879399999986 ], [ -115.7854352, 60.8129895 ], [ -115.786235635688001, 60.813211747038714 ] ] } },
{ "type": "Feature", "properties": { "osm_id": 119937438, "name": "Parker Place", "highway": "residential", "flooded_m": 2.7255425651245258 }, "geometry": { "type": "LineString", "coordinates": [ [ -115.8053726, 60.7959149 ], [ -115.805392475090031, 60.795937358758664 ] ] } },
{ "type": "Feature", "properties": { "osm_id": 119937460, "name": "Riverview Drive", "highway": "residential", "flooded_m": 388.02591576420838 }, "geometry": { "type": "MultiLineString", "coordinates": [ [ [ -115.774315900000019, 60.8165692 ], [ -115.7744675, 60.8160863 ], [ -115.774702, 60.815309099999979 ], [ -115.774911700000018, 60.8149268 ], [ -115.7750464, 60.8147699 ], [ -115.775213500000021, 60.8145664 ], [ -115.77545090000001, 60.8143578 ], [ -115.77568527688841, 60.814167051198709 ] ], [ [ -115.775721696721902, 60.814137410492954 ], [ -115.77592850000002, 60.8139691 ], [ -115.7760977, 60.813827899999978 ], [ -115.7762255, 60.81372540000001 ], [ -115.7764091, 60.8136174 ], [ -115.7769575, 60.8134034 ] ] ] } },
{ "type": "Feature", "properties": { "osm_id": 119937462, "name": "Riverview Drive", "highway": "residential", "flooded_m": 145.17090306537898 }, "geometry": { "type": "MultiLineString", "coordinates": [ [ [ -115.7788714, 60.812534 ], [ -115.779730700000016, 60.812178399999986 ], [ -115.780496700000015, 60.8119153 ], [ -115.780587270265144, 60.811884182005869 ] ], [ [ -115.780910417087895, 60.811790176926067 ], [ -115.781144919754908, 60.811721978337161 ] ], [ [ -115.78120982808494, 60.811703101427739 ], [ -115.781330801309721, 60.811667919349745 ] ], [ [ -115.781509237460355, 60.811616025256399 ], [ -115.781516682239555, 60.811613860102966 ] ], [ [ -115.781702562544368, 60.811559800596775 ], [ -115.7817648, 60.8115417 ] ] ] } },
{ "type": "Feature", "properties": { "osm_id": 119937465, "name": "Riverview Drive", "highway": "tertiary", "flooded_m": 51.791598195571638 }, "geometry": { "type": "MultiLineString", "coordinates": [ [ [ -115.77940828372482, 60.823534363650857 ], [ -115.779225775654041, 60.823497991581512 ] ], [ [ -115.777286040209717, 60.822981267706425 ], [ -115.7766776, 60.8227629 ] ] ] } },
{ "type": "Feature", "properties": { "osm_id": 119937467, "name": "Riverview Drive", "highway": "residential", "flooded_m": 98.082843152590868 }, "geometry": { "type": "LineString", "coordinates": [ [ -115.7736598, 60.818687 ], [ -115.7739559, 60.817818399999986 ] ] } },
{ "type": "Feature", "properties": { "osm_id": 119937469, "name": "Riverview Drive", "highway": "residential", "flooded_m": 140.51672409104037 }, "geometry": { "type": "LineString", "coordinates": [ [ -115.7739559, 60.817818399999986 ], [ -115.774315900000019, 60.8165692 ] ] } },
{ "type": "Feature", "properties": { "osm_id": 119937471, "name": "Riverview Drive", "highway": "residential", "flooded_m": 13.019990232920163 }, "geometry": { "type": "LineString", "coordinates": [ [ -115.7766776, 60.8227629 ], [ -115.7764952, 60.822687199999983 ] ] } },
{ "type": "Feature", "properties": { "osm_id": 119937474, "name": "Riverview Drive", "highway": "residential", "flooded_m": 79.729583844477631 }, "geometry": { "type": "LineString", "coordinates": [ [ -115.7764952, 60.822687199999983 ], [ -115.7753526, 60.822238799999987 ] ] } },
{ "type": "Feature", "properties": { "osm_id": 119937475, "name": "Riverview Drive", "highway": "residential", "flooded_m": 142.22542569861952 }, "geometry": { "type": "LineString", "coordinates": [ [ -115.7769575, 60.8134034 ], [ -115.7784536, 60.8127103 ], [ -115.7788714, 60.812534 ] ] } },
{ "type": "Feature", "properties": { "osm_id": 119937480, "name": "Riverview Drive", "highway": "residential", "flooded_m": 352.42513248212958 }, "geometry": { "type": "MultiLineString", "coordinates": [ [ [ -115.7753526, 60.822238799999987 ], [ -115.775097700000018, 60.8221242 ], [ -115.7748876, 60.8220058 ], [ -115.774739899999986, 60.821888099999988 ], [ -115.774643871234545, 60.821789900320333 ] ], [ [ -115.774515172654745, 60.821651313266884 ], [ -115.774133899999981, 60.8211731 ], [ -115.7740977, 60.8211277 ], [ -115.773989440137015, 60.820974000847066 ] ], [ [ -115.773927061036048, 60.820885439020266 ], [ -115.7736915, 60.820551 ], [ -115.773623499999985, 60.8204193 ], [ -115.773592, 60.820314899999985 ], [ -115.7735695, 60.8201286 ], [ -115.773562060737902, 60.819984185253098 ] ], [ [ -115.773557433106916, 60.819894350740206 ], [ -115.773552805498881, 60.819804516226093 ] ], [ [ -115.773548177913796, 60.819714681710671 ], [ -115.7735351, 60.8194608 ], [ -115.7735558, 60.819199500000011 ], [ -115.773558683752313, 60.819176023934801 ] ], [ [ -115.77358427675864, 60.818996672980241 ], [ -115.7736598, 60.818687 ] ] ] } },
{ "type": "Feature", "properties": { "osm_id": 119937491, "name": "Service Road", "highway": "residential", "flooded_m": 62.613311073162762 }, "geometry": { "type": "MultiLineString", "coordinates": [ [ [ -115.800314002576727, 60.801818364337812 ], [ -115.800450400000017, 60.801754699999982 ], [ -115.8007103, 60.8016334 ], [ -115.801013105838663, 60.801492079538754 ] ], [ [ -115.801069116613206, 60.801465938917232 ], [ -115.8010692, 60.801465899999982 ], [ -115.801200199728086, 60.801403085178904 ] ] ] } },
{ "type": "Feature", "properties": { "osm_id": 119937493, "name": "Service Road", "highway": "residential", "flooded_m": 86.205291390950919 }, "geometry": { "type": "LineString", "coordinates": [ [ -115.785420548075379, 60.816320636486466 ], [ -115.784803887680127, 60.817033555797572 ] ] } },
{ "type": "Feature", "properties": { "osm_id": 119937506, "name": "Stewart Drive", "highway": "residential", "flooded_m": 59.866134893948704 }, "geometry": { "type": "MultiLineString", "coordinates": [ [ [ -115.798250698736851, 60.801530542426974 ], [ -115.798540147515141, 60.801173963682807 ] ], [ [ -115.798612508697815, 60.801084818893592 ], [ -115.7987286, 60.800941799999983 ] ] ] } },
{ "type": "Feature", "properties": { "osm_id": 119937510, "name": "Stewart Drive", "highway": "residential", "flooded_m": 4.4239680876885314 }, "geometry": { "type": "LineString", "coordinates": [ [ -115.7987286, 60.800941799999983 ], [ -115.798766287832649, 60.80090661020521 ] ] } },
{ "type": "Feature", "properties": { "osm_id": 119937520, "name": "Willow Road", "highway": "residential", "flooded_m": 38.682096134435938 }, "geometry": { "type": "MultiLineString", "coordinates": [ [ [ -115.803682924359649, 60.803815522553776 ], [ -115.803318035956011, 60.803743938093064 ] ], [ [ -115.803247854001057, 60.803730169521316 ], [ -115.802953149191268, 60.803672352644902 ] ] ] } },
{ "type": "Feature", "properties": { "osm_id": 119937521, "name": "Willow Road", "highway": "residential", "flooded_m": 14.30357295332394 }, "geometry": { "type": "LineString", "coordinates": [ [ -115.8005125, 60.8032959 ], [ -115.800748900000016, 60.8032599 ], [ -115.800763126000973, 60.803262524893995 ] ] } },
{ "type": "Feature", "properties": { "osm_id": 119937522, "name": "Woodland Drive", "highway": "residential", "flooded_m": 91.765333069398551 }, "geometry": { "type": "MultiLineString", "coordinates": [ [ [ -115.790102842695163, 60.808164732481309 ], [ -115.79022573130031, 60.80801332717899 ] ], [ [ -115.790295610385911, 60.807927231731412 ], [ -115.7907943, 60.8073128 ] ] ] } },
{ "type": "Feature", "properties": { "osm_id": 119937523, "name": "Woodland Drive", "highway": "residential", "flooded_m": 76.866742980452727 }, "geometry": { "type": "MultiLineString", "coordinates": [ [ [ -115.785182, 60.812879399999986 ], [ -115.786112137846402, 60.812376033386691 ] ], [ [ -115.786270529344506, 60.812290313763071 ], [ -115.786287, 60.812281399999989 ] ] ] } },
{ "type": "Feature", "properties": { "osm_id": 119937525, "name": "Woodland Drive", "highway": "residential", "flooded_m": 68.061455514476521 }, "geometry": { "type": "MultiLineString", "coordinates": [ [ [ -115.7753526, 60.822238799999987 ], [ -115.775980643679006, 60.821802084281543 ] ], [ [ -115.777833467735178, 60.820561859234239 ], [ -115.777867922480084, 60.82052795404168 ] ], [ [ -115.78037659681155, 60.817420647163971 ], [ -115.780408, 60.8173842 ] ] ] } },
{ "type": "Feature", "properties": { "osm_id": 119937526, "name": "Woodland Drive", "highway": "residential", "flooded_m": 33.655023590020768 }, "geometry": { "type": "MultiLineString", "coordinates": [ [ [ -115.7907943, 60.8073128 ], [ -115.790952815847305, 60.807121952141856 ] ], [ [ -115.791026841961354, 60.807032826288555 ], [ -115.79110086766137, 60.806943700392139 ] ] ] } },
{ "type": "Feature", "properties": { "osm_id": 119937530, "name": "Woodland Drive", "highway": "residential", "flooded_m": 58.194723893422854 }, "geometry": { "type": "MultiLineString", "coordinates": [ [ [ -115.788949210881015, 60.809509405413209 ], [ -115.789010024436635, 60.809439047221765 ] ], [ [ -115.78916404534489, 60.809260851343772 ], [ -115.78939507347873, 60.808993557177914 ] ], [ [ -115.789525842967649, 60.808842260476432 ], [ -115.789549094120375, 60.808815360871144 ] ], [ [ -115.789626107421071, 60.808726262680644 ], [ -115.789703120291264, 60.808637164443631 ] ], [ [ -115.78991024972548, 60.808397528192586 ], [ -115.789934156319063, 60.808369869453486 ] ] ] } },
{ "type": "Feature", "properties": { "osm_id": 119937532, "name": "Woodland Drive", "highway": "residential", "flooded_m": 58.745410061066821 }, "geometry": { "type": "MultiLineString", "coordinates": [ [ [ -115.780408, 60.8173842 ], [ -115.780700149102259, 60.817175801674821 ] ], [ [ -115.780755122445001, 60.817136587237762 ], [ -115.781073032130763, 60.816909808632836 ] ] ] } },
{ "type": "Feature", "properties": { "osm_id": 119937533, "name": "Woodland Drive", "highway": "residential", "flooded_m": 37.105601236028619 }, "geometry": { "type": "MultiLineString", "coordinates": [ [ [ -115.788585628367429, 60.809973973513785 ], [ -115.788756263452683, 60.809751141999733 ] ], [ [ -115.788790490712074, 60.809706444387679 ], [ -115.788858777395404, 60.809617267938393 ] ] ] } },
{ "type": "Feature", "properties": { "osm_id": 119937536, "name": "Woodland Drive", "highway": "residential", "flooded_m": 50.127752260236775 }, "geometry": { "type": "MultiLineString", "coordinates": [ [ [ -115.783758185497931, 60.814419962768447 ], [ -115.783899735188285, 60.814241659820311 ] ], [ [ -115.783995103284923, 60.814121528262874 ], [ -115.7840915, 60.8140001 ], [ -115.784111383377081, 60.813974199007063 ] ], [ [ -115.784381728588102, 60.813622030525266 ], [ -115.784395800000013, 60.8136037 ], [ -115.784458553938023, 60.813528379814741 ] ] ] } },
{ "type": "Feature", "properties": { "osm_id": 119937541, "name": "Woodland Drive", "highway": "residential", "flooded_m": 40.493929517614852 }, "geometry": { "type": "MultiLineString", "coordinates": [ [ [ -115.784574218053905, 60.81339386846097 ], [ -115.784618978566826, 60.813350246914254 ] ], [ [ -115.784765107385084, 60.813207835519542 ], [ -115.7848224, 60.813152 ], [ -115.78489289865631, 60.813083348261486 ] ], [ [ -115.784955990443194, 60.813021909064759 ], [ -115.7849751, 60.813003299999984 ], [ -115.785137619082562, 60.812905977177671 ] ], [ [ -115.785144371485799, 60.812901933555729 ], [ -115.785182, 60.812879399999986 ] ] ] } },
{ "type": "Feature", "properties": { "osm_id": 119937542, "name": "Woodland Drive", "highway": "residential", "flooded_m": 26.910810818449107 }, "geometry": { "type": "MultiLineString", "coordinates": [ [ [ -115.793104823996742, 60.804178165055788 ], [ -115.793011550104822, 60.80413749081201 ] ], [ [ -115.792684339890869, 60.803994801884194 ], [ -115.792408699999982, 60.8038746 ] ] ] } },
{ "type": "Feature", "properties": { "osm_id": 119937543, "name": "Woodland Drive", "highway": "residential", "flooded_m": 95.707909245891372 }, "geometry": { "type": "MultiLineString", "coordinates": [ [ [ -115.786287, 60.812281399999989 ], [ -115.786404, 60.8122211 ], [ -115.786441863114547, 60.812199428055678 ] ], [ [ -115.786458152712541, 60.812190104265675 ], [ -115.786596301241659, 60.812111030936094 ] ], [ [ -115.78664605278351, 60.812082554062648 ], [ -115.78675073851619, 60.812022633635422 ] ], [ [ -115.786833951592385, 60.811975003591577 ], [ -115.786905174938113, 60.811934236153661 ] ], [ [ -115.787021849139194, 60.811867452852461 ], [ -115.787059610507441, 60.811845838490839 ] ], [ [ -115.787148947972099, 60.81175685294513 ], [ -115.7873338, 60.811555 ], [ -115.78745809533298, 60.811400475117132 ] ], [ [ -115.787888319392749, 60.810865604848928 ], [ -115.78796002199816, 60.810776459662272 ] ] ] } },
{ "type": "Feature", "properties": { "osm_id": 119937550, "name": "Whitlock Rd", "highway": "unclassified", "flooded_m": 187.56748048815132 }, "geometry": { "type": "MultiLineString", "coordinates": [ [ [ -115.772310800000014, 60.8393592 ], [ -115.772274341807687, 60.839367533697825 ] ], [ [ -115.772180416609913, 60.839389003270803 ], [ -115.771994803914836, 60.839431430641071 ] ], [ [ -115.77189661211402, 60.839453875184105 ], [ -115.77000793323586, 60.839885566590574 ] ], [ [ -115.76963019137834, 60.839971901666829 ], [ -115.76897169999998, 60.8401224 ], [ -115.768839404246734, 60.840150288914465 ] ], [ [ -115.766787244147281, 60.840884230232241 ], [ -115.76660017728355, 60.840963985593362 ] ] ] } },
{ "type": "Feature", "properties": { "osm_id": 119937555, "name": null, "highway": "tertiary", "flooded_m": 99.04546519168936 }, "geometry": { "type": "MultiLineString", "coordinates": [ [ [ -115.810682347175785, 60.85292390902427 ], [ -115.810497765342149, 60.852937898112963 ] ], [ [ -115.810313183349962, 60.852951886947778 ], [ -115.8097654, 60.852993399999988 ], [ -115.809575617461405, 60.852987312509455 ] ], [ [ -115.809027271637049, 60.852884118766703 ], [ -115.8087105, 60.852797 ], [ -115.808662628352039, 60.852790648005708 ] ], [ [ -115.807195551292011, 60.852645462276229 ], [ -115.807142200000015, 60.8526381 ], [ -115.806754, 60.8525565 ] ] ] } },
{ "type": "Feature", "properties": { "osm_id": 119937564, "name": null, "highway": "residential", "flooded_m": 53.320348655858467 }, "geometry": { "type": "MultiLineString", "coordinates": [ [ [ -115.827031551596434, 60.783483461719563 ], [ -115.8268907, 60.7834626 ], [ -115.826848999775379, 60.783453072566978 ] ], [ [ -115.825395553090189, 60.783019928275472 ], [ -115.8251708, 60.782958899999983 ], [ -115.8248553, 60.7828847 ], [ -115.8247609, 60.782845200000011 ], [ -115.8247076, 60.7828507 ] ] ] } },
{ "type": "Feature", "properties": { "osm_id": 119937565, "name": null, "highway": "residential", "flooded_m": 43.357261239293237 }, "geometry": { "type": "LineString", "coordinates": [ [ -115.757710915037677, 60.842446100560927 ], [ -115.7577019, 60.8424432 ], [ -115.7576034, 60.8424177 ], [ -115.7575639, 60.842395199999984 ], [ -115.75751870000002, 60.8423218 ], [ -115.7575243, 60.84227090000001 ], [ -115.757614700000019, 60.8421185 ], [ -115.757627339227099, 60.842106308522965 ] ] } },
{ "type": "Feature", "properties": { "osm_id": 119937566, "name": null, "highway": "track", "flooded_m": 97.534775413573826 }, "geometry": { "type": "MultiLineString", "coordinates": [ [ [ -115.828282342454116, 60.754253477834304 ], [ -115.8279978, 60.754205600000013 ], [ -115.82799154667569, 60.754203662281469 ] ], [ [ -115.827736556133473, 60.754124647878072 ], [ -115.8267557, 60.7538207 ], [ -115.826647736856117, 60.753791948718856 ] ], [ [ -115.826457521115188, 60.753741292704866 ], [ -115.826284286616044, 60.753695158562053 ] ] ] } },
{ "type": "Feature", "properties": { "osm_id": 119937573, "name": null, "highway": "residential", "flooded_m": 131.62227762674061 }, "geometry": { "type": "MultiLineString", "coordinates": [ [ [ -115.806754, 60.8525565 ], [ -115.806839100000019, 60.852789 ], [ -115.8068589, 60.8529239 ], [ -115.806859131395726, 60.853057877731842 ] ], [ [ -115.80695060230164, 60.853328063171489 ], [ -115.806952528456819, 60.853507662785361 ] ], [ [ -115.806953491538124, 60.853597462590528 ], [ -115.8069537, 60.8536169 ], [ -115.806922044629886, 60.853776766082113 ] ], [ [ -115.806397307157894, 60.854580230414165 ], [ -115.806386817493248, 60.854588853958127 ] ], [ [ -115.806289251698772, 60.854669062446852 ], [ -115.806196921300739, 60.854744966496241 ] ], [ [ -115.806178898951927, 60.854757873999176 ], [ -115.806009797017865, 60.854826748670597 ] ], [ [ -115.805963145593793, 60.854845749554862 ], [ -115.8057887, 60.8549168 ] ] ] } },
{ "type": "Feature", "properties": { "osm_id": 119937579, "name": null, "highway": "unclassified", "flooded_m": 73.114051812362376 }, "geometry": { "type": "MultiLineString", "coordinates": [ [ [ -115.776315130084726, 60.839135003970917 ], [ -115.776267200000021, 60.8390266 ], [ -115.776219800000021, 60.8389451 ], [ -115.775935700000019, 60.8387991 ], [ -115.775625800000014, 60.8387083 ], [ -115.77551840139752, 60.838702663421714 ] ], [ [ -115.772366073661232, 60.839345406085194 ], [ -115.772310800000014, 60.8393592 ] ] ] } },
{ "type": "Feature", "properties": { "osm_id": 119937580, "name": "Miron Drive", "highway": "residential", "flooded_m": 780.02800301344985 }, "geometry": { "type": "MultiLineString", "coordinates": [ [ [ -115.816048134955807, 60.794415469751563 ], [ -115.8162087, 60.7943615 ], [ -115.8162725, 60.794337 ], [ -115.8165364, 60.794235400000019 ], [ -115.816942659074513, 60.794064185850786 ] ], [ [ -115.817653280567242, 60.793763606978992 ], [ -115.8180736, 60.793573799999983 ], [ -115.818334300000018, 60.793442500000012 ], [ -115.8185622, 60.7933077 ], [ -115.819555, 60.792784099999984 ], [ -115.819735100000017, 60.7926683 ], [ -115.8199065, 60.792541100000015 ], [ -115.820072700000011, 60.7924047 ], [ -115.8202891, 60.7921932 ], [ -115.820504799999981, 60.7919493 ], [ -115.821374100000014, 60.7909923 ], [ -115.8217792, 60.7903867 ], [ -115.8220422, 60.790044500000022 ], [ -115.8223041, 60.7897037 ], [ -115.822785768730512, 60.789076936070913 ] ], [ [ -115.82284715483982, 60.788997941544373 ], [ -115.823363435457566, 60.788352137787193 ] ], [ [ -115.823555956888057, 60.788111309846812 ], [ -115.823631266041488, 60.788017103429723 ] ], [ [ -115.823773826532658, 60.787838768705832 ], [ -115.823775800000021, 60.7878363 ], [ -115.823916132426149, 60.787660431605474 ] ], [ [ -115.823941005440176, 60.787629259852537 ], [ -115.823987283000321, 60.787571262979796 ] ] ] } },
{ "type": "Feature", "properties": { "osm_id": 119937582, "name": null, "highway": "unclassified", "flooded_m": 108.13678340846283 }, "geometry": { "type": "MultiLineString", "coordinates": [ [ [ -115.759797731724674, 60.840825638510438 ], [ -115.7595734, 60.8407467 ], [ -115.7594285, 60.840703900000022 ], [ -115.759233, 60.8406541 ], [ -115.759069702427269, 60.840620617966906 ] ], [ [ -115.758912903506683, 60.840591715267109 ], [ -115.75875880000001, 60.8405677 ], [ -115.7585276, 60.8405389 ], [ -115.758520917587106, 60.840538255580825 ] ], [ [ -115.758154304087796, 60.840502900622248 ], [ -115.75805889999998, 60.8404937 ], [ -115.757825700000012, 60.840489500000011 ], [ -115.7577358, 60.8404879 ], [ -115.7575275, 60.840475499999989 ], [ -115.757419439693166, 60.840474438069727 ] ] ] } },
{ "type": "Feature", "properties": { "osm_id": 119937585, "name": null, "highway": "residential", "flooded_m": 102.10751724265633 }, "geometry": { "type": "LineString", "coordinates": [ [ -115.755852100000013, 60.8364778 ], [ -115.75557019999998, 60.836657699999989 ], [ -115.755472, 60.8367082 ], [ -115.7553657, 60.8367509 ], [ -115.755245, 60.8367833 ], [ -115.754984400000012, 60.83679320000001 ], [ -115.7548469, 60.8367929 ], [ -115.75465410000001, 60.836788899999981 ], [ -115.7545348, 60.836786499999988 ], [ -115.75425166187938, 60.836771612707878 ] ] } },
{ "type": "Feature", "properties": { "osm_id": 119937586, "name": "Miron Drive", "highway": "residential", "flooded_m": 190.43782208279549 }, "geometry": { "type": "MultiLineString", "coordinates": [ [ [ -115.840370809095774, 60.774424597768473 ], [ -115.840242206227046, 60.774513278430035 ] ], [ [ -115.839984988720033, 60.774690639291066 ], [ -115.839834735720459, 60.774794242383223 ] ], [ [ -115.839458556595019, 60.775041914605048 ], [ -115.839316928240066, 60.775133823031766 ] ], [ [ -115.839270530591492, 60.775163932213943 ], [ -115.838907281805589, 60.77539965551442 ] ], [ [ -115.838894474289631, 60.775407966623469 ], [ -115.838770731484033, 60.775488266057785 ] ], [ [ -115.838706443991256, 60.7755299834241 ], [ -115.838634180407468, 60.775576876459041 ] ], [ [ -115.838087968550724, 60.775931316643074 ], [ -115.83795430848113, 60.776018047932119 ] ], [ [ -115.836449968737853, 60.776994164014077 ], [ -115.836261919826839, 60.77711617731169 ] ], [ [ -115.836176131911785, 60.777171839381175 ], [ -115.8353846, 60.77768540000001 ] ] ] } },
{ "type": "Feature", "properties": { "osm_id": 119937589, "name": "Miron Drive", "highway": "residential", "flooded_m": 16.968624726106878 }, "geometry": { "type": "LineString", "coordinates": [ [ -115.828171962159132, 60.782430952626051 ], [ -115.827989100000011, 60.7825543 ] ] } },
{ "type": "Feature", "properties": { "osm_id": 119937598, "name": null, "highway": "service", "flooded_m": 56.495564614536605 }, "geometry": { "type": "MultiLineString", "coordinates": [ [ [ -115.788985699999984, 60.8063814 ], [ -115.789431503571336, 60.806473022372487 ] ], [ [ -115.789978646835777, 60.806585469531797 ], [ -115.790343411156343, 60.806660433071521 ] ], [ [ -115.790379398937603, 60.8066678289292 ], [ -115.790525793959873, 60.806697914471457 ] ] ] } },
{ "type": "Feature", "properties": { "osm_id": 119937599, "name": "Winter Road", "highway": "unclassified", "flooded_m": 70.538609980119688 }, "geometry": { "type": "MultiLineString", "coordinates": [ [ [ -115.7699768, 60.82277280000001 ], [ -115.770242493373033, 60.822780970465814 ] ], [ [ -115.774099818867896, 60.822895013667726 ], [ -115.774653203225739, 60.822850232451046 ] ], [ [ -115.774837664340481, 60.82283530487134 ], [ -115.7753011, 60.8227978 ] ] ] } },
{ "type": "Feature", "properties": { "osm_id": 119937601, "name": null, "highway": "residential", "flooded_m": 14.749404929766483 }, "geometry": { "type": "LineString", "coordinates": [ [ -115.8353846, 60.77768540000001 ], [ -115.8355956, 60.7777684 ] ] } },
{ "type": "Feature", "properties": { "osm_id": 119937602, "name": null, "highway": "residential", "flooded_m": 16.373683528406669 }, "geometry": { "type": "LineString", "coordinates": [ [ -115.784573356046067, 60.813416599344237 ], [ -115.784846800000011, 60.813478 ] ] } },
{ "type": "Feature", "properties": { "osm_id": 119937603, "name": null, "highway": "unclassified", "flooded_m": 5.6757035831640819 }, "geometry": { "type": "LineString", "coordinates": [ [ -115.76987462907681, 60.822783163819679 ], [ -115.7699768, 60.82277280000001 ] ] } },
{ "type": "Feature", "properties": { "osm_id": 119937604, "name": null, "highway": "tertiary", "flooded_m": 192.49888260229898 }, "geometry": { "type": "MultiLineString", "coordinates": [ [ [ -115.7829696, 60.826027600000025 ], [ -115.78292600929943, 60.825995608004426 ] ], [ [ -115.78281193840408, 60.825911888963937 ], [ -115.781559547497992, 60.824992697784147 ] ], [ [ -115.781315697684519, 60.824813716964144 ], [ -115.781022830484829, 60.824598755158576 ] ], [ [ -115.780944104143927, 60.82454097015637 ], [ -115.780572516914987, 60.824268222328087 ] ] ] } },
{ "type": "Feature", "properties": { "osm_id": 119937606, "name": "Miron Drive", "highway": "residential", "flooded_m": 264.31277628844862 }, "geometry": { "type": "MultiLineString", "coordinates": [ [ [ -115.8353846, 60.77768540000001 ], [ -115.834004508253528, 60.778599941517228 ] ], [ [ -115.833886066463918, 60.778678425895905 ], [ -115.833816343390055, 60.778724627029234 ] ], [ [ -115.833628177062209, 60.778849312271248 ], [ -115.833063669292187, 60.779223366377195 ] ], [ [ -115.832875497106613, 60.779348050539184 ], [ -115.832548499619108, 60.779564718333937 ] ], [ [ -115.831743035855879, 60.780096462114756 ], [ -115.83119323569835, 60.780450843698915 ] ] ] } },
{ "type": "Feature", "properties": { "osm_id": 119937608, "name": null, "highway": "residential", "flooded_m": 14.084777988012913 }, "geometry": { "type": "MultiLineString", "coordinates": [ [ [ -115.771849900000021, 60.8388831 ], [ -115.77187726364339, 60.838914946078802 ] ], [ [ -115.772225334138838, 60.839277294025294 ], [ -115.772310800000014, 60.8393592 ] ] ] } },
{ "type": "Feature", "properties": { "osm_id": 119937612, "name": "Wolf Dr", "highway": "residential", "flooded_m": 199.06398759303306 }, "geometry": { "type": "MultiLineString", "coordinates": [ [ [ -115.7624816, 60.8373602 ], [ -115.762323626569881, 60.837360200018402 ] ], [ [ -115.761406742140537, 60.837283011580695 ], [ -115.761223425772414, 60.837266022872932 ] ], [ [ -115.760673477852578, 60.837215055252713 ], [ -115.7601129, 60.837163099999984 ], [ -115.759757090698201, 60.837125230986985 ] ], [ [ -115.75947291959163, 60.83709498573316 ], [ -115.75945990000001, 60.837093599999989 ], [ -115.759207956581889, 60.837053381343402 ] ], [ [ -115.758891006330231, 60.836999821493634 ], [ -115.75787963887943, 60.836810894383603 ] ], [ [ -115.757373959658906, 60.836716427985905 ], [ -115.757198609850207, 60.836683670154237 ] ], [ [ -115.756650673661383, 60.836581305998216 ], [ -115.7561871, 60.8364947 ], [ -115.755852100000013, 60.8364778 ] ] ] } },
{ "type": "Feature", "properties": { "osm_id": 119937613, "name": null, "highway": "residential", "flooded_m": 258.66704469057049 }, "geometry": { "type": "MultiLineString", "coordinates": [ [ [ -115.812798241287737, 60.751194054182733 ], [ -115.812433509477273, 60.751133836227929 ] ], [ [ -115.812240696072763, 60.751102001856239 ], [ -115.8121462, 60.7510864 ], [ -115.812068621151553, 60.751077888175068 ] ], [ [ -115.810466678353976, 60.750996492170948 ], [ -115.810420159691688, 60.751001144059863 ] ], [ [ -115.810050961323867, 60.751061714226338 ], [ -115.809866123069384, 60.751098439671559 ] ], [ [ -115.809681284394856, 60.751135164860791 ], [ -115.8093605, 60.7511989 ], [ -115.8090166, 60.7512323 ], [ -115.808760673100309, 60.751221994172774 ] ], [ [ -115.808577467677253, 60.751214616436485 ], [ -115.808174800000018, 60.7511984 ], [ -115.8064139, 60.7511595 ], [ -115.8060718, 60.7511909 ], [ -115.80563953455858, 60.751275668287249 ] ] ] } },
{ "type": "Feature", "properties": { "osm_id": 119937615, "name": null, "highway": "residential", "flooded_m": 206.16406304011483 }, "geometry": { "type": "MultiLineString", "coordinates": [ [ [ -115.7618296, 60.840949 ], [ -115.761986400000012, 60.8413288 ], [ -115.762028951098529, 60.84142857880606 ] ], [ [ -115.761760752428032, 60.841695485189284 ], [ -115.7616626, 60.8416853 ], [ -115.761604402971429, 60.841685681901623 ] ], [ [ -115.761420357309746, 60.841686889483576 ], [ -115.7611291, 60.841688799999986 ], [ -115.7610049, 60.8416724 ], [ -115.7608822, 60.841663899999986 ], [ -115.760718200000014, 60.841654399999989 ], [ -115.760594800000021, 60.8416528 ], [ -115.7605413, 60.8416958 ], [ -115.7604625, 60.8417706 ], [ -115.760309587131928, 60.841861877589615 ] ], [ [ -115.760161752211673, 60.84195012335838 ], [ -115.7600921, 60.841991699999987 ], [ -115.760007, 60.8420327 ], [ -115.759892599999986, 60.842072099999989 ], [ -115.759682, 60.8421118 ], [ -115.759467, 60.8421388 ], [ -115.759254, 60.842137800000017 ], [ -115.759195127003693, 60.842131745690899 ] ], [ [ -115.75901213931111, 60.842105591238024 ], [ -115.75882919818558, 60.842078243255649 ] ] ] } },
{ "type": "Feature", "properties": { "osm_id": 119937626, "name": null, "highway": "residential", "flooded_m": 98.199607343404324 }, "geometry": { "type": "MultiLineString", "coordinates": [ [ [ -115.8220232, 60.787569299999987 ], [ -115.8222216, 60.787246 ], [ -115.8223611, 60.7871452 ], [ -115.8226178, 60.7871152 ], [ -115.823039218460778, 60.78717547287232 ] ], [ [ -115.82325012657806, 60.787205637173102 ], [ -115.8234046698811, 60.78722773987284 ] ] ] } },
{ "type": "Feature", "properties": { "osm_id": 119937635, "name": "Miron Drive", "highway": "residential", "flooded_m": 234.45686964343147 }, "geometry": { "type": "MultiLineString", "coordinates": [ [ [ -115.827141344081753, 60.783558220255976 ], [ -115.82686870000002, 60.7838664 ], [ -115.826827735814476, 60.783914647553289 ] ], [ [ -115.826525029681747, 60.784271169429779 ], [ -115.8260907, 60.7847827 ], [ -115.8256720144486, 60.785341213064683 ] ], [ [ -115.825485129563006, 60.785590504727352 ], [ -115.825337636715375, 60.785787247155504 ] ], [ [ -115.825292024571652, 60.785848089198943 ], [ -115.825203883002018, 60.78596566054334 ] ], [ [ -115.825003249624672, 60.7862332803589 ], [ -115.824905805226479, 60.786363257254223 ] ], [ [ -115.824869492168233, 60.786411693391749 ], [ -115.824802612878514, 60.78650089985495 ] ] ] } },
{ "type": "Feature", "properties": { "osm_id": 119937637, "name": null, "highway": "residential", "flooded_m": 20.003963624635144 }, "geometry": { "type": "LineString", "coordinates": [ [ -115.854506138047427, 60.754702622837875 ], [ -115.854139127698048, 60.754703064553716 ] ] } },
{ "type": "Feature", "properties": { "osm_id": 119937640, "name": "Fox Rd", "highway": "residential", "flooded_m": 12.834953770166141 }, "geometry": { "type": "LineString", "coordinates": [ [ -115.766559927618289, 60.83245713498043 ], [ -115.7666141, 60.8324825 ], [ -115.766741035239306, 60.832530834662926 ] ] } },
{ "type": "Feature", "properties": { "osm_id": 119937641, "name": null, "highway": "residential", "flooded_m": 12.790631389723092 }, "geometry": { "type": "LineString", "coordinates": [ [ -115.8393594, 60.75 ], [ -115.839325299999985, 60.7500394 ], [ -115.8393745, 60.75010730000001 ] ] } },
{ "type": "Feature", "properties": { "osm_id": 119937643, "name": "Miron Drive", "highway": "residential", "flooded_m": 0.69458829834155433 }, "geometry": { "type": "LineString", "coordinates": [ [ -115.827989100000011, 60.7825543 ], [ -115.827983595225703, 60.782559925160065 ] ] } },
{ "type": "Feature", "properties": { "osm_id": 119937645, "name": null, "highway": "residential", "flooded_m": 52.039650148564988 }, "geometry": { "type": "MultiLineString", "coordinates": [ [ [ -115.8268609, 60.782074 ], [ -115.827391398109327, 60.782303318916398 ] ], [ [ -115.827441211933461, 60.782324851709582 ], [ -115.827603406071177, 60.782394962297595 ] ], [ [ -115.827802889149112, 60.782479124508086 ], [ -115.827821551949143, 60.782486658925556 ] ], [ [ -115.827983877661296, 60.782552191689255 ], [ -115.827989100000011, 60.7825543 ] ] ] } },
{ "type": "Feature", "properties": { "osm_id": 119937647, "name": null, "highway": "track", "flooded_m": 117.34421215154089 }, "geometry": { "type": "MultiLineString", "coordinates": [ [ [ -115.8393745, 60.75010730000001 ], [ -115.839440769873789, 60.750136746981262 ] ], [ [ -115.839637281930507, 60.750982577862274 ], [ -115.839592773442035, 60.751008165586512 ] ], [ [ -115.839405406217352, 60.751115881525443 ], [ -115.839329533397148, 60.751159499929535 ] ], [ [ -115.839218037735407, 60.751223597197587 ], [ -115.839175657858561, 60.751247960693306 ] ], [ [ -115.838842792554814, 60.751452987156746 ], [ -115.8386949, 60.7515474 ], [ -115.838526299999984, 60.7516665 ], [ -115.83827693015904, 60.751879620015487 ] ], [ [ -115.83714111723549, 60.753026183226176 ], [ -115.837133931081922, 60.753043145483964 ] ], [ [ -115.837107035192361, 60.753115679879762 ], [ -115.8370705, 60.7532813 ], [ -115.837048300000021, 60.7534597 ], [ -115.837044390210565, 60.753474305088353 ] ] ] } },
{ "type": "Feature", "properties": { "osm_id": 119937651, "name": null, "highway": "tertiary", "flooded_m": 1030.5862098187647 }, "geometry": { "type": "MultiLineString", "coordinates": [ [ [ -115.806754, 60.8525565 ], [ -115.806494644793801, 60.851977147552638 ] ], [ [ -115.805954897260818, 60.850176529205676 ], [ -115.8059709, 60.8499664 ], [ -115.806143400000011, 60.8481358 ], [ -115.806144522217295, 60.848113012507369 ] ], [ [ -115.804524901482068, 60.845302658631084 ], [ -115.804466663695933, 60.845224778335023 ] ], [ [ -115.804399069810614, 60.845134385799781 ], [ -115.804331476304469, 60.845043993230419 ] ], [ [ -115.803465292957597, 60.843868997961522 ], [ -115.80329892563995, 60.843640253553907 ] ], [ [ -115.803136637959227, 60.843417115058649 ], [ -115.803123914181015, 60.843399620278653 ] ], [ [ -115.80227548284266, 60.842242156078534 ], [ -115.80224854273996, 60.842205894146026 ] ], [ [ -115.802141176707181, 60.842061376392657 ], [ -115.802006872078181, 60.841880596571997 ] ], [ [ -115.801939720328591, 60.841790206611144 ], [ -115.8017869, 60.841584499999989 ], [ -115.801474773425255, 60.841157521456175 ] ], [ [ -115.801373006150968, 60.841018304682059 ], [ -115.801342637399074, 60.840976760237311 ] ], [ [ -115.801276569941592, 60.840886379578933 ], [ -115.801210502854545, 60.840795998887927 ] ], [ [ -115.80119797849828, 60.840778865334087 ], [ -115.801144436137932, 60.840705618164257 ] ], [ [ -115.800946238210486, 60.840434475797565 ], [ -115.800880172975482, 60.840344094943404 ] ], [ [ -115.800021358625358, 60.839169140870183 ], [ -115.799972857718359, 60.839102783486346 ] ], [ [ -115.799955298575583, 60.839078759559257 ], [ -115.7998837, 60.8389808 ], [ -115.799760100000015, 60.8388232 ], [ -115.799746465405619, 60.83880752028751 ] ], [ [ -115.799087171109818, 60.838190276016675 ], [ -115.798550391067764, 60.837786470538838 ] ], [ [ -115.798371467388023, 60.837651868239618 ], [ -115.798218491886999, 60.837536785384629 ] ], [ [ -115.798192545208749, 60.837517265703788 ], [ -115.7980485, 60.8374089 ], [ -115.7979943, 60.837367899999983 ], [ -115.797502441476837, 60.836991631552621 ] ], [ [ -115.797477119115911, 60.836972259830461 ], [ -115.79738367887235, 60.836900777372627 ] ], [ [ -115.797024486784039, 60.836628188177841 ], [ -115.796940508122859, 60.83656502969562 ] ], [ [ -115.789429259843814, 60.830866851715903 ], [ -115.789230234780874, 60.830721735427986 ] ], [ [ -115.788534265403882, 60.830214266659908 ], [ -115.787818296047661, 60.829692194352909 ] ], [ [ -115.786631688443535, 60.828812669436132 ], [ -115.786565960768172, 60.828763906954393 ] ], [ [ -115.786509165566756, 60.828721771210439 ], [ -115.7865088, 60.8287215 ], [ -115.786162465740389, 60.828449264326885 ] ], [ [ -115.786046907362646, 60.828358428564123 ], [ -115.785931349638417, 60.828267592702602 ] ], [ [ -115.785851459427064, 60.828204793460053 ], [ -115.785815792567703, 60.828176756742387 ] ], [ [ -115.785672861205086, 60.828064401822026 ], [ -115.785353570819922, 60.827813411914207 ] ], [ [ -115.785315669444273, 60.827783617838506 ], [ -115.78513707590534, 60.82764322549302 ] ], [ [ -115.785122463866955, 60.827631738907805 ], [ -115.785006911370715, 60.827540902256523 ] ], [ [ -115.784958375176998, 60.827505699873463 ], [ -115.7849575, 60.8275051 ], [ -115.784478190118293, 60.827176953015694 ] ], [ [ -115.784214293555934, 60.826994981778455 ], [ -115.784090867184887, 60.826904073064149 ] ], [ [ -115.784062425017879, 60.826883124122801 ], [ -115.783883514793985, 60.826751347893683 ] ], [ [ -115.783731046523499, 60.826631440865988 ], [ -115.783272899718426, 60.826268125396318 ] ], [ [ -115.783169341158768, 60.826186000962657 ], [ -115.7829696, 60.826027600000025 ] ] ] } },
{ "type": "Feature", "properties": { "osm_id": 119937657, "name": null, "highway": "residential", "flooded_m": 27.179632560229244 }, "geometry": { "type": "LineString", "coordinates": [ [ -115.784846800000011, 60.813478 ], [ -115.784768199999988, 60.813612 ], [ -115.784693727893483, 60.813710091777374 ] ] } },
{ "type": "Feature", "properties": { "osm_id": 119937661, "name": null, "highway": "track", "flooded_m": 10.002504185012628 }, "geometry": { "type": "LineString", "coordinates": [ [ -115.843128655108188, 60.75472036951173 ], [ -115.842945141943616, 60.754720796737232 ] ] } },
{ "type": "Feature", "properties": { "osm_id": 119937667, "name": null, "highway": "tertiary", "flooded_m": 76.93365173731101 }, "geometry": { "type": "LineString", "coordinates": [ [ -115.7766776, 60.8227629 ], [ -115.7763426, 60.8227493 ], [ -115.7760194, 60.822775300000011 ], [ -115.775886500000013, 60.822777199999976 ], [ -115.7757492, 60.822745499999989 ], [ -115.775585399999983, 60.822781599999985 ], [ -115.7753011, 60.8227978 ] ] } },
{ "type": "Feature", "properties": { "osm_id": 119937671, "name": null, "highway": "residential", "flooded_m": 62.086958507689324 }, "geometry": { "type": "MultiLineString", "coordinates": [ [ [ -115.7753526, 60.822238799999987 ], [ -115.7753241, 60.8222817 ], [ -115.7753419, 60.8223882 ], [ -115.7753945, 60.8225113 ], [ -115.775397187778267, 60.822515105724619 ] ], [ [ -115.775401348734491, 60.822520997374468 ], [ -115.775585399999983, 60.822781599999985 ] ] ] } },
{ "type": "Feature", "properties": { "osm_id": 119937672, "name": "Miron Drive", "highway": "residential", "flooded_m": 28.374023527506218 }, "geometry": { "type": "MultiLineString", "coordinates": [ [ [ -115.8434191, 60.772646099999989 ], [ -115.843401144037813, 60.772635702969083 ] ], [ [ -115.842844041129098, 60.772810559051457 ], [ -115.84269634782062, 60.772918209159187 ] ], [ [ -115.842004559262861, 60.773361201367777 ], [ -115.841866173365105, 60.773449799148594 ] ] ] } },
{ "type": "Feature", "properties": { "osm_id": 119937680, "name": null, "highway": "service", "flooded_m": 64.834454807311005 }, "geometry": { "type": "MultiLineString", "coordinates": [ [ [ -115.752991099999988, 60.844459799999989 ], [ -115.753088595224298, 60.844398885277144 ] ], [ [ -115.753406134387248, 60.844312971755429 ], [ -115.75377142076978, 60.844225632381836 ] ], [ [ -115.753777621148032, 60.844224149868857 ], [ -115.753983600000012, 60.8441749 ], [ -115.754335134104053, 60.84408354875282 ] ] ] } },
{ "type": "Feature", "properties": { "osm_id": 119937681, "name": null, "highway": "residential", "flooded_m": 17.417721371611563 }, "geometry": { "type": "MultiLineString", "coordinates": [ [ [ -115.8398567, 60.75 ], [ -115.8398522, 60.7500043 ], [ -115.8397562, 60.7500558 ], [ -115.839676966483921, 60.750085000700949 ] ], [ [ -115.839441641033773, 60.75011262578451 ], [ -115.8393745, 60.75010730000001 ] ] ] } },
{ "type": "Feature", "properties": { "osm_id": 119937683, "name": null, "highway": "residential", "flooded_m": 10.159737979524786 }, "geometry": { "type": "LineString", "coordinates": [ [ -115.758599385333781, 60.841576535176699 ], [ -115.7585837, 60.8415825 ], [ -115.758477974631887, 60.84164559712751 ] ] } },
{ "type": "Feature", "properties": { "osm_id": 119937691, "name": null, "highway": "residential", "flooded_m": 5.3391450993340861 }, "geometry": { "type": "LineString", "coordinates": [ [ -115.784846800000011, 60.813478 ], [ -115.784938030221511, 60.813495662991912 ] ] } },
{ "type": "Feature", "properties": { "osm_id": 119937700, "name": null, "highway": "residential", "flooded_m": 66.928858566643626 }, "geometry": { "type": "LineString", "coordinates": [ [ -115.83950757810554, 60.773685878797643 ], [ -115.839981400000013, 60.7738616 ], [ -115.840457816097711, 60.774066182517778 ] ] } },
{ "type": "Feature", "properties": { "osm_id": 119937703, "name": null, "highway": "track", "flooded_m": 294.47963996037072 }, "geometry": { "type": "MultiLineString", "coordinates": [ [ [ -115.827292, 60.7543414 ], [ -115.82691610000002, 60.7544403 ], [ -115.8263886, 60.7543998 ], [ -115.826078652338722, 60.754301162308749 ] ], [ [ -115.825897265865621, 60.754243437296303 ], [ -115.825715880045919, 60.754185712039948 ] ], [ [ -115.824814091099, 60.753756820066918 ], [ -115.824750096347088, 60.753726347782766 ] ], [ [ -115.824633739810068, 60.753670942240824 ], [ -115.8246053, 60.7536574 ], [ -115.8242195, 60.7535234 ], [ -115.823969100000014, 60.753485900000022 ], [ -115.8236635, 60.7534577 ], [ -115.8233362, 60.7535418 ], [ -115.822982181867914, 60.753674381263139 ] ], [ [ -115.822887029850634, 60.753710015742108 ], [ -115.8228083, 60.7537395 ], [ -115.822604176893051, 60.753887118490965 ] ], [ [ -115.822481501923519, 60.753975834214195 ], [ -115.822358826275064, 60.754064549822246 ] ], [ [ -115.822236149947585, 60.754153265315125 ], [ -115.8220898, 60.7542591 ], [ -115.8216785, 60.7546629 ] ] ] } },
{ "type": "Feature", "properties": { "osm_id": 119961622, "name": "Hay River Highway", "highway": "tertiary", "flooded_m": 930.71855932312815 }, "geometry": { "type": "MultiLineString", "coordinates": [ [ [ -115.758103296393585, 60.842739252305805 ], [ -115.75802725195345, 60.842828342010328 ] ], [ [ -115.757418881105806, 60.843541058012249 ], [ -115.757342832833942, 60.84363014730819 ] ], [ [ -115.756349188682606, 60.844698465714494 ], [ -115.75633482537512, 60.844712877971652 ] ], [ [ -115.75617184820635, 60.844876409535118 ], [ -115.7560119, 60.8450369 ], [ -115.755908377134958, 60.845143348344948 ] ], [ [ -115.75499958900653, 60.845924338169837 ], [ -115.754758, 60.846049 ], [ -115.754624603922494, 60.846102650808469 ] ], [ [ -115.754437653322611, 60.84617784027877 ], [ -115.7544201, 60.8461849 ], [ -115.754337803666758, 60.846206312097692 ] ], [ [ -115.754251647675886, 60.846228728327354 ], [ -115.754167200000012, 60.8462507 ], [ -115.7537989, 60.84634830000001 ], [ -115.753358600000013, 60.846429 ], [ -115.75295375260707, 60.846478142890426 ] ], [ [ -115.752399315157007, 60.846538610684149 ], [ -115.751336199999983, 60.8466533 ], [ -115.750551186592347, 60.846739866354213 ] ], [ [ -115.750050592629819, 60.846795066074321 ], [ -115.748887761080965, 60.846923281766209 ] ], [ [ -115.748702934862052, 60.846943659982287 ], [ -115.7477112, 60.847053 ], [ -115.747155, 60.8471453 ], [ -115.746852380835776, 60.847205635716328 ] ], [ [ -115.746811082231289, 60.847213869694208 ], [ -115.7467051, 60.847235 ], [ -115.745736730733441, 60.847498134175524 ] ], [ [ -115.74536470209685, 60.847599222192002 ], [ -115.7453151, 60.8476127 ], [ -115.7423363, 60.8485591 ], [ -115.742011092140487, 60.848642450444906 ] ], [ [ -115.740897308791361, 60.848885070968379 ], [ -115.740469299999987, 60.8489617 ], [ -115.740760657620982, 60.849491939170079 ] ], [ [ -115.740865897031597, 60.849683459014308 ], [ -115.740909445556056, 60.849762710068177 ] ], [ [ -115.740959042088136, 60.849852966996856 ], [ -115.741008638897014, 60.849943223906898 ] ], [ [ -115.741037646907245, 60.849996012814422 ], [ -115.741058235982791, 60.850033480798267 ] ], [ [ -115.741256627094458, 60.850394508176954 ], [ -115.7413235, 60.8505162 ], [ -115.741380498829869, 60.850637844374958 ] ], [ [ -115.742534395329869, 60.85310023734317 ], [ -115.742569182919027, 60.853174467419329 ] ], [ [ -115.74257666139475, 60.853190425013615 ], [ -115.742830262725462, 60.853731550746872 ] ] ] } },
{ "type": "Feature", "properties": { "osm_id": 119961623, "name": "104th Street", "highway": "tertiary", "flooded_m": 44.225675270173852 }, "geometry": { "type": "MultiLineString", "coordinates": [ [ [ -115.742915860289131, 60.853911935808931 ], [ -115.743079272370323, 60.854246405354417 ] ], [ [ -115.743224361750563, 60.85454336629094 ], [ -115.743249647426893, 60.854595119043921 ] ] ] } },
{ "type": "Feature", "properties": { "osm_id": 119965097, "name": "100 Avenue", "highway": "residential", "flooded_m": 28.998033969299968 }, "geometry": { "type": "MultiLineString", "coordinates": [ [ [ -115.740469299999987, 60.8489617 ], [ -115.740341235752382, 60.848985419277668 ] ], [ [ -115.740155842336776, 60.849019756434544 ], [ -115.739785054320251, 60.849088429977392 ] ] ] } },
{ "type": "Feature", "properties": { "osm_id": 119965099, "name": "101 Avenue", "highway": "residential", "flooded_m": 106.66284856637091 }, "geometry": { "type": "MultiLineString", "coordinates": [ [ [ -115.7457885, 60.8486486 ], [ -115.747283, 60.848492899999989 ], [ -115.747354285561599, 60.848487974278797 ] ], [ [ -115.747908209354748, 60.848441758140815 ], [ -115.7480183, 60.8484144 ], [ -115.7481137, 60.8483783 ], [ -115.7481876, 60.8483333 ] ] ] } },
{ "type": "Feature", "properties": { "osm_id": 119965101, "name": "107 Street", "highway": "residential", "flooded_m": 95.404579911424946 }, "geometry": { "type": "MultiLineString", "coordinates": [ [ [ -115.7481876, 60.8483333 ], [ -115.748237, 60.8482806 ], [ -115.7482632, 60.848223099999984 ], [ -115.7482713, 60.848163 ], [ -115.748237500000016, 60.8481016 ], [ -115.748204517232111, 60.848034982706316 ] ], [ [ -115.748031123083521, 60.847674198651688 ], [ -115.747955, 60.8475073 ], [ -115.747947775366583, 60.847493837716776 ] ], [ [ -115.747899345737025, 60.847403594307039 ], [ -115.7477112, 60.847053 ] ] ] } },
{ "type": "Feature", "properties": { "osm_id": 266086791, "name": "Hay River Highway", "highway": "primary", "flooded_m": 477.05888604005298 }, "geometry": { "type": "MultiLineString", "coordinates": [ [ [ -115.88568264563753, 60.72802713746902 ], [ -115.8856848, 60.7281708 ], [ -115.88568533787145, 60.72829653458264 ] ], [ [ -115.885686106123359, 60.728476124122118 ], [ -115.885690715585596, 60.72955366125943 ] ], [ [ -115.885664040652699, 60.731439062174047 ], [ -115.8856627, 60.731457 ], [ -115.885518800000014, 60.7319048 ], [ -115.8852469, 60.7323425 ], [ -115.8848659, 60.73275240000001 ], [ -115.8843756, 60.7331434 ], [ -115.883794899999984, 60.733497699999987 ], [ -115.883123700000013, 60.7338154 ], [ -115.882937937887817, 60.733883430256746 ] ], [ [ -115.882010336864354, 60.734191569186464 ], [ -115.882008183409809, 60.734192174285617 ] ], [ [ -115.881825148048875, 60.734243605177902 ], [ -115.88169783506973, 60.734279378458098 ] ] ] } },
{ "type": "Feature", "properties": { "osm_id": 266086792, "name": "Rose Hill", "highway": "residential", "flooded_m": 20.222547351062303 }, "geometry": { "type": "LineString", "coordinates": [ [ -115.861865516403341, 60.738611308051205 ], [ -115.862231266219027, 60.738641275806771 ] ] } },
{ "type": "Feature", "properties": { "osm_id": 266086810, "name": "Wildrose Drive", "highway": "residential", "flooded_m": 57.381053006213378 }, "geometry": { "type": "MultiLineString", "coordinates": [ [ [ -115.8620516, 60.7412036 ], [ -115.862065430708142, 60.74120779705904 ] ], [ [ -115.862139679592332, 60.741228967720332 ], [ -115.8623145, 60.7412723 ], [ -115.862599, 60.7413342 ], [ -115.862771800000019, 60.741353 ], [ -115.8628971, 60.7413462 ], [ -115.8630147, 60.7413008 ], [ -115.863055349697603, 60.741269411182373 ] ] ] } },
{ "type": "Feature", "properties": { "osm_id": 266086812, "name": "Wildrose Drive", "highway": "residential", "flooded_m": 24.159107780582222 }, "geometry": { "type": "LineString", "coordinates": [ [ -115.864826986612172, 60.739884319570109 ], [ -115.8647509, 60.739937300000015 ], [ -115.86457215575912, 60.740061746225493 ] ] } },
{ "type": "Feature", "properties": { "osm_id": 266086813, "name": "Wildrose Drive", "highway": "residential", "flooded_m": 94.862392638404017 }, "geometry": { "type": "MultiLineString", "coordinates": [ [ [ -115.861139342466188, 60.743578420903845 ], [ -115.8618314, 60.74372 ], [ -115.862412640549678, 60.743881789998262 ] ], [ [ -115.862496774591847, 60.743905208610684 ], [ -115.862775933297485, 60.743982911488942 ] ] ] } },
{ "type": "Feature", "properties": { "osm_id": 266086814, "name": "Wildrose Drive", "highway": "residential", "flooded_m": 81.522830315871772 }, "geometry": { "type": "MultiLineString", "coordinates": [ [ [ -115.8619523, 60.7425971 ], [ -115.861717612416939, 60.742788615017744 ] ], [ [ -115.861569314041191, 60.742909631381416 ], [ -115.8615283, 60.7429431 ], [ -115.861115700000013, 60.7432937 ], [ -115.861068306094367, 60.743354337428883 ] ] ] } },
{ "type": "Feature", "properties": { "osm_id": 266086896, "name": null, "highway": "residential", "flooded_m": 0.40186032636190394 }, "geometry": { "type": "LineString", "coordinates": [ [ -115.839860073710938, 60.74999679216738 ], [ -115.8398567, 60.75 ] ] } },
{ "type": "Feature", "properties": { "osm_id": 266086911, "name": null, "highway": "residential", "flooded_m": 18.313971142437151 }, "geometry": { "type": "LineString", "coordinates": [ [ -115.845111, 60.7477235 ], [ -115.8452996, 60.7477886 ], [ -115.845354200000017, 60.7478019 ], [ -115.845395477424418, 60.747809581176526 ] ] } },
{ "type": "Feature", "properties": { "osm_id": 266086920, "name": null, "highway": "residential", "flooded_m": 157.91749065508554 }, "geometry": { "type": "MultiLineString", "coordinates": [ [ [ -115.85897794404768, 60.741540736606069 ], [ -115.8590586, 60.7415788 ], [ -115.859187091923999, 60.74163230735536 ] ], [ [ -115.85919059138071, 60.741633764615287 ], [ -115.859407213783726, 60.741723971083552 ] ], [ [ -115.859551708761884, 60.741795208822182 ], [ -115.8596183, 60.7418381 ], [ -115.8597573, 60.7419564 ], [ -115.859795500000018, 60.7419971 ], [ -115.8598189, 60.7420368 ], [ -115.859832, 60.7420887 ], [ -115.8598437, 60.7421727 ], [ -115.8598455, 60.7423112 ], [ -115.859842637082977, 60.742356215534883 ] ], [ [ -115.859869202019425, 60.743186697739745 ], [ -115.859883, 60.743196899999987 ], [ -115.859956499999981, 60.7432361 ], [ -115.860054, 60.7432824 ], [ -115.8601808, 60.743328 ], [ -115.8604051, 60.7433985 ], [ -115.8606614, 60.743468599999986 ], [ -115.860775456443719, 60.743494309463834 ] ] ] } },
{ "type": "Feature", "properties": { "osm_id": 266086922, "name": null, "highway": "residential", "flooded_m": 10.202399113443954 }, "geometry": { "type": "LineString", "coordinates": [ [ -115.852008602402137, 60.747567919429009 ], [ -115.852186900000021, 60.747552 ], [ -115.852192650739951, 60.747551352103621 ] ] } },
{ "type": "Feature", "properties": { "osm_id": 266086925, "name": null, "highway": "residential", "flooded_m": 83.455067448109787 }, "geometry": { "type": "MultiLineString", "coordinates": [ [ [ -115.8856848, 60.7281708 ], [ -115.885519791105665, 60.728171953184756 ] ], [ [ -115.885153012511608, 60.728174515734061 ], [ -115.885098, 60.728174900000013 ], [ -115.88473556488853, 60.728198847455701 ] ], [ [ -115.884418061291157, 60.728219825281784 ], [ -115.8841793, 60.7282356 ], [ -115.8834824, 60.72828160000001 ] ] ] } },
{ "type": "Feature", "properties": { "osm_id": 266086990, "name": null, "highway": "residential", "flooded_m": 327.44987341549574 }, "geometry": { "type": "MultiLineString", "coordinates": [ [ [ -115.846333843227356, 60.747222507577249 ], [ -115.846296, 60.7472247 ], [ -115.846217700000011, 60.747238699999983 ], [ -115.8461644, 60.747254899999987 ], [ -115.8459262, 60.7473536 ], [ -115.845111, 60.7477235 ], [ -115.8448826, 60.7478232 ], [ -115.844709, 60.7478949 ], [ -115.844471594185364, 60.747992915929288 ] ], [ [ -115.844327764979994, 60.748059927708013 ], [ -115.844267, 60.7480886 ], [ -115.844138299999983, 60.7481545 ], [ -115.8440168, 60.748226099999968 ], [ -115.8438763, 60.7483254 ], [ -115.8437604, 60.748397699999984 ], [ -115.843731034910604, 60.748413953933181 ] ], [ [ -115.843722436864027, 60.748418713051919 ], [ -115.84361370000002, 60.7484789 ], [ -115.843564618028793, 60.748502311525414 ] ], [ [ -115.841913523963996, 60.749026821120616 ], [ -115.841774099999981, 60.7490711 ], [ -115.8416135, 60.749127 ], [ -115.8414547, 60.7492007 ], [ -115.841451606137781, 60.749202417019099 ] ], [ [ -115.841306268277307, 60.749283075746462 ], [ -115.8409244, 60.749495 ], [ -115.840769, 60.7495661 ], [ -115.840571200000014, 60.7496382 ], [ -115.840559453420738, 60.749641935896669 ] ], [ [ -115.840003764567854, 60.749788267511548 ], [ -115.839865654441539, 60.74981725633986 ] ], [ [ -115.839818893893764, 60.749827071169726 ], [ -115.8397249, 60.7498468 ], [ -115.839485700000012, 60.7499196 ], [ -115.8393752, 60.74997710000001 ], [ -115.8393594, 60.75 ] ] ] } },
{ "type": "Feature", "properties": { "osm_id": 266087178, "name": null, "highway": "residential", "flooded_m": 27.676753825209495 }, "geometry": { "type": "MultiLineString", "coordinates": [ [ [ -115.884798645713545, 60.72781910656542 ], [ -115.884980905276478, 60.727850356337044 ] ], [ [ -115.885081352873826, 60.727932348026286 ], [ -115.8850991, 60.7279649 ], [ -115.885098799416539, 60.728022284669926 ] ], [ [ -115.885098329100288, 60.72811207235106 ], [ -115.885098, 60.728174900000013 ] ] ] } },
{ "type": "Feature", "properties": { "osm_id": 268295936, "name": null, "highway": "service", "flooded_m": 13.355595727303804 }, "geometry": { "type": "MultiLineString", "coordinates": [ [ [ -115.7840915, 60.8140001 ], [ -115.784000398203915, 60.813981972737444 ] ], [ [ -115.783954179223812, 60.813972776141107 ], [ -115.783817936851321, 60.813945666676702 ] ] ] } },
{ "type": "Feature", "properties": { "osm_id": 744108885, "name": "Hay River Highway", "highway": "primary", "flooded_m": 1139.9089351888247 }, "geometry": { "type": "MultiLineString", "coordinates": [ [ [ -115.860234888477294, 60.754391640551404 ], [ -115.86023778177082, 60.754481456778244 ] ], [ [ -115.843541569387298, 60.772566327179568 ], [ -115.8434191, 60.772646099999989 ], [ -115.843400326567476, 60.772658394095494 ] ], [ [ -115.843270255855643, 60.77274357273852 ], [ -115.8431349209567, 60.772832198091329 ] ], [ [ -115.843024250697198, 60.772904671101138 ], [ -115.842836210594896, 60.773027809199633 ] ], [ [ -115.842272081619114, 60.773397221877879 ], [ -115.842187555708946, 60.77345257165161 ] ], [ [ -115.842084035737514, 60.773520358898168 ], [ -115.842052214822715, 60.773541195887418 ] ], [ [ -115.840022011713856, 60.77487054266804 ], [ -115.840015435675724, 60.774874848329716 ] ], [ [ -115.839886658851952, 60.774959164669554 ], [ -115.839827372454764, 60.774997982115018 ] ], [ [ -115.839615950882575, 60.775136408253644 ], [ -115.839345239919012, 60.775313651279092 ] ], [ [ -115.838262366122194, 60.776022617794368 ], [ -115.837991640187127, 60.776199858026487 ] ], [ [ -115.836630076593536, 60.777091215212444 ], [ -115.836502594017247, 60.777174669315933 ] ], [ [ -115.83644198735935, 60.777214344144248 ], [ -115.83636722169166, 60.777263287685955 ] ], [ [ -115.836253896679821, 60.777337472806373 ], [ -115.836096474794502, 60.777440524006884 ] ], [ [ -115.836065804554948, 60.777460601198797 ], [ -115.835961100222889, 60.7775291419578 ] ], [ [ -115.835877710984732, 60.777583729321513 ], [ -115.8355956, 60.7777684 ], [ -115.835155782426781, 60.778060906995684 ] ], [ [ -115.835125139068893, 60.778081286547106 ], [ -115.834889231280229, 60.778238177348165 ] ], [ [ -115.834748789384278, 60.778331577494143 ], [ -115.834622677184413, 60.778415447158743 ] ], [ [ -115.834560612337143, 60.778456722562574 ], [ -115.834222840510634, 60.778681350858591 ] ], [ [ -115.8341842538332, 60.778707011889232 ], [ -115.834089560144662, 60.778769985154263 ] ], [ [ -115.833619705052797, 60.779082443853667 ], [ -115.833289862464142, 60.779301788083238 ] ], [ [ -115.833055143042614, 60.779457873387337 ], [ -115.833023290671548, 60.779479054642358 ] ], [ [ -115.832090266168876, 60.780099483331369 ], [ -115.83192597933116, 60.780208725162062 ] ], [ [ -115.831823681102605, 60.780276747451644 ], [ -115.831557093086516, 60.78045401102991 ] ], [ [ -115.831549579666515, 60.780459006926044 ], [ -115.831361377628966, 60.780584147402863 ] ], [ [ -115.827416579880321, 60.783650416201866 ], [ -115.827348764683634, 60.783739615717792 ] ], [ [ -115.827213133151901, 60.783918014640264 ], [ -115.827198635810063, 60.783937083163231 ] ], [ [ -115.827145316816882, 60.784007214046817 ], [ -115.826467132596306, 60.784899206107369 ] ], [ [ -115.826195848282651, 60.785256001910781 ], [ -115.825585436375889, 60.786058790335545 ] ], [ [ -115.82551761093309, 60.7861479888671 ], [ -115.825449785110749, 60.786237187362183 ] ], [ [ -115.825269492806257, 60.786463528629987 ], [ -115.825234324932623, 60.786504677806583 ] ], [ [ -115.824114979912892, 60.787894260883306 ], [ -115.823788100000016, 60.7883403 ], [ -115.823757547868979, 60.788377377011521 ] ], [ [ -115.823537166296362, 60.788644821709397 ], [ -115.823536357955632, 60.788645802664682 ] ], [ [ -115.823390243194893, 60.788823117962295 ], [ -115.823169855463064, 60.789090562023034 ] ], [ [ -115.823022928255355, 60.789268857851148 ], [ -115.82280253436403, 60.789536301274694 ] ], [ [ -115.822767240732134, 60.789581872719353 ], [ -115.821939700000016, 60.79071459999998 ], [ -115.821631599999989, 60.7911363 ], [ -115.8209804, 60.7917675 ], [ -115.8199229, 60.792875500000022 ] ] ] } },
{ "type": "Feature", "properties": { "osm_id": 744111877, "name": null, "highway": "service", "flooded_m": 59.513026395545637 }, "geometry": { "type": "LineString", "coordinates": [ [ -115.8007103, 60.8016334 ], [ -115.7999276, 60.8012603 ] ] } },
{ "type": "Feature", "properties": { "osm_id": 744111878, "name": null, "highway": "service", "flooded_m": 38.943848872597073 }, "geometry": { "type": "MultiLineString", "coordinates": [ [ [ -115.799911628776371, 60.801462045365028 ], [ -115.800067635677394, 60.801546787376914 ] ], [ [ -115.800091734617396, 60.801559877720464 ], [ -115.800235704885665, 60.801638080859469 ] ], [ [ -115.800271841556707, 60.801657709836064 ], [ -115.800450400000017, 60.801754699999982 ] ] ] } },
{ "type": "Feature", "properties": { "osm_id": 817406720, "name": null, "highway": "residential", "flooded_m": 50.027149408758994 }, "geometry": { "type": "MultiLineString", "coordinates": [ [ [ -115.807085336876966, 60.801278939107014 ], [ -115.807035279485319, 60.801249688293623 ] ], [ [ -115.806365923755493, 60.800858546358029 ], [ -115.80605319999998, 60.800675799999986 ], [ -115.805826376431128, 60.800543245221483 ] ] ] } },
{ "type": "Feature", "properties": { "osm_id": 817406722, "name": null, "highway": "residential", "flooded_m": 11.779274313757144 }, "geometry": { "type": "LineString", "coordinates": [ [ -115.806897411602449, 60.801390742435757 ], [ -115.8068243, 60.8014041 ], [ -115.806687, 60.8014125 ] ] } },
{ "type": "Feature", "properties": { "osm_id": 817406723, "name": null, "highway": "residential", "flooded_m": 157.14320946832629 }, "geometry": { "type": "MultiLineString", "coordinates": [ [ [ -115.80605319999998, 60.800675799999986 ], [ -115.8057265, 60.8008226 ], [ -115.805340500000014, 60.800996 ] ], [ [ -115.805340500000014, 60.800996 ], [ -115.8044743, 60.8013853 ], [ -115.804457099999979, 60.8014481 ], [ -115.8045558, 60.8015129 ], [ -115.804723, 60.8015129 ], [ -115.804872279190491, 60.801490165646342 ] ], [ [ -115.805364607153621, 60.801055254658486 ], [ -115.805340500000014, 60.800996 ] ] ] } },
{ "type": "Feature", "properties": { "osm_id": 825399634, "name": "Wolf Dr", "highway": "residential", "flooded_m": 67.096955824346068 }, "geometry": { "type": "MultiLineString", "coordinates": [ [ [ -115.765458582642026, 60.837168323285873 ], [ -115.765272270932101, 60.837228974902949 ] ], [ [ -115.765244779714152, 60.837237924308731 ], [ -115.764899645399922, 60.837350277354659 ] ], [ [ -115.764341414317613, 60.837513766805522 ], [ -115.7642825, 60.8375268 ], [ -115.764084200000013, 60.8375337 ], [ -115.763973120833612, 60.837522671405658 ] ], [ [ -115.762690355295291, 60.8373917543449 ], [ -115.7624816, 60.8373602 ] ] ] } },
{ "type": "Feature", "properties": { "osm_id": 827842742, "name": null, "highway": "service", "flooded_m": 9.8442088316811098 }, "geometry": { "type": "LineString", "coordinates": [ [ -115.77816345886238, 60.817599793038596 ], [ -115.7779884, 60.8175774 ] ] } },
{ "type": "Feature", "properties": { "osm_id": 827842751, "name": null, "highway": "service", "flooded_m": 75.210383634842316 }, "geometry": { "type": "LineString", "coordinates": [ [ -115.7783161, 60.8169215 ], [ -115.778107300000016, 60.8173193 ], [ -115.7779884, 60.8175774 ] ] } },
{ "type": "Feature", "properties": { "osm_id": 876108341, "name": null, "highway": "service", "flooded_m": 54.161527843965246 }, "geometry": { "type": "LineString", "coordinates": [ [ -115.8213472, 60.789570799999986 ], [ -115.8223041, 60.7897037 ] ] } },
{ "type": "Feature", "properties": { "osm_id": 876108342, "name": null, "highway": "service", "flooded_m": 56.874654580103588 }, "geometry": { "type": "LineString", "coordinates": [ [ -115.8220422, 60.790044500000022 ], [ -115.8210415, 60.789898 ] ] } },
{ "type": "Feature", "properties": { "osm_id": 876108343, "name": null, "highway": "service", "flooded_m": 18.107006120788554 }, "geometry": { "type": "LineString", "coordinates": [ [ -115.8222297, 60.7888299 ], [ -115.822210900000016, 60.7889922 ] ] } },
{ "type": "Feature", "properties": { "osm_id": 876108344, "name": null, "highway": "service", "flooded_m": 105.14933086087231 }, "geometry": { "type": "LineString", "coordinates": [ [ -115.822787896298962, 60.789018953060165 ], [ -115.8223584, 60.7890092 ], [ -115.822210900000016, 60.7889922 ], [ -115.821358, 60.788955599999987 ], [ -115.82141574445609, 60.788716009483416 ] ] } },
{ "type": "Feature", "properties": { "osm_id": 876108353, "name": null, "highway": "service", "flooded_m": 232.16479627555825 }, "geometry": { "type": "MultiLineString", "coordinates": [ [ [ -115.8260907, 60.7847827 ], [ -115.825654899999989, 60.7847429 ], [ -115.8254403, 60.78476 ], [ -115.8252659, 60.7848451 ], [ -115.82524598046048, 60.784888526947633 ] ], [ [ -115.825122913107037, 60.785156825594065 ], [ -115.825029900000018, 60.7853596 ], [ -115.824936960012892, 60.785512538741408 ] ], [ [ -115.823623303340227, 60.786274511909063 ], [ -115.8235091, 60.786256299999984 ], [ -115.8233053, 60.7862301 ], [ -115.823141600000014, 60.7862445 ], [ -115.8230424, 60.7862982 ], [ -115.8226991, 60.786666 ], [ -115.8224067, 60.787014299999989 ], [ -115.8223611, 60.7871452 ] ] ] } },
{ "type": "Feature", "properties": { "osm_id": 876108365, "name": null, "highway": "service", "flooded_m": 32.94033055037962 }, "geometry": { "type": "MultiLineString", "coordinates": [ [ [ -115.824409997326882, 60.789869067389823 ], [ -115.824351299999989, 60.7898849 ], [ -115.824226895575364, 60.789852759233732 ] ], [ [ -115.823498994745336, 60.789664697291826 ], [ -115.8234394, 60.7896493 ], [ -115.823305051890969, 60.789630497725305 ] ], [ [ -115.823133732234041, 60.789606520985103 ], [ -115.822950972685149, 60.789580942914867 ] ] ] } },
{ "type": "Feature", "properties": { "osm_id": 876108366, "name": null, "highway": "service", "flooded_m": 48.045869225776833 }, "geometry": { "type": "MultiLineString", "coordinates": [ [ [ -115.824879699999983, 60.7907357 ], [ -115.824850264734252, 60.790721531217145 ] ], [ [ -115.824747971495754, 60.790672291810623 ], [ -115.8246732, 60.790636299999989 ], [ -115.8243701, 60.7905669 ], [ -115.8240724, 60.7906127 ], [ -115.824014124669802, 60.79064584948182 ] ] ] } },
{ "type": "Feature", "properties": { "osm_id": 876108367, "name": null, "highway": "service", "flooded_m": 80.817312414846853 }, "geometry": { "type": "MultiLineString", "coordinates": [ [ [ -115.824896099015845, 60.790721932330264 ], [ -115.824879699999983, 60.7907357 ], [ -115.824849629462818, 60.790811317423092 ] ], [ [ -115.824551456222608, 60.791021939538986 ], [ -115.8244398, 60.7910747 ], [ -115.824364886059257, 60.791100094693313 ] ], [ [ -115.823993586098482, 60.791206127120532 ], [ -115.823825600000021, 60.7912357 ], [ -115.823625446819719, 60.791225899705609 ] ], [ [ -115.823080975076735, 60.791044637626719 ], [ -115.822940051239129, 60.790974175687232 ] ], [ [ -115.822354435097452, 60.790818948759757 ], [ -115.821939700000016, 60.79071459999998 ] ] ] } },
{ "type": "Feature", "properties": { "osm_id": 876189555, "name": null, "highway": "service", "flooded_m": 33.670550551878428 }, "geometry": { "type": "LineString", "coordinates": [ [ -115.778067100000015, 60.83068 ], [ -115.7778119, 60.8306908 ], [ -115.777450200000018, 60.8307061 ] ] } },
{ "type": "Feature", "properties": { "osm_id": 876189556, "name": null, "highway": "service", "flooded_m": 43.649091188105729 }, "geometry": { "type": "LineString", "coordinates": [ [ -115.7779643, 60.8301788 ], [ -115.777740300000019, 60.8301895 ], [ -115.777431400000012, 60.8302041 ], [ -115.7773805, 60.830076 ] ] } },
{ "type": "Feature", "properties": { "osm_id": 876189557, "name": null, "highway": "service", "flooded_m": 30.542126406003014 }, "geometry": { "type": "LineString", "coordinates": [ [ -115.7778963, 60.8297709 ], [ -115.777689, 60.829774 ], [ -115.7773349, 60.8297793 ] ] } },
{ "type": "Feature", "properties": { "osm_id": 876189558, "name": null, "highway": "service", "flooded_m": 58.625583706339043 }, "geometry": { "type": "LineString", "coordinates": [ [ -115.7777989, 60.829187 ], [ -115.7775989, 60.8292025 ], [ -115.776734100000013, 60.8292694 ] ] } },
{ "type": "Feature", "properties": { "osm_id": 876189559, "name": null, "highway": "service", "flooded_m": 69.132164430490619 }, "geometry": { "type": "LineString", "coordinates": [ [ -115.7777363, 60.8287975 ], [ -115.7775333, 60.8288089 ], [ -115.7772008, 60.8288275 ], [ -115.776956700000014, 60.8289125 ], [ -115.7768816, 60.8289896 ], [ -115.7768977, 60.8291151 ] ] } },
{ "type": "Feature", "properties": { "osm_id": 876189560, "name": null, "highway": "service", "flooded_m": 125.4594439587644 }, "geometry": { "type": "LineString", "coordinates": [ [ -115.777384881178975, 60.828367830517124 ], [ -115.7766134, 60.8284209 ], [ -115.7766536, 60.828648399999985 ], [ -115.777501200000017, 60.828655599999983 ], [ -115.7777137, 60.8286574 ] ] } },
{ "type": "Feature", "properties": { "osm_id": 876189563, "name": null, "highway": "service", "flooded_m": 133.32018258774352 }, "geometry": { "type": "LineString", "coordinates": [ [ -115.7752803, 60.826888599999968 ], [ -115.7753232, 60.8269605 ], [ -115.7754037, 60.827011499999983 ], [ -115.775519, 60.8270325 ], [ -115.776659, 60.8271802 ], [ -115.776996900000015, 60.8271985 ], [ -115.7775205, 60.827192 ] ] } },
{ "type": "Feature", "properties": { "osm_id": 876189568, "name": null, "highway": "service", "flooded_m": 99.951703482843399 }, "geometry": { "type": "MultiLineString", "coordinates": [ [ [ -115.7671724, 60.842792899999985 ], [ -115.767264589052687, 60.842822544769803 ] ], [ [ -115.767446343957602, 60.842880990434736 ], [ -115.7686667, 60.8432734 ], [ -115.7688896, 60.8433451 ] ] ] } },
{ "type": "Feature", "properties": { "osm_id": 876189570, "name": null, "highway": "track", "flooded_m": 722.23818167875561 }, "geometry": { "type": "MultiLineString", "coordinates": [ [ [ -115.7671724, 60.842792899999985 ], [ -115.767255100000014, 60.8429544 ], [ -115.767249707050581, 60.84300302325564 ] ], [ [ -115.767190260761581, 60.843182062278373 ], [ -115.7671425, 60.843243199999989 ], [ -115.76706252744701, 60.843291351876744 ] ], [ [ -115.766949447062402, 60.843359437815124 ], [ -115.7666087, 60.8435646 ], [ -115.765962300000012, 60.8438325 ], [ -115.765301010743272, 60.844062644423417 ] ], [ [ -115.764798257446728, 60.844237610144205 ], [ -115.7643664, 60.8443879 ], [ -115.7639641, 60.8445159 ], [ -115.763383077667683, 60.844763352455026 ] ], [ [ -115.763137704215552, 60.844861120123426 ], [ -115.762206369930283, 60.84515200175089 ] ], [ [ -115.762020101047568, 60.845210177294852 ], [ -115.7617325, 60.8453 ], [ -115.7610136, 60.8454568 ], [ -115.760720718710147, 60.845500689581399 ] ], [ [ -115.759980483532047, 60.845607850493202 ], [ -115.7585996, 60.8457233 ], [ -115.7578272, 60.8457599 ], [ -115.7573497, 60.8458592 ], [ -115.755904479573545, 60.846316090914435 ] ], [ [ -115.750496709525137, 60.848135296694821 ], [ -115.750127152441436, 60.848173301822946 ] ], [ [ -115.749757594491911, 60.848211305932523 ], [ -115.749203255944224, 60.848268310187123 ] ], [ [ -115.748798873159188, 60.848309892479904 ], [ -115.7482785, 60.8483634 ], [ -115.7481137, 60.8483783 ] ] ] } },
{ "type": "Feature", "properties": { "osm_id": 876189571, "name": null, "highway": "service", "flooded_m": 14.030342539297344 }, "geometry": { "type": "LineString", "coordinates": [ [ -115.76897169999998, 60.8401224 ], [ -115.769019707805285, 60.840246161056278 ] ] } },
{ "type": "Feature", "properties": { "osm_id": 876189573, "name": null, "highway": "service", "flooded_m": 17.715704544711041 }, "geometry": { "type": "LineString", "coordinates": [ [ -115.777053, 60.8359621 ], [ -115.7767287, 60.8359466 ] ] } },
{ "type": "Feature", "properties": { "osm_id": 876189574, "name": null, "highway": "service", "flooded_m": 64.869630788273966 }, "geometry": { "type": "MultiLineString", "coordinates": [ [ [ -115.7786787, 60.8389083 ], [ -115.7783191780848, 60.838524689416651 ] ], [ [ -115.778286251751197, 60.838489556449488 ], [ -115.778149428325918, 60.838343562581713 ] ] ] } },
{ "type": "Feature", "properties": { "osm_id": 876189576, "name": null, "highway": "service", "flooded_m": 43.896681864059502 }, "geometry": { "type": "MultiLineString", "coordinates": [ [ [ -115.779008831046539, 60.838839376248991 ], [ -115.7786787, 60.8389083 ], [ -115.778452432376085, 60.838956084371617 ] ], [ [ -115.77789600463521, 60.839073446082701 ], [ -115.777710536198271, 60.83911234668038 ] ] ] } },
{ "type": "Feature", "properties": { "osm_id": 876189577, "name": null, "highway": "service", "flooded_m": 24.041922599537926 }, "geometry": { "type": "LineString", "coordinates": [ [ -115.777877870331281, 60.839548518702045 ], [ -115.778297800000018, 60.8394808 ] ] } },
{ "type": "Feature", "properties": { "osm_id": 876189578, "name": null, "highway": "service", "flooded_m": 27.605334839248812 }, "geometry": { "type": "MultiLineString", "coordinates": [ [ [ -115.7758678, 60.8414581 ], [ -115.77572818205185, 60.841284666730793 ] ], [ [ -115.775655364107479, 60.841194211557948 ], [ -115.775609288934177, 60.841136976237806 ] ] ] } },
{ "type": "Feature", "properties": { "osm_id": 876189579, "name": null, "highway": "service", "flooded_m": 113.81769101850162 }, "geometry": { "type": "MultiLineString", "coordinates": [ [ [ -115.7854673, 60.841875 ], [ -115.785417473392044, 60.841821521740833 ] ], [ [ -115.785333102982634, 60.841730967615348 ], [ -115.784995626093846, 60.841368750585353 ] ], [ [ -115.784911258058813, 60.841278196195844 ], [ -115.784742523413371, 60.841097087258369 ] ], [ [ -115.784658156802948, 60.841006532710459 ], [ -115.784405059820699, 60.840734868749834 ] ], [ [ -115.784320695109628, 60.840644313990701 ], [ -115.784263200000012, 60.840582599999976 ] ] ] } },
{ "type": "Feature", "properties": { "osm_id": 876189580, "name": null, "highway": "service", "flooded_m": 14.338610067392178 }, "geometry": { "type": "LineString", "coordinates": [ [ -115.782644272414458, 60.835162897522338 ], [ -115.782401600000014, 60.8352133 ] ] } },
{ "type": "Feature", "properties": { "osm_id": 876189581, "name": null, "highway": "service", "flooded_m": 56.168189572679182 }, "geometry": { "type": "MultiLineString", "coordinates": [ [ [ -115.790429438959819, 60.843345524806551 ], [ -115.790544800000021, 60.8433177 ], [ -115.791000128565074, 60.84321872198008 ] ], [ [ -115.7915427232154, 60.843100771487229 ], [ -115.791913779344341, 60.843020108672583 ] ] ] } },
{ "type": "Feature", "properties": { "osm_id": 876189582, "name": null, "highway": "service", "flooded_m": 15.953059576712338 }, "geometry": { "type": "LineString", "coordinates": [ [ -115.795986369336006, 60.847261634451336 ], [ -115.7962539, 60.8472027 ] ] } },
{ "type": "Feature", "properties": { "osm_id": 876206614, "name": null, "highway": "service", "flooded_m": 30.275085884548727 }, "geometry": { "type": "MultiLineString", "coordinates": [ [ [ -115.787375777183172, 60.817089084333894 ], [ -115.787272499999986, 60.8171441 ], [ -115.787270171606394, 60.817145473525478 ] ], [ [ -115.787187950654157, 60.817193975778622 ], [ -115.786999894156168, 60.817304909820663 ] ], [ [ -115.786813137121996, 60.817381485084724 ], [ -115.786725577496981, 60.817409932954298 ] ] ] } },
{ "type": "Feature", "properties": { "osm_id": 876206625, "name": null, "highway": "service", "flooded_m": 33.033485393789917 }, "geometry": { "type": "LineString", "coordinates": [ [ -115.7792799, 60.8170952 ], [ -115.779403655809062, 60.816804860574315 ] ] } },
{ "type": "Feature", "properties": { "osm_id": 876206626, "name": null, "highway": "service", "flooded_m": 11.538363233637632 }, "geometry": { "type": "LineString", "coordinates": [ [ -115.7791203, 60.817061 ], [ -115.77906457347153, 60.817160948444347 ] ] } },
{ "type": "Feature", "properties": { "osm_id": 876206628, "name": null, "highway": "service", "flooded_m": 0.61856156304844301 }, "geometry": { "type": "LineString", "coordinates": [ [ -115.779886499999989, 60.8172531 ], [ -115.779881837808674, 60.817258164992452 ] ] } },
{ "type": "Feature", "properties": { "osm_id": 876206630, "name": null, "highway": "service", "flooded_m": 14.317074157533568 }, "geometry": { "type": "LineString", "coordinates": [ [ -115.778107300000016, 60.8173193 ], [ -115.778356432262527, 60.817360740080943 ] ] } },
{ "type": "Feature", "properties": { "osm_id": 876206631, "name": null, "highway": "service", "flooded_m": 8.9250168081436954 }, "geometry": { "type": "LineString", "coordinates": [ [ -115.778781200000012, 60.8169921 ], [ -115.7787403, 60.8170521 ], [ -115.778729287282871, 60.817068108915464 ] ] } },
{ "type": "Feature", "properties": { "osm_id": 876206632, "name": null, "highway": "service", "flooded_m": 77.623809617026836 }, "geometry": { "type": "MultiLineString", "coordinates": [ [ [ -115.778737375605971, 60.816080467964788 ], [ -115.778720502580256, 60.816170106817353 ] ], [ [ -115.778703629457198, 60.816259745666379 ], [ -115.778686756236766, 60.81634938451181 ] ], [ [ -115.778669882919004, 60.816439023353681 ], [ -115.778573, 60.8169537 ] ] ] } },
{ "type": "Feature", "properties": { "osm_id": 876206640, "name": null, "highway": "service", "flooded_m": 25.601943970526875 }, "geometry": { "type": "MultiLineString", "coordinates": [ [ [ -115.7848224, 60.813152 ], [ -115.784767649352872, 60.813140793343457 ] ], [ [ -115.784209491269266, 60.813346541728635 ], [ -115.784208282102981, 60.813348120996444 ] ], [ [ -115.784141214801977, 60.81343571598893 ], [ -115.7841289, 60.81345180000001 ], [ -115.784171965660164, 60.813525786461646 ] ], [ [ -115.78420023432804, 60.813560273414097 ], [ -115.7842872, 60.8135826 ], [ -115.784395800000013, 60.8136037 ] ] ] } },
{ "type": "Feature", "properties": { "osm_id": 876206641, "name": null, "highway": "service", "flooded_m": 37.292423829571725 }, "geometry": { "type": "MultiLineString", "coordinates": [ [ [ -115.7817648, 60.8115417 ], [ -115.781846129978931, 60.811619080557556 ] ], [ [ -115.782063267826629, 60.811742578902908 ], [ -115.782541, 60.811826 ] ] ] } },
{ "type": "Feature", "properties": { "osm_id": 876206642, "name": null, "highway": "service", "flooded_m": 52.882854638787855 }, "geometry": { "type": "MultiLineString", "coordinates": [ [ [ -115.784542, 60.8109116 ], [ -115.784529720484556, 60.810925050503556 ] ], [ [ -115.78448203051336, 60.810977288124135 ], [ -115.784098449078414, 60.811397440481528 ] ] ] } },
{ "type": "Feature", "properties": { "osm_id": 876206643, "name": null, "highway": "service", "flooded_m": 134.46683777191572 }, "geometry": { "type": "MultiLineString", "coordinates": [ [ [ -115.78379750000002, 60.8113096 ], [ -115.783897964961682, 60.81118870953128 ] ], [ [ -115.783923719776922, 60.811157718350273 ], [ -115.783972028283884, 60.811099587774713 ] ], [ [ -115.784116334697927, 60.810925939659093 ], [ -115.7841826, 60.810846199999979 ], [ -115.7844722, 60.810839699999988 ], [ -115.784542, 60.8109116 ], [ -115.784650183132769, 60.810926140391523 ] ], [ [ -115.78466770232518, 60.810928495055258 ], [ -115.784697499999979, 60.8109325 ], [ -115.7847995, 60.8109993 ], [ -115.784347200000013, 60.811506799999989 ] ] ] } },
{ "type": "Feature", "properties": { "osm_id": 876206648, "name": null, "highway": "service", "flooded_m": 23.264245107325664 }, "geometry": { "type": "LineString", "coordinates": [ [ -115.7916842, 60.8042558 ], [ -115.7913655, 60.8041166 ] ] } },
{ "type": "Feature", "properties": { "osm_id": 876206649, "name": null, "highway": "service", "flooded_m": 45.905341093169753 }, "geometry": { "type": "LineString", "coordinates": [ [ -115.79343080000001, 60.803623400000014 ], [ -115.793109800000011, 60.803473 ], [ -115.792821900000021, 60.803338199999985 ] ] } },
{ "type": "Feature", "properties": { "osm_id": 876206650, "name": null, "highway": "service", "flooded_m": 51.409800983047887 }, "geometry": { "type": "LineString", "coordinates": [ [ -115.7883572, 60.8070962 ], [ -115.7874792, 60.8069258 ] ] } },
{ "type": "Feature", "properties": { "osm_id": 876206651, "name": null, "highway": "service", "flooded_m": 49.928757968979831 }, "geometry": { "type": "MultiLineString", "coordinates": [ [ [ -115.789524215081528, 60.808885371018143 ], [ -115.79007135789665, 60.808998926701655 ] ], [ [ -115.790725631999919, 60.809185125953988 ], [ -115.7906237, 60.809316599999988 ], [ -115.79061020222187, 60.809332543245283 ] ] ] } },
{ "type": "Feature", "properties": { "osm_id": 876206653, "name": null, "highway": "service", "flooded_m": 123.21835979442585 }, "geometry": { "type": "LineString", "coordinates": [ [ -115.78762230000001, 60.8080564 ], [ -115.7867089, 60.8078736 ], [ -115.7866376, 60.8078979 ], [ -115.7866092, 60.807921 ], [ -115.7865985, 60.8079618 ], [ -115.7866299, 60.8080006 ], [ -115.787524, 60.808178799999986 ] ] } },
{ "type": "Feature", "properties": { "osm_id": 876206654, "name": null, "highway": "service", "flooded_m": 79.940228824556925 }, "geometry": { "type": "LineString", "coordinates": [ [ -115.7874545, 60.808265199999987 ], [ -115.7866389, 60.8081055 ], [ -115.7864186, 60.808373100000011 ] ] } },
{ "type": "Feature", "properties": { "osm_id": 876206656, "name": null, "highway": "service", "flooded_m": 40.212106865751451 }, "geometry": { "type": "LineString", "coordinates": [ [ -115.7860574, 60.809026599999989 ], [ -115.7867259, 60.809180499999989 ] ] } },
{ "type": "Feature", "properties": { "osm_id": 876206657, "name": null, "highway": "service", "flooded_m": 43.982983768570826 }, "geometry": { "type": "LineString", "coordinates": [ [ -115.7869878, 60.808846 ], [ -115.7862371, 60.8086996 ] ] } },
{ "type": "Feature", "properties": { "osm_id": 876206659, "name": null, "highway": "service", "flooded_m": 107.69396876751458 }, "geometry": { "type": "LineString", "coordinates": [ [ -115.7862724, 60.809679 ], [ -115.7852662, 60.8094361 ], [ -115.785563899999985, 60.8090436 ] ] } },
{ "type": "Feature", "properties": { "osm_id": 876214446, "name": null, "highway": "service", "flooded_m": 68.340460202675445 }, "geometry": { "type": "LineString", "coordinates": [ [ -115.785989767306461, 60.809996074965603 ], [ -115.785759500000012, 60.8099835 ], [ -115.784819, 60.8097853 ] ] } },
{ "type": "Feature", "properties": { "osm_id": 876214457, "name": null, "highway": "service", "flooded_m": 74.503721911453752 }, "geometry": { "type": "LineString", "coordinates": [ [ -115.786242449292857, 60.813031825684028 ], [ -115.7859421, 60.8129456 ], [ -115.7858241, 60.8128789 ], [ -115.7858723, 60.8128266 ], [ -115.786060100000014, 60.8127364 ], [ -115.786432483062427, 60.81286807372512 ] ] } },
{ "type": "Feature", "properties": { "osm_id": 876214459, "name": null, "highway": "service", "flooded_m": 21.322811222361651 }, "geometry": { "type": "MultiLineString", "coordinates": [ [ [ -115.787356719697598, 60.812733967470592 ], [ -115.787262900189063, 60.812745595139639 ] ], [ [ -115.786983630247548, 60.812877334910155 ], [ -115.786875563641516, 60.81301147438429 ] ] ] } },
{ "type": "Feature", "properties": { "osm_id": 876214465, "name": null, "highway": "service", "flooded_m": 17.62100454876855 }, "geometry": { "type": "MultiLineString", "coordinates": [ [ [ -115.796692399999984, 60.8169479 ], [ -115.796574784721827, 60.816924571529107 ] ], [ [ -115.796209793241687, 60.816852176210823 ], [ -115.796027298123633, 60.816815978181296 ] ] ] } },
{ "type": "Feature", "properties": { "osm_id": 876214466, "name": null, "highway": "service", "flooded_m": 48.989529294098077 }, "geometry": { "type": "LineString", "coordinates": [ [ -115.7970759, 60.8160638 ], [ -115.7962593, 60.815878399999988 ] ] } },
{ "type": "Feature", "properties": { "osm_id": 876214467, "name": null, "highway": "service", "flooded_m": 77.967724293969539 }, "geometry": { "type": "LineString", "coordinates": [ [ -115.796702907942546, 60.815524238997469 ], [ -115.7980228, 60.815797 ] ] } },
{ "type": "Feature", "properties": { "osm_id": 876365693, "name": null, "highway": "service", "flooded_m": 23.720933476538193 }, "geometry": { "type": "LineString", "coordinates": [ [ -115.7716989, 60.8386833 ], [ -115.771849900000021, 60.8388831 ] ] } },
{ "type": "Feature", "properties": { "osm_id": 876365697, "name": null, "highway": "service", "flooded_m": 15.160261436615317 }, "geometry": { "type": "LineString", "coordinates": [ [ -115.760594800000021, 60.8416528 ], [ -115.760506682120507, 60.841523668775856 ] ] } },
{ "type": "Feature", "properties": { "osm_id": 876365698, "name": null, "highway": "service", "flooded_m": 50.99227199421837 }, "geometry": { "type": "LineString", "coordinates": [ [ -115.757825700000012, 60.840489500000011 ], [ -115.7577869, 60.840625600000024 ], [ -115.7575469, 60.840745199999986 ], [ -115.7572915, 60.8408339 ] ] } },
{ "type": "Feature", "properties": { "osm_id": 876365699, "name": null, "highway": "service", "flooded_m": 25.218552323120754 }, "geometry": { "type": "LineString", "coordinates": [ [ -115.757215426026775, 60.840990198338503 ], [ -115.757257199999984, 60.8409763 ], [ -115.757297900000012, 60.8409523 ], [ -115.7573229, 60.840923600000018 ], [ -115.7573304, 60.8408926 ], [ -115.7573196, 60.8408619 ], [ -115.7572915, 60.8408339 ], [ -115.7572484, 60.8408109 ], [ -115.757222682051847, 60.840803283354674 ] ] } },
{ "type": "Feature", "properties": { "osm_id": 876365704, "name": null, "highway": "service", "flooded_m": 5.8555778163014285 }, "geometry": { "type": "LineString", "coordinates": [ [ -115.767412754236048, 60.843543270831226 ], [ -115.767344, 60.8435028 ] ] } },
{ "type": "Feature", "properties": { "osm_id": 876365705, "name": null, "highway": "service", "flooded_m": 106.37118056583344 }, "geometry": { "type": "MultiLineString", "coordinates": [ [ [ -115.765739700000012, 60.844184 ], [ -115.76574005754685, 60.84418388462408 ] ], [ [ -115.766093233399729, 60.844069918309472 ], [ -115.766858034415861, 60.843823118686885 ] ], [ [ -115.766904916167036, 60.84380798978146 ], [ -115.767044361450232, 60.843762990117966 ] ], [ [ -115.767175474145105, 60.843720679172421 ], [ -115.767230687786395, 60.843702861288257 ] ], [ [ -115.767975462748851, 60.843475942442595 ], [ -115.7686667, 60.8432734 ] ] ] } },
{ "type": "Feature", "properties": { "osm_id": 876365708, "name": null, "highway": "service", "flooded_m": 9.8422735325530404 }, "geometry": { "type": "LineString", "coordinates": [ [ -115.761815259778345, 60.842055156059807 ], [ -115.761960161205437, 60.842002171350572 ] ] } },
{ "type": "Feature", "properties": { "osm_id": 876365715, "name": null, "highway": "service", "flooded_m": 31.956101762544609 }, "geometry": { "type": "MultiLineString", "coordinates": [ [ [ -115.7568213, 60.843484899999972 ], [ -115.756716815083507, 60.843624359022954 ] ], [ [ -115.756650003733085, 60.843713533367058 ], [ -115.756552613534467, 60.843843520905253 ] ] ] } },
{ "type": "Feature", "properties": { "osm_id": 876365717, "name": null, "highway": "service", "flooded_m": 53.075798117301673 }, "geometry": { "type": "MultiLineString", "coordinates": [ [ [ -115.754320001361521, 60.844949055161017 ], [ -115.754348300000018, 60.8449171 ], [ -115.75434030000001, 60.844749799999988 ], [ -115.754312105279212, 60.844675306514375 ] ], [ [ -115.754140433458161, 60.844358145535935 ], [ -115.753983600000012, 60.8441749 ] ] ] } },
{ "type": "Feature", "properties": { "osm_id": 876365718, "name": null, "highway": "service", "flooded_m": 50.250606378528772 }, "geometry": { "type": "MultiLineString", "coordinates": [ [ [ -115.752940950268723, 60.844487308057957 ], [ -115.752991099999988, 60.844459799999989 ], [ -115.753019764625634, 60.844488039152516 ] ], [ [ -115.753030859901784, 60.844498969724974 ], [ -115.753203788944617, 60.844669330646276 ] ], [ [ -115.753208075113946, 60.844673553137149 ], [ -115.75334789999998, 60.844811299999989 ], [ -115.753343659692149, 60.844850212424333 ] ] ] } },
{ "type": "Feature", "properties": { "osm_id": 885312962, "name": "Hay River Highway", "highway": "primary", "flooded_m": 118.06348729328525 }, "geometry": { "type": "MultiLineString", "coordinates": [ [ [ -115.8199229, 60.792875500000022 ], [ -115.819733566683055, 60.793011242436386 ] ], [ [ -115.819512351773696, 60.793169840560459 ], [ -115.8190171, 60.7935249 ], [ -115.818670444445502, 60.793720228890194 ] ], [ [ -115.817033049038045, 60.794603733248557 ], [ -115.816884757527276, 60.794675515943531 ] ], [ [ -115.816850868946219, 60.794691920143038 ], [ -115.816697689710168, 60.794766068186526 ] ] ] } },
{ "type": "Feature", "properties": { "osm_id": 927934367, "name": "Lynx Dr", "highway": "residential", "flooded_m": 36.25500747546176 }, "geometry": { "type": "LineString", "coordinates": [ [ -115.760188839249963, 60.83547746124794 ], [ -115.760646200000011, 60.8356446 ], [ -115.760733530776406, 60.835663458563616 ] ] } },
{ "type": "Feature", "properties": { "osm_id": 927939673, "name": "Wolverine Dr", "highway": "residential", "flooded_m": 9.1518746851390436 }, "geometry": { "type": "LineString", "coordinates": [ [ -115.762603283725866, 60.837303424897591 ], [ -115.7624816, 60.8373602 ] ] } },
{ "type": "Feature", "properties": { "osm_id": 927940731, "name": "Buffalo Dr", "highway": "unclassified", "flooded_m": 81.084768031379781 }, "geometry": { "type": "LineString", "coordinates": [ [ -115.7659689975345, 60.842362727890581 ], [ -115.7671724, 60.842792899999985 ] ] } },
{ "type": "Feature", "properties": { "osm_id": 931609014, "name": "Fraser Place", "highway": "unclassified", "flooded_m": 41.955380147280238 }, "geometry": { "type": "MultiLineString", "coordinates": [ [ [ -115.797294434402872, 60.800624061719915 ], [ -115.797215535868304, 60.80053356305789 ] ], [ [ -115.797191010132067, 60.800505431290446 ], [ -115.7969678, 60.8002494 ] ] ] } },
{ "type": "Feature", "properties": { "osm_id": 960838470, "name": "Riverview Drive", "highway": "residential", "flooded_m": 171.39162316780434 }, "geometry": { "type": "MultiLineString", "coordinates": [ [ [ -115.783369232800993, 60.811237240907083 ], [ -115.783530099999979, 60.8112566 ], [ -115.783552220691561, 60.811259254486473 ] ], [ [ -115.7836463596107, 60.811276223815817 ], [ -115.78379750000002, 60.8113096 ], [ -115.783968114536719, 60.811368928953371 ] ], [ [ -115.784097819448249, 60.811414038503031 ], [ -115.7842312, 60.81146050000001 ], [ -115.784347200000013, 60.811506799999989 ], [ -115.785613224470524, 60.812012355683756 ] ], [ [ -115.785727837982904, 60.812058122393076 ], [ -115.78584329939757, 60.812104227450611 ] ], [ [ -115.785908926902863, 60.812130433157563 ], [ -115.786287, 60.812281399999989 ] ] ] } },
{ "type": "Feature", "properties": { "osm_id": 960838471, "name": "Hay River Highway", "highway": "primary", "flooded_m": 112.86516509424514 }, "geometry": { "type": "MultiLineString", "coordinates": [ [ [ -115.780093314819027, 60.823186367492738 ], [ -115.780023321974326, 60.823275524154411 ] ], [ [ -115.779953328737591, 60.823364680777374 ], [ -115.779813341087873, 60.823542993907125 ] ], [ [ -115.779418704519003, 60.824078162505465 ], [ -115.778933, 60.8247652 ] ] ] } },
{ "type": "Feature", "properties": { "osm_id": 960838472, "name": "Hay River Highway", "highway": "primary", "flooded_m": 50.16083978129555 }, "geometry": { "type": "MultiLineString", "coordinates": [ [ [ -115.787909008272578, 60.813739139354382 ], [ -115.787868243687953, 60.813790887410384 ] ], [ [ -115.785552928497921, 60.816674302042713 ], [ -115.785547099579929, 60.816680948915064 ] ], [ [ -115.785468976199084, 60.816770034819513 ], [ -115.785156478308352, 60.817126377959163 ] ] ] } },
{ "type": "Feature", "properties": { "osm_id": 1096141253, "name": "Hay River Highway", "highway": "primary", "flooded_m": 81.777919948128172 }, "geometry": { "type": "MultiLineString", "coordinates": [ [ [ -115.789929115686192, 60.811422755978121 ], [ -115.78985507699781, 60.811511881138721 ] ], [ [ -115.789789704737615, 60.811590573508596 ], [ -115.789706998378534, 60.811690131330572 ] ], [ [ -115.789597125587491, 60.811822389713527 ], [ -115.789188710164552, 60.812314005643458 ] ] ] } },
{ "type": "Feature", "properties": { "osm_id": 1128434485, "name": null, "highway": "track", "flooded_m": 50.900469437508264 }, "geometry": { "type": "MultiLineString", "coordinates": [ [ [ -115.7980485, 60.8374089 ], [ -115.798197888417661, 60.83737491022098 ] ], [ [ -115.798940114574265, 60.837206030781751 ], [ -115.799032987856378, 60.83718489881845 ] ], [ [ -115.800931539105918, 60.836752890883382 ], [ -115.801537844762365, 60.83661492026593 ] ] ] } },
{ "type": "Feature", "properties": { "osm_id": 1153071308, "name": null, "highway": "service", "flooded_m": 4.7572682645079576 }, "geometry": { "type": "LineString", "coordinates": [ [ -115.7894517, 60.810739899999987 ], [ -115.789485042998038, 60.810700418318895 ] ] } },
{ "type": "Feature", "properties": { "osm_id": 1164747645, "name": "Hay River Highway", "highway": "primary", "flooded_m": 153.2452053467741 }, "geometry": { "type": "MultiLineString", "coordinates": [ [ [ -115.791889405799608, 60.80910580530692 ], [ -115.791521499506345, 60.809538472380687 ] ], [ [ -115.791207444178923, 60.809907799227602 ], [ -115.791136812647281, 60.809990860124358 ] ], [ [ -115.791131668547109, 60.809996909437771 ], [ -115.790944465122777, 60.810217053560379 ] ], [ [ -115.79082856178276, 60.810353349827572 ], [ -115.790373888924734, 60.810888009059475 ] ] ] } },
{ "type": "Feature", "properties": { "osm_id": 1276094811, "name": null, "highway": "service", "flooded_m": 114.71670142333957 }, "geometry": { "type": "LineString", "coordinates": [ [ -115.839225214329645, 60.773696362194805 ], [ -115.839487, 60.773763699999989 ], [ -115.8396104, 60.7738253 ], [ -115.8396506, 60.773872400000023 ], [ -115.839551400000019, 60.7739497 ], [ -115.839503100000016, 60.7739903 ], [ -115.8394334, 60.774127799999988 ], [ -115.8394763, 60.7742077 ], [ -115.839532599999984, 60.7742574 ], [ -115.8396667, 60.7743399 ], [ -115.840029877131016, 60.774475187201148 ] ] } },
{ "type": "Feature", "properties": { "osm_id": 1287791976, "name": null, "highway": "service", "flooded_m": 10.023458046310239 }, "geometry": { "type": "LineString", "coordinates": [ [ -115.864787658790291, 60.737639192264915 ], [ -115.864778262694742, 60.737549320944765 ] ] } },
{ "type": "Feature", "properties": { "osm_id": 1287791977, "name": null, "highway": "service", "flooded_m": 20.16631351709184 }, "geometry": { "type": "LineString", "coordinates": [ [ -115.864051290541667, 60.737902333246673 ], [ -115.864010246129922, 60.737722402021753 ] ] } },
{ "type": "Feature", "properties": { "osm_id": 1425949292, "name": null, "highway": "service", "flooded_m": 41.001320888992211 }, "geometry": { "type": "MultiLineString", "coordinates": [ [ [ -115.8647509, 60.739937300000015 ], [ -115.864935413010357, 60.739970591271231 ] ], [ [ -115.864961218480417, 60.73997524726898 ], [ -115.865064600000011, 60.7399939 ], [ -115.865482167241083, 60.740069322041371 ] ] ] } },
{ "type": "Feature", "properties": { "osm_id": 1425949299, "name": null, "highway": "service", "flooded_m": 25.505855443125618 }, "geometry": { "type": "MultiLineString", "coordinates": [ [ [ -115.863081643607572, 60.739151202984964 ], [ -115.8630552, 60.739187 ], [ -115.863125744192459, 60.739278926462077 ] ], [ [ -115.86316609101857, 60.739331502345436 ], [ -115.863232700000012, 60.7394183 ] ] ] } },
{ "type": "Feature", "properties": { "osm_id": 1425949304, "name": null, "highway": "service", "flooded_m": 29.323397454526955 }, "geometry": { "type": "LineString", "coordinates": [ [ -115.844709, 60.7478949 ], [ -115.844806052544229, 60.74815383898207 ] ] } },
{ "type": "Feature", "properties": { "osm_id": 1431348433, "name": "Riverview Drive", "highway": "residential", "flooded_m": 65.570877609641883 }, "geometry": { "type": "LineString", "coordinates": [ [ -115.7817648, 60.8115417 ], [ -115.782105499999986, 60.8114107 ], [ -115.782369499999987, 60.811340699999988 ], [ -115.7825796, 60.81129760000001 ], [ -115.7827574, 60.811276 ], [ -115.78281649170863, 60.811270713487005 ] ] } }
]
}
