{
"type": "FeatureCollection",
"name": "20220512_011316_16M7_buildings",
"crs": { "type": "name", "properties": { "name": "urn:ogc:def:crs:OGC:1.3:CRS84" } },
"features": [
{ "type": "Feature", "properties": { "osm_id": 119937865, "building": "school", "street": "Commercial Road", "area": "New Town Hay River", "flood_pixels": 60 }, "geometry": { "type": "Polygon", "coordinates": [ [ [ -115.7853275, 60.810132699999983 ], [ -115.7852057, 60.8102893 ], [ -115.7849465, 60.8103 ], [ -115.7846412, 60.8104551 ], [ -115.784896, 60.8106042 ], [ -115.7846969, 60.8107126 ], [ -115.7847619, 60.8107461 ], [ -115.784727, 60.8107756 ], [ -115.784788699999979, 60.810796499999988 ], [ -115.784719, 60.810847499999987 ], [ -115.784886900000018, 60.8109158 ], [ -115.785204400000012, 60.810748099999984 ], [ -115.7852964, 60.810710799999988 ], [ -115.785767, 60.810782 ], [ -115.7857896, 60.8107419 ], [ -115.7858526, 60.8107505 ], [ -115.786012600000021, 60.8105975 ], [ -115.7859522, 60.810528699999985 ], [ -115.7856923, 60.8104663 ], [ -115.785711799999987, 60.8104211 ], [ -115.7856638, 60.8104127 ], [ -115.785800800000018, 60.8102454 ], [ -115.7853275, 60.810132699999983 ] ] ] } },
{ "type": "Feature", "properties": { "osm_id": 119938009, "building": "hospital", "street": "Gaetz Drive", "area": "New Town Hay River", "flood_pixels": 34 }, "geometry": { "type": "Polygon", "coordinates": [ [ [ -115.779281600000019, 60.8158213 ], [ -115.7792507, 60.8159847 ], [ -115.7790028, 60.8159712 ], [ -115.7789201, 60.8163162 ], [ -115.7790139, 60.8163228 ], [ -115.7789227, 60.81660260000001 ], [ -115.77885569999998, 60.81660260000001 ], [ -115.7788335, 60.8166969 ], [ -115.778917400000012, 60.8167099 ], [ -115.7789227, 60.8167452 ], [ -115.7790944, 60.816751699999983 ], [ -115.7790944, 60.8167818 ], [ -115.779310199999983, 60.8167888 ], [ -115.779333, 60.816509699999983 ], [ -115.7794433, 60.816517300000022 ], [ -115.7794565, 60.816460700000015 ], [ -115.7796523, 60.816462 ], [ -115.7796469, 60.8164084 ], [ -115.7794702, 60.8164044 ], [ -115.77948330000001, 60.81630710000001 ], [ -115.7795716, 60.8163094 ], [ -115.7795819, 60.8162622 ], [ -115.7800924, 60.8162949 ], [ -115.7801315, 60.816112 ], [ -115.7799927, 60.816104099999983 ], [ -115.7795525, 60.8160789 ], [ -115.779565100000013, 60.8160121 ], [ -115.779602699999984, 60.816014699999982 ], [ -115.779647600000018, 60.8158352 ], [ -115.779453299999986, 60.8158278 ], [ -115.779281600000019, 60.8158213 ] ] ] } },
{ "type": "Feature", "properties": { "osm_id": 119938858, "building": "yes", "street": "Riverview Drive", "area": "New Town Hay River", "flood_pixels": 28 }, "geometry": { "type": "Polygon", "coordinates": [ [ [ -115.7851612, 60.812109 ], [ -115.7849463, 60.8122428 ], [ -115.7847525, 60.812177499999983 ], [ -115.7840216, 60.812609 ], [ -115.784579, 60.8128376 ], [ -115.7855391, 60.8122606 ], [ -115.7851612, 60.812109 ] ] ] } },
{ "type": "Feature", "properties": { "osm_id": 228144031, "building": "yes", "street": "unnamed road", "area": "Hay River (other areas)", "flood_pixels": 18 }, "geometry": { "type": "Polygon", "coordinates": [ [ [ -115.778792599999989, 60.8393097 ], [ -115.7783732, 60.8394161 ], [ -115.7782324, 60.8392845 ], [ -115.7782867, 60.8392707 ], [ -115.7781681, 60.839159799999983 ], [ -115.7782361, 60.8391425 ], [ -115.7783568, 60.8392554 ], [ -115.7786539, 60.83918 ], [ -115.778792599999989, 60.8393097 ] ] ] } },
{ "type": "Feature", "properties": { "osm_id": 228144032, "building": "yes", "street": "unnamed road", "area": "Hay River (other areas)", "flood_pixels": 18 }, "geometry": { "type": "Polygon", "coordinates": [ [ [ -115.7779552, 60.838440499999983 ], [ -115.7775881, 60.8385211 ], [ -115.7777895, 60.83873890000001 ], [ -115.77787210000001, 60.8387208 ], [ -115.7780094, 60.8388693 ], [ -115.778217199999986, 60.8388236 ], [ -115.7780883, 60.8386843 ], [ -115.778165, 60.8386675 ], [ -115.7779552, 60.838440499999983 ] ] ] } },
{ "type": "Feature", "properties": { "osm_id": 268294734, "building": "commercial", "street": "Capital Drive", "area": "New Town Hay River", "flood_pixels": 17 }, "geometry": { "type": "Polygon", "coordinates": [ [ [ -115.787102, 60.8082455 ], [ -115.786797, 60.8081924 ], [ -115.78663, 60.808420900000016 ], [ -115.786935, 60.808474 ], [ -115.787102, 60.8082455 ] ] ] } },
{ "type": "Feature", "properties": { "osm_id": 268294736, "building": "commercial", "street": "Capital Drive", "area": "New Town Hay River", "flood_pixels": 33 }, "geometry": { "type": "Polygon", "coordinates": [ [ [ -115.7873822, 60.8078905 ], [ -115.7870552, 60.8078178 ], [ -115.786751900000013, 60.8077361 ], [ -115.7868592, 60.807587 ], [ -115.7871571, 60.8076726 ], [ -115.7875109, 60.8077361 ], [ -115.7873822, 60.8078905 ] ] ] } },
{ "type": "Feature", "properties": { "osm_id": 268294739, "building": "commercial", "street": "Gagnier Street", "area": "New Town Hay River", "flood_pixels": 3 }, "geometry": { "type": "Polygon", "coordinates": [ [ [ -115.7897319, 60.808353 ], [ -115.789293700000016, 60.8082646 ], [ -115.7888957, 60.8087337 ], [ -115.789333900000017, 60.8088221 ], [ -115.7897319, 60.808353 ] ] ] } },
{ "type": "Feature", "properties": { "osm_id": 298986966, "building": "yes", "street": "unnamed road", "area": "Vale Island", "flood_pixels": 18 }, "geometry": { "type": "Polygon", "coordinates": [ [ [ -115.7532665, 60.8445704 ], [ -115.7531313, 60.8444248 ], [ -115.7537932, 60.8442583 ], [ -115.7539284, 60.8444109 ], [ -115.7532665, 60.8445704 ] ] ] } },
{ "type": "Feature", "properties": { "osm_id": 298986967, "building": "yes", "street": "Hay River Highway", "area": "Vale Island", "flood_pixels": 5 }, "geometry": { "type": "Polygon", "coordinates": [ [ [ -115.7552545, 60.8444873 ], [ -115.7549342, 60.8444214 ], [ -115.7551762, 60.844126699999983 ], [ -115.755517800000021, 60.8441926 ], [ -115.7552545, 60.8444873 ] ] ] } },
{ "type": "Feature", "properties": { "osm_id": 305306541, "building": "yes", "street": "Birch Road", "area": "New Town Hay River", "flood_pixels": 13 }, "geometry": { "type": "Polygon", "coordinates": [ [ [ -115.78673240000002, 60.8171841 ], [ -115.7871295, 60.8167162 ], [ -115.7875646, 60.816804 ], [ -115.7874677, 60.8169181 ], [ -115.7874024, 60.8169049 ], [ -115.787316, 60.8170068 ], [ -115.78722980000002, 60.8169894 ], [ -115.787120699999988, 60.817117899999985 ], [ -115.7870044, 60.817094499999982 ], [ -115.7868997, 60.8172178 ], [ -115.78673240000002, 60.8171841 ] ] ] } },
{ "type": "Feature", "properties": { "osm_id": 532421464, "building": "yes", "street": "Service Road", "area": "New Town Hay River", "flood_pixels": 6 }, "geometry": { "type": "Polygon", "coordinates": [ [ [ -115.7845151, 60.8168354 ], [ -115.7839519, 60.816730799999988 ], [ -115.7840754, 60.8165727 ], [ -115.7846387, 60.8166773 ], [ -115.7845151, 60.8168354 ] ] ] } },
{ "type": "Feature", "properties": { "osm_id": 532421474, "building": "commercial", "street": "Gagnier Street", "area": "New Town Hay River", "flood_pixels": 35 }, "geometry": { "type": "Polygon", "coordinates": [ [ [ -115.7889534, 60.80786410000001 ], [ -115.7882027, 60.8077095 ], [ -115.7883184, 60.8075759 ], [ -115.7890656, 60.8077298 ], [ -115.789092100000019, 60.807699199999988 ], [ -115.7896175, 60.8078074 ], [ -115.789433, 60.8080206 ], [ -115.789479700000015, 60.8080302 ], [ -115.789400200000017, 60.808122099999984 ], [ -115.7892752, 60.808096599999985 ], [ -115.78883110000001, 60.8080053 ], [ -115.7889534, 60.80786410000001 ] ] ] } },
{ "type": "Feature", "properties": { "osm_id": 561804471, "building": "yes", "street": "Hay River Highway", "area": "New Town Hay River", "flood_pixels": 18 }, "geometry": { "type": "Polygon", "coordinates": [ [ [ -115.7914292, 60.807804699999984 ], [ -115.7917847, 60.8073934 ], [ -115.7924489, 60.8075299 ], [ -115.79206210000001, 60.8079776 ], [ -115.7917309, 60.8079095 ], [ -115.791762300000016, 60.8078731 ], [ -115.7914292, 60.807804699999984 ] ] ] } },
{ "type": "Feature", "properties": { "osm_id": 561804472, "building": "commercial", "street": "Woodland Drive", "area": "New Town Hay River", "flood_pixels": 3 }, "geometry": { "type": "Polygon", "coordinates": [ [ [ -115.788822, 60.809447899999988 ], [ -115.7884667, 60.8093834 ], [ -115.788889, 60.8088304 ], [ -115.7892446, 60.808895 ], [ -115.788822, 60.809447899999988 ] ] ] } },
{ "type": "Feature", "properties": { "osm_id": 561804473, "building": "commercial", "street": "Capital Drive", "area": "New Town Hay River", "flood_pixels": 47 }, "geometry": { "type": "Polygon", "coordinates": [ [ [ -115.7871759, 60.8090488 ], [ -115.7875572, 60.8085379 ], [ -115.7879591, 60.8086092 ], [ -115.7877431, 60.8088986 ], [ -115.788632, 60.809056400000017 ], [ -115.7884666, 60.809278 ], [ -115.7871759, 60.8090488 ] ] ] } },
{ "type": "Feature", "properties": { "osm_id": 561804474, "building": "commercial", "street": "Gagnier Street", "area": "New Town Hay River", "flood_pixels": 19 }, "geometry": { "type": "Polygon", "coordinates": [ [ [ -115.78774989999998, 60.808294 ], [ -115.787951100000015, 60.8080245 ], [ -115.788200499999988, 60.8080688 ], [ -115.7881207, 60.8081757 ], [ -115.7880563, 60.808164199999986 ], [ -115.7879349, 60.8083268 ], [ -115.78774989999998, 60.808294 ] ] ] } },
{ "type": "Feature", "properties": { "osm_id": 561805765, "building": "yes", "street": "Woodland Drive", "area": "New Town Hay River", "flood_pixels": 11 }, "geometry": { "type": "Polygon", "coordinates": [ [ [ -115.788125400000013, 60.8102798 ], [ -115.7876877, 60.810197099999982 ], [ -115.78810390000001, 60.8096728 ], [ -115.7885417, 60.80975549999998 ], [ -115.788125400000013, 60.8102798 ] ] ] } },
{ "type": "Feature", "properties": { "osm_id": 561805766, "building": "yes", "street": "Woodland Drive", "area": "New Town Hay River", "flood_pixels": 4 }, "geometry": { "type": "Polygon", "coordinates": [ [ [ -115.7900137, 60.809842900000014 ], [ -115.789466299999987, 60.8097395 ], [ -115.7896543, 60.809502799999969 ], [ -115.790201600000017, 60.8096061 ], [ -115.7900137, 60.809842900000014 ] ] ] } },
{ "type": "Feature", "properties": { "osm_id": 561805767, "building": "yes", "street": "Woodland Drive", "area": "New Town Hay River", "flood_pixels": 13 }, "geometry": { "type": "Polygon", "coordinates": [ [ [ -115.789734, 60.809343199999986 ], [ -115.789379, 60.8092761 ], [ -115.789573, 60.8090318 ], [ -115.789928, 60.8090989 ], [ -115.789734, 60.809343199999986 ] ] ] } },
{ "type": "Feature", "properties": { "osm_id": 561805768, "building": "yes", "street": "Woodland Drive", "area": "New Town Hay River", "flood_pixels": 7 }, "geometry": { "type": "Polygon", "coordinates": [ [ [ -115.789820600000013, 60.8093667 ], [ -115.790011199999981, 60.809126600000013 ], [ -115.790437499999982, 60.8092071 ], [ -115.7902468, 60.8094472 ], [ -115.789820600000013, 60.8093667 ] ] ] } },
{ "type": "Feature", "properties": { "osm_id": 561805769, "building": "yes", "street": "Woodland Drive", "area": "New Town Hay River", "flood_pixels": 9 }, "geometry": { "type": "Polygon", "coordinates": [ [ [ -115.79092, 60.8090305 ], [ -115.790256500000012, 60.8089051 ], [ -115.790474900000021, 60.8086301 ], [ -115.79113839999998, 60.8087555 ], [ -115.79092, 60.8090305 ] ] ] } },
{ "type": "Feature", "properties": { "osm_id": 561805770, "building": "yes", "street": "Woodland Drive", "area": "New Town Hay River", "flood_pixels": 64 }, "geometry": { "type": "Polygon", "coordinates": [ [ [ -115.790311, 60.8084327 ], [ -115.790799, 60.8078178 ], [ -115.7918123, 60.808009099999985 ], [ -115.7912539, 60.808712699999987 ], [ -115.7905443, 60.8085787 ], [ -115.79061470000002, 60.8084901 ], [ -115.790311, 60.8084327 ] ] ] } },
{ "type": "Feature", "properties": { "osm_id": 561805771, "building": "yes", "street": "Lepine Road", "area": "New Town Hay River", "flood_pixels": 15 }, "geometry": { "type": "Polygon", "coordinates": [ [ [ -115.790094, 60.8076559 ], [ -115.789863100000019, 60.807609499999984 ], [ -115.790067, 60.8073685 ], [ -115.790297900000013, 60.807414899999984 ], [ -115.790094, 60.8076559 ] ] ] } },
{ "type": "Feature", "properties": { "osm_id": 561805772, "building": "yes", "street": "Lepine Road", "area": "New Town Hay River", "flood_pixels": 14 }, "geometry": { "type": "Polygon", "coordinates": [ [ [ -115.790468099999984, 60.807111099999986 ], [ -115.7902567, 60.8070693 ], [ -115.790477, 60.806804099999987 ], [ -115.79068860000001, 60.806846 ], [ -115.790468099999984, 60.807111099999986 ] ] ] } },
{ "type": "Feature", "properties": { "osm_id": 561805773, "building": "yes", "street": "Capital Drive", "area": "New Town Hay River", "flood_pixels": 15 }, "geometry": { "type": "Polygon", "coordinates": [ [ [ -115.788863899999981, 60.8067626 ], [ -115.7890173, 60.8065462 ], [ -115.7894279, 60.8066222 ], [ -115.789267399999986, 60.8068386 ], [ -115.788863899999981, 60.8067626 ] ] ] } },
{ "type": "Feature", "properties": { "osm_id": 561805774, "building": "yes", "street": "Capital Drive", "area": "New Town Hay River", "flood_pixels": 28 }, "geometry": { "type": "Polygon", "coordinates": [ [ [ -115.788223299999984, 60.8069874 ], [ -115.7876523, 60.8068689 ], [ -115.7878313, 60.806659799999984 ], [ -115.788395200000011, 60.8067817 ], [ -115.788223299999984, 60.8069874 ] ] ] } },
{ "type": "Feature", "properties": { "osm_id": 561805775, "building": "yes", "street": "Capital Drive", "area": "New Town Hay River", "flood_pixels": 12 }, "geometry": { "type": "Polygon", "coordinates": [ [ [ -115.7867575, 60.808696899999987 ], [ -115.786331, 60.8086158 ], [ -115.7864323, 60.8084892 ], [ -115.7868587, 60.8085703 ], [ -115.7867575, 60.808696899999987 ] ] ] } },
{ "type": "Feature", "properties": { "osm_id": 561805776, "building": "yes", "street": "Capital Drive", "area": "New Town Hay River", "flood_pixels": 21 }, "geometry": { "type": "Polygon", "coordinates": [ [ [ -115.7856926, 60.809412499999986 ], [ -115.785920600000011, 60.8091351 ], [ -115.7860547, 60.8091509 ], [ -115.7862676, 60.809212 ], [ -115.786100299999987, 60.809420399999986 ], [ -115.7861285, 60.809427499999984 ], [ -115.7860665, 60.8095051 ], [ -115.7856926, 60.809412499999986 ] ] ] } },
{ "type": "Feature", "properties": { "osm_id": 561805777, "building": "yes", "street": "Riverview Drive", "area": "New Town Hay River", "flood_pixels": 16 }, "geometry": { "type": "Polygon", "coordinates": [ [ [ -115.7850194, 60.811383799999987 ], [ -115.7846376, 60.811316800000014 ], [ -115.7848307, 60.8110552 ], [ -115.785212500000014, 60.8111222 ], [ -115.7850194, 60.811383799999987 ] ] ] } },
{ "type": "Feature", "properties": { "osm_id": 744110031, "building": "yes", "street": "Miron Drive", "area": "Hay River (other areas)", "flood_pixels": 16 }, "geometry": { "type": "Polygon", "coordinates": [ [ [ -115.827886799999987, 60.7820361 ], [ -115.827646700000017, 60.7819565 ], [ -115.8278542, 60.7818075 ], [ -115.8277924, 60.781787 ], [ -115.827859800000013, 60.7817386 ], [ -115.827799, 60.7817184 ], [ -115.8278982, 60.7816472 ], [ -115.8282854, 60.7817757 ], [ -115.8281678, 60.7818602 ], [ -115.8281431, 60.781852 ], [ -115.827886799999987, 60.7820361 ] ] ] } },
{ "type": "Feature", "properties": { "osm_id": 777610018, "building": "apartments", "street": "Capital Drive", "area": "New Town Hay River", "flood_pixels": 39 }, "geometry": { "type": "Polygon", "coordinates": [ [ [ -115.7887484, 60.8063494 ], [ -115.788642300000021, 60.8064875 ], [ -115.7884582, 60.806453 ], [ -115.788309600000019, 60.8066153 ], [ -115.7879981, 60.8065704 ], [ -115.78826, 60.8062527 ], [ -115.7887484, 60.8063494 ] ] ] } },
{ "type": "Feature", "properties": { "osm_id": 817120320, "building": "yes", "street": "Woodland Drive", "area": "New Town Hay River", "flood_pixels": 4 }, "geometry": { "type": "Polygon", "coordinates": [ [ [ -115.78482630000002, 60.8138216 ], [ -115.784820399999987, 60.8137878 ], [ -115.785104800000013, 60.813776 ], [ -115.785110700000018, 60.81380990000001 ], [ -115.78482630000002, 60.8138216 ] ] ] } },
{ "type": "Feature", "properties": { "osm_id": 817120342, "building": "yes", "street": "Porrit Place", "area": "New Town Hay River", "flood_pixels": 3 }, "geometry": { "type": "Polygon", "coordinates": [ [ [ -115.783821300000014, 60.8166731 ], [ -115.7834937, 60.816566 ], [ -115.7835529, 60.816523 ], [ -115.783880499999981, 60.8166301 ], [ -115.783821300000014, 60.8166731 ] ] ] } },
{ "type": "Feature", "properties": { "osm_id": 817120344, "building": "yes", "street": "Service Road", "area": "New Town Hay River", "flood_pixels": 4 }, "geometry": { "type": "Polygon", "coordinates": [ [ [ -115.784146, 60.816313 ], [ -115.7839222, 60.8161727 ], [ -115.7839925, 60.8161556 ], [ -115.78419390000002, 60.8162881 ], [ -115.784146, 60.816313 ] ] ] } },
{ "type": "Feature", "properties": { "osm_id": 817120352, "building": "yes", "street": "Gaetz Drive", "area": "New Town Hay River", "flood_pixels": 4 }, "geometry": { "type": "Polygon", "coordinates": [ [ [ -115.780130799999981, 60.817136 ], [ -115.78042809999998, 60.8169241 ], [ -115.780175600000021, 60.8168336 ], [ -115.7798687, 60.8170425 ], [ -115.780130799999981, 60.817136 ] ] ] } },
{ "type": "Feature", "properties": { "osm_id": 817120360, "building": "yes", "street": "Nahanni Road", "area": "New Town Hay River", "flood_pixels": 20 }, "geometry": { "type": "Polygon", "coordinates": [ [ [ -115.785469, 60.813410299999987 ], [ -115.7856126, 60.813252800000015 ], [ -115.7854941, 60.8132271 ], [ -115.7855494, 60.8131665 ], [ -115.7853172, 60.813116099999988 ], [ -115.785251400000021, 60.8131882 ], [ -115.785171199999979, 60.813170800000023 ], [ -115.7850388, 60.8133158 ], [ -115.7852047, 60.8133518 ], [ -115.7851893, 60.8133686 ], [ -115.7853242, 60.813397800000011 ], [ -115.7853386, 60.813382 ], [ -115.785469, 60.813410299999987 ] ] ] } },
{ "type": "Feature", "properties": { "osm_id": 817120362, "building": "yes", "street": "Woodland Drive", "area": "New Town Hay River", "flood_pixels": 24 }, "geometry": { "type": "Polygon", "coordinates": [ [ [ -115.786577900000012, 60.8128902 ], [ -115.786605, 60.8128667 ], [ -115.7866682, 60.8128755 ], [ -115.786776500000016, 60.812799200000015 ], [ -115.786671200000015, 60.8127787 ], [ -115.7867374, 60.8127317 ], [ -115.7865448, 60.8126774 ], [ -115.786271, 60.8125688 ], [ -115.7861868, 60.8126173 ], [ -115.7864636, 60.8127302 ], [ -115.786602, 60.812768400000017 ], [ -115.7864907, 60.8128652 ], [ -115.786577900000012, 60.8128902 ] ] ] } },
{ "type": "Feature", "properties": { "osm_id": 817120363, "building": "yes", "street": "Woodland Drive", "area": "New Town Hay River", "flood_pixels": 12 }, "geometry": { "type": "Polygon", "coordinates": [ [ [ -115.7879357, 60.8123203 ], [ -115.7873599, 60.812212199999983 ], [ -115.7874376, 60.8121138 ], [ -115.7880134, 60.8122219 ], [ -115.7879357, 60.8123203 ] ] ] } },
{ "type": "Feature", "properties": { "osm_id": 817120365, "building": "yes", "street": "Woodland Drive", "area": "New Town Hay River", "flood_pixels": 21 }, "geometry": { "type": "Polygon", "coordinates": [ [ [ -115.7877365, 60.8116806 ], [ -115.788077700000017, 60.811784799999984 ], [ -115.788202200000015, 60.8116879 ], [ -115.787860899999984, 60.8115837 ], [ -115.7877365, 60.8116806 ] ] ] } },
{ "type": "Feature", "properties": { "osm_id": 817120366, "building": "yes", "street": "Woodland Drive", "area": "New Town Hay River", "flood_pixels": 11 }, "geometry": { "type": "Polygon", "coordinates": [ [ [ -115.787733300000014, 60.812100799999989 ], [ -115.787426400000015, 60.812027399999984 ], [ -115.7875076, 60.81194820000001 ], [ -115.7877905, 60.812012699999983 ], [ -115.787733300000014, 60.812100799999989 ] ] ] } },
{ "type": "Feature", "properties": { "osm_id": 817120372, "building": "yes", "street": "Industrial Drive", "area": "New Town Hay River", "flood_pixels": 11 }, "geometry": { "type": "Polygon", "coordinates": [ [ [ -115.78934, 60.8138952 ], [ -115.788804399999989, 60.813783699999988 ], [ -115.7889097, 60.8136399 ], [ -115.7894633, 60.81375 ], [ -115.78934, 60.8138952 ] ] ] } },
{ "type": "Feature", "properties": { "osm_id": 817120376, "building": "yes", "street": "Commercial Road", "area": "New Town Hay River", "flood_pixels": 4 }, "geometry": { "type": "Polygon", "coordinates": [ [ [ -115.787059500000012, 60.8101099 ], [ -115.787167299999979, 60.8099849 ], [ -115.787223899999987, 60.8099965 ], [ -115.7873731, 60.8098236 ], [ -115.7872876, 60.809806 ], [ -115.7873526, 60.809730599999988 ], [ -115.7871947, 60.8096982 ], [ -115.7871594, 60.8097391 ], [ -115.7870859, 60.809724 ], [ -115.7868729, 60.8099706 ], [ -115.786937300000019, 60.8099838 ], [ -115.7868919, 60.810036399999987 ], [ -115.7869867, 60.8100559 ], [ -115.7869581, 60.8100891 ], [ -115.787059500000012, 60.8101099 ] ] ] } },
{ "type": "Feature", "properties": { "osm_id": 817120378, "building": "yes", "street": "Riverview Drive", "area": "New Town Hay River", "flood_pixels": 13 }, "geometry": { "type": "Polygon", "coordinates": [ [ [ -115.7836039, 60.8116358 ], [ -115.783720400000021, 60.811504699999986 ], [ -115.7835674, 60.8114723 ], [ -115.78359420000001, 60.8114421 ], [ -115.7835119, 60.8114247 ], [ -115.7832946, 60.8116693 ], [ -115.7834407, 60.8117001 ], [ -115.783514700000012, 60.8116169 ], [ -115.7836039, 60.8116358 ] ] ] } },
{ "type": "Feature", "properties": { "osm_id": 817120385, "building": "yes", "street": "Caribou Crescent", "area": "New Town Hay River", "flood_pixels": 4 }, "geometry": { "type": "Polygon", "coordinates": [ [ [ -115.7795752, 60.812632399999984 ], [ -115.7793961, 60.8125139 ], [ -115.7792538, 60.8125651 ], [ -115.7794328, 60.8126836 ], [ -115.7795752, 60.812632399999984 ] ] ] } },
{ "type": "Feature", "properties": { "osm_id": 817120386, "building": "yes", "street": "Riverview Drive", "area": "New Town Hay River", "flood_pixels": 3 }, "geometry": { "type": "Polygon", "coordinates": [ [ [ -115.7796684, 60.8125467 ], [ -115.7795377, 60.812468 ], [ -115.779667, 60.81242060000001 ], [ -115.779799, 60.8124966 ], [ -115.7796684, 60.8125467 ] ] ] } },
{ "type": "Feature", "properties": { "osm_id": 817120391, "building": "yes", "street": "Commercial Road", "area": "New Town Hay River", "flood_pixels": 12 }, "geometry": { "type": "Polygon", "coordinates": [ [ [ -115.7886522, 60.8106925 ], [ -115.7883743, 60.810638499999989 ], [ -115.78824, 60.810809099999972 ], [ -115.788519099999988, 60.8108677 ], [ -115.7886522, 60.8106925 ] ] ] } },
{ "type": "Feature", "properties": { "osm_id": 817120392, "building": "yes", "street": "Commercial Road", "area": "New Town Hay River", "flood_pixels": 20 }, "geometry": { "type": "Polygon", "coordinates": [ [ [ -115.7891493, 60.8111049 ], [ -115.789061, 60.8110882 ], [ -115.789093500000021, 60.8110475 ], [ -115.788843600000021, 60.811 ], [ -115.788878200000013, 60.810956699999984 ], [ -115.7892244, 60.81102239999997 ], [ -115.789159900000016, 60.8111032 ], [ -115.7891493, 60.8111049 ] ] ] } },
{ "type": "Feature", "properties": { "osm_id": 817120393, "building": "yes", "street": "Woodland Drive", "area": "New Town Hay River", "flood_pixels": 18 }, "geometry": { "type": "Polygon", "coordinates": [ [ [ -115.7881411, 60.8113226 ], [ -115.788251800000012, 60.8112175 ], [ -115.7880857, 60.811179 ], [ -115.7879785, 60.8112824 ], [ -115.7881411, 60.8113226 ] ] ] } },
{ "type": "Feature", "properties": { "osm_id": 817120394, "building": "yes", "street": "Industrial Drive", "area": "New Town Hay River", "flood_pixels": 5 }, "geometry": { "type": "Polygon", "coordinates": [ [ [ -115.790198600000011, 60.812242199999986 ], [ -115.7907331, 60.812355699999983 ], [ -115.790820899999986, 60.8122574 ], [ -115.7902864, 60.812143900000017 ], [ -115.790198600000011, 60.812242199999986 ] ] ] } },
{ "type": "Feature", "properties": { "osm_id": 817120396, "building": "yes", "street": "Industrial Drive", "area": "New Town Hay River", "flood_pixels": 4 }, "geometry": { "type": "Polygon", "coordinates": [ [ [ -115.791541899999984, 60.8110001 ], [ -115.7914281, 60.8109776 ], [ -115.791388, 60.8110257 ], [ -115.7910563, 60.8109602 ], [ -115.791249600000015, 60.8107273 ], [ -115.7918825, 60.8108523 ], [ -115.7917629, 60.8109963 ], [ -115.7915758, 60.8109593 ], [ -115.791541899999984, 60.8110001 ] ] ] } },
{ "type": "Feature", "properties": { "osm_id": 817120402, "building": "yes", "street": "Industrial Drive", "area": "New Town Hay River", "flood_pixels": 10 }, "geometry": { "type": "Polygon", "coordinates": [ [ [ -115.7935053, 60.8102057 ], [ -115.7936284, 60.810047 ], [ -115.7934195, 60.8100009 ], [ -115.793276600000013, 60.8101628 ], [ -115.7935053, 60.8102057 ] ] ] } },
{ "type": "Feature", "properties": { "osm_id": 817120404, "building": "yes", "street": "Industrial Drive", "area": "New Town Hay River", "flood_pixels": 6 }, "geometry": { "type": "Polygon", "coordinates": [ [ [ -115.79420810000002, 60.8099192 ], [ -115.793878400000011, 60.8098562 ], [ -115.7938996, 60.8098299 ], [ -115.793837600000018, 60.809818 ], [ -115.7938728, 60.8097742 ], [ -115.7942644, 60.8098491 ], [ -115.79420810000002, 60.8099192 ] ] ] } },
{ "type": "Feature", "properties": { "osm_id": 817120408, "building": "yes", "street": "Industrial Drive", "area": "New Town Hay River", "flood_pixels": 3 }, "geometry": { "type": "Polygon", "coordinates": [ [ [ -115.7948819, 60.809893600000017 ], [ -115.7942991, 60.8098014 ], [ -115.7943783, 60.8097038 ], [ -115.7949698, 60.8097907 ], [ -115.7948819, 60.809893600000017 ] ] ] } },
{ "type": "Feature", "properties": { "osm_id": 817120417, "building": "yes", "street": "Industrial Drive", "area": "New Town Hay River", "flood_pixels": 23 }, "geometry": { "type": "Polygon", "coordinates": [ [ [ -115.796454499999982, 60.8078763 ], [ -115.795464, 60.807675299999985 ], [ -115.7955435, 60.8075783 ], [ -115.79576040000002, 60.80761 ], [ -115.795821900000021, 60.8075501 ], [ -115.7965955, 60.807721099999988 ], [ -115.796454499999982, 60.8078763 ] ] ] } },
{ "type": "Feature", "properties": { "osm_id": 817120418, "building": "yes", "street": "unnamed road", "area": "New Town Hay River", "flood_pixels": 3 }, "geometry": { "type": "Polygon", "coordinates": [ [ [ -115.7970582, 60.8079821 ], [ -115.7968016, 60.8079345 ], [ -115.796852200000018, 60.807867499999986 ], [ -115.7971052, 60.8079204 ], [ -115.7970582, 60.8079821 ] ] ] } },
{ "type": "Feature", "properties": { "osm_id": 817406644, "building": "yes", "street": "Industrial Drive", "area": "New Town Hay River", "flood_pixels": 3 }, "geometry": { "type": "Polygon", "coordinates": [ [ [ -115.79203480000001, 60.8121022 ], [ -115.792556, 60.8121982 ], [ -115.7926424, 60.812086599999986 ], [ -115.792121100000017, 60.811990699999988 ], [ -115.79203480000001, 60.8121022 ] ] ] } },
{ "type": "Feature", "properties": { "osm_id": 817406650, "building": "yes", "street": "Studney Drive", "area": "New Town Hay River", "flood_pixels": 10 }, "geometry": { "type": "Polygon", "coordinates": [ [ [ -115.79789, 60.8108177 ], [ -115.798257299999989, 60.810398 ], [ -115.7979789, 60.8103401 ], [ -115.7976115, 60.8107597 ], [ -115.79789, 60.8108177 ] ] ] } },
{ "type": "Feature", "properties": { "osm_id": 817406693, "building": "yes", "street": "Aspen Drive", "area": "New Town Hay River", "flood_pixels": 7 }, "geometry": { "type": "Polygon", "coordinates": [ [ [ -115.799279199999987, 60.804291 ], [ -115.79953519999998, 60.8039679 ], [ -115.7992075, 60.8039061 ], [ -115.798951500000015, 60.8042292 ], [ -115.799279199999987, 60.804291 ] ] ] } },
{ "type": "Feature", "properties": { "osm_id": 817406694, "building": "yes", "street": "Aspen Drive", "area": "New Town Hay River", "flood_pixels": 7 }, "geometry": { "type": "Polygon", "coordinates": [ [ [ -115.7990659, 60.8040269 ], [ -115.799166, 60.803905899999982 ], [ -115.799022399999984, 60.803877599999986 ], [ -115.7989223, 60.8039987 ], [ -115.7990659, 60.8040269 ] ] ] } },
{ "type": "Feature", "properties": { "osm_id": 817406698, "building": "yes", "street": "Willow Road", "area": "Hay River (other areas)", "flood_pixels": 4 }, "geometry": { "type": "Polygon", "coordinates": [ [ [ -115.801188, 60.803531799999988 ], [ -115.8008405, 60.803463200000024 ], [ -115.8009055, 60.8033848 ], [ -115.8012417, 60.8034511 ], [ -115.801188, 60.8035159 ], [ -115.801188, 60.803531799999988 ] ] ] } },
{ "type": "Feature", "properties": { "osm_id": 817406713, "building": "yes", "street": "Willow Road", "area": "Hay River (other areas)", "flood_pixels": 8 }, "geometry": { "type": "Polygon", "coordinates": [ [ [ -115.8035279, 60.803455299999989 ], [ -115.8037166, 60.8032477 ], [ -115.8035889, 60.8032201 ], [ -115.803613900000016, 60.80319260000001 ], [ -115.8034667, 60.8031608 ], [ -115.803352500000017, 60.8032864 ], [ -115.803483799999981, 60.8033148 ], [ -115.803384300000019, 60.8034243 ], [ -115.8035279, 60.803455299999989 ] ] ] } },
{ "type": "Feature", "properties": { "osm_id": 817406714, "building": "hospital", "street": "Mackenzie Highway", "area": "Hay River (other areas)", "flood_pixels": 35 }, "geometry": { "type": "Polygon", "coordinates": [ [ [ -115.804418899999988, 60.802150699999984 ], [ -115.805864900000017, 60.80192 ], [ -115.8058099, 60.8018476 ], [ -115.806018900000012, 60.8018047 ], [ -115.8062938, 60.80214 ], [ -115.8065412, 60.8021024 ], [ -115.8064532, 60.8019495 ], [ -115.8066017, 60.80192 ], [ -115.8064202, 60.8016384 ], [ -115.80628830000002, 60.8016652 ], [ -115.806139800000011, 60.8014319 ], [ -115.806238800000017, 60.8014158 ], [ -115.806205, 60.8013119 ], [ -115.806045900000015, 60.8013335 ], [ -115.8059754, 60.801212599999978 ], [ -115.805915399999989, 60.8012228 ], [ -115.8058867, 60.8011795 ], [ -115.805545, 60.8012355 ], [ -115.805688500000016, 60.801497699999985 ], [ -115.8055972, 60.801513 ], [ -115.8055868, 60.8014926 ], [ -115.805505899999986, 60.801500199999985 ], [ -115.805453699999987, 60.8015079 ], [ -115.805412, 60.801523099999983 ], [ -115.80541980000001, 60.8015473 ], [ -115.8051928, 60.801583 ], [ -115.8051642, 60.8015359 ], [ -115.8050259, 60.8015575 ], [ -115.805052, 60.8015982 ], [ -115.804480700000013, 60.80168860000002 ], [ -115.8045094, 60.8017369 ], [ -115.8041259, 60.8018095 ], [ -115.8042277, 60.8019825 ], [ -115.804274599999985, 60.80198 ], [ -115.8042981, 60.802020699999979 ], [ -115.8043476, 60.8020131 ], [ -115.804418899999988, 60.802150699999984 ] ] ] } },
{ "type": "Feature", "properties": { "osm_id": 817406733, "building": "yes", "street": "Service Road", "area": "Hay River (other areas)", "flood_pixels": 15 }, "geometry": { "type": "Polygon", "coordinates": [ [ [ -115.800563, 60.8014595 ], [ -115.800166, 60.8012519 ], [ -115.800493, 60.8011031 ], [ -115.80089, 60.8013107 ], [ -115.800563, 60.8014595 ] ] ] } },
{ "type": "Feature", "properties": { "osm_id": 817406734, "building": "yes", "street": "Service Road", "area": "Hay River (other areas)", "flood_pixels": 11 }, "geometry": { "type": "Polygon", "coordinates": [ [ [ -115.8010622, 60.8009288 ], [ -115.800657499999986, 60.801105 ], [ -115.8009685, 60.801282900000011 ], [ -115.801383299999983, 60.8011034 ], [ -115.8010622, 60.8009288 ] ] ] } },
{ "type": "Feature", "properties": { "osm_id": 817406744, "building": "yes", "street": "Stewart Drive", "area": "Hay River (other areas)", "flood_pixels": 3 }, "geometry": { "type": "Polygon", "coordinates": [ [ [ -115.7990172, 60.801345199999979 ], [ -115.798749, 60.8012997 ], [ -115.7987946, 60.801235599999984 ], [ -115.799062800000016, 60.8012811 ], [ -115.7990172, 60.801345199999979 ] ] ] } },
{ "type": "Feature", "properties": { "osm_id": 817406746, "building": "yes", "street": "Stewart Drive", "area": "Hay River (other areas)", "flood_pixels": 6 }, "geometry": { "type": "Polygon", "coordinates": [ [ [ -115.79880270000001, 60.801505400000011 ], [ -115.798883, 60.801414 ], [ -115.7987057, 60.801383 ], [ -115.7986254, 60.801474399999989 ], [ -115.79880270000001, 60.801505400000011 ] ] ] } },
{ "type": "Feature", "properties": { "osm_id": 817408901, "building": "yes", "street": "unnamed road", "area": "Hay River (other areas)", "flood_pixels": 6 }, "geometry": { "type": "Polygon", "coordinates": [ [ [ -115.811984900000013, 60.7987218 ], [ -115.8118601, 60.7987837 ], [ -115.8117987, 60.7987542 ], [ -115.8119235, 60.7986923 ], [ -115.811984900000013, 60.7987218 ] ] ] } },
{ "type": "Feature", "properties": { "osm_id": 817417590, "building": "yes", "street": "Miron Drive", "area": "Hay River (other areas)", "flood_pixels": 8 }, "geometry": { "type": "Polygon", "coordinates": [ [ [ -115.8159255, 60.794241 ], [ -115.815784400000013, 60.7941208 ], [ -115.81556519999998, 60.7941821 ], [ -115.81565879999998, 60.7942618 ], [ -115.81580120000001, 60.7942219 ], [ -115.8158488, 60.7942625 ], [ -115.8159255, 60.794241 ] ] ] } },
{ "type": "Feature", "properties": { "osm_id": 817417591, "building": "yes", "street": "Miron Drive", "area": "Hay River (other areas)", "flood_pixels": 9 }, "geometry": { "type": "Polygon", "coordinates": [ [ [ -115.8156498, 60.7943697 ], [ -115.8155777, 60.7943062 ], [ -115.8156225, 60.7942941 ], [ -115.8155182, 60.7942022 ], [ -115.8153089, 60.7942588 ], [ -115.8154852, 60.7944142 ], [ -115.8156498, 60.7943697 ] ] ] } },
{ "type": "Feature", "properties": { "osm_id": 817417592, "building": "house", "street": "Miron Drive", "area": "Hay River (other areas)", "flood_pixels": 9 }, "geometry": { "type": "Polygon", "coordinates": [ [ [ -115.815182900000011, 60.794507099999976 ], [ -115.8150163, 60.794371 ], [ -115.8152404, 60.79430570000001 ], [ -115.8153764, 60.7944168 ], [ -115.815326200000015, 60.7944314 ], [ -115.81530140000001, 60.7944112 ], [ -115.815205400000011, 60.7944391 ], [ -115.815260800000019, 60.7944844 ], [ -115.815182900000011, 60.794507099999976 ] ] ] } },
{ "type": "Feature", "properties": { "osm_id": 817417593, "building": "house", "street": "Miron Drive", "area": "Hay River (other areas)", "flood_pixels": 3 }, "geometry": { "type": "Polygon", "coordinates": [ [ [ -115.8148424, 60.7945379 ], [ -115.814763700000015, 60.7944576 ], [ -115.8149738, 60.7944086 ], [ -115.815088900000021, 60.7945261 ], [ -115.8149503, 60.7945584 ], [ -115.814913799999985, 60.7945212 ], [ -115.8148424, 60.7945379 ] ] ] } },
{ "type": "Feature", "properties": { "osm_id": 817417594, "building": "house", "street": "Miron Drive", "area": "Hay River (other areas)", "flood_pixels": 8 }, "geometry": { "type": "Polygon", "coordinates": [ [ [ -115.814558800000015, 60.7946339 ], [ -115.8144649, 60.7944965 ], [ -115.81467480000002, 60.7944624 ], [ -115.814740300000011, 60.7945584 ], [ -115.8146577, 60.7945718 ], [ -115.8146859, 60.794613199999986 ], [ -115.814558800000015, 60.7946339 ] ] ] } },
{ "type": "Feature", "properties": { "osm_id": 817417595, "building": "house", "street": "Miron Drive", "area": "Hay River (other areas)", "flood_pixels": 10 }, "geometry": { "type": "Polygon", "coordinates": [ [ [ -115.81435879999998, 60.794701199999977 ], [ -115.8143207, 60.794651299999984 ], [ -115.81447270000001, 60.7946237 ], [ -115.8144027, 60.794532 ], [ -115.8141053, 60.794586 ], [ -115.8142134, 60.79472770000001 ], [ -115.81435879999998, 60.794701199999977 ] ] ] } },
{ "type": "Feature", "properties": { "osm_id": 817417598, "building": "house", "street": "Miron Drive", "area": "Hay River (other areas)", "flood_pixels": 5 }, "geometry": { "type": "Polygon", "coordinates": [ [ [ -115.8139864, 60.7947857 ], [ -115.813776099999984, 60.7948212 ], [ -115.8136726, 60.794675500000011 ], [ -115.813883, 60.7946399 ], [ -115.8139864, 60.7947857 ] ] ] } },
{ "type": "Feature", "properties": { "osm_id": 817417605, "building": "house", "street": "Miron Drive", "area": "Hay River (other areas)", "flood_pixels": 5 }, "geometry": { "type": "Polygon", "coordinates": [ [ [ -115.810342500000019, 60.795230599999989 ], [ -115.81031, 60.7951465 ], [ -115.810092, 60.7951665 ], [ -115.810108500000013, 60.7952093 ], [ -115.8100802, 60.795211899999984 ], [ -115.8101108, 60.795291 ], [ -115.8102074, 60.7952821 ], [ -115.8101928, 60.795244299999986 ], [ -115.810342500000019, 60.795230599999989 ] ] ] } },
{ "type": "Feature", "properties": { "osm_id": 817417606, "building": "house", "street": "Miron Drive", "area": "Hay River (other areas)", "flood_pixels": 4 }, "geometry": { "type": "Polygon", "coordinates": [ [ [ -115.8098762, 60.795312699999982 ], [ -115.809710700000011, 60.7953169 ], [ -115.8096923, 60.7951424 ], [ -115.8099383, 60.7951362 ], [ -115.8099489, 60.7952378 ], [ -115.8099764, 60.7952499 ], [ -115.8099265, 60.795276799999989 ], [ -115.8099288, 60.7952987 ], [ -115.809874899999983, 60.795300100000013 ], [ -115.8098762, 60.795312699999982 ] ] ] } },
{ "type": "Feature", "properties": { "osm_id": 817417645, "building": "house", "street": "Miron Drive", "area": "Hay River (other areas)", "flood_pixels": 3 }, "geometry": { "type": "Polygon", "coordinates": [ [ [ -115.810690600000015, 60.7956908 ], [ -115.8106631, 60.795586299999989 ], [ -115.8105269, 60.795594799999989 ], [ -115.810517, 60.795557 ], [ -115.8103886, 60.795565 ], [ -115.8104261, 60.795707299999989 ], [ -115.810690600000015, 60.7956908 ] ] ] } },
{ "type": "Feature", "properties": { "osm_id": 817417646, "building": "house", "street": "Miron Drive", "area": "Hay River (other areas)", "flood_pixels": 15 }, "geometry": { "type": "Polygon", "coordinates": [ [ [ -115.810136, 60.7957338 ], [ -115.8103595, 60.7957226 ], [ -115.810337799999985, 60.7956194 ], [ -115.8102541, 60.7956235 ], [ -115.8102461, 60.7955857 ], [ -115.8101065, 60.7955927 ], [ -115.810136, 60.7957338 ] ] ] } },
{ "type": "Feature", "properties": { "osm_id": 817417648, "building": "house", "street": "John Mapes Crescent", "area": "Hay River (other areas)", "flood_pixels": 3 }, "geometry": { "type": "Polygon", "coordinates": [ [ [ -115.8097618, 60.796031599999978 ], [ -115.809853800000013, 60.7960161 ], [ -115.80987420000001, 60.7960451 ], [ -115.810076100000018, 60.796011099999987 ], [ -115.810012299999983, 60.795920899999977 ], [ -115.809718500000017, 60.7959703 ], [ -115.8097618, 60.796031599999978 ] ] ] } },
{ "type": "Feature", "properties": { "osm_id": 817417666, "building": "house", "street": "Covert Place", "area": "Hay River (other areas)", "flood_pixels": 4 }, "geometry": { "type": "Polygon", "coordinates": [ [ [ -115.804781500000018, 60.797057 ], [ -115.8046318, 60.797001 ], [ -115.8048253, 60.7968779 ], [ -115.8049751, 60.7969339 ], [ -115.804781500000018, 60.797057 ] ] ] } },
{ "type": "Feature", "properties": { "osm_id": 817417667, "building": "house", "street": "Covert Place", "area": "Hay River (other areas)", "flood_pixels": 4 }, "geometry": { "type": "Polygon", "coordinates": [ [ [ -115.8044162, 60.797161899999985 ], [ -115.804602700000018, 60.7971559 ], [ -115.8045864, 60.797036299999988 ], [ -115.804399900000021, 60.7970423 ], [ -115.8044162, 60.797161899999985 ] ] ] } },
{ "type": "Feature", "properties": { "osm_id": 817417669, "building": "house", "street": "Miron Drive", "area": "Hay River (other areas)", "flood_pixels": 8 }, "geometry": { "type": "Polygon", "coordinates": [ [ [ -115.8035332, 60.796871899999985 ], [ -115.803387699999988, 60.7967964 ], [ -115.803603700000011, 60.7966972 ], [ -115.8036749, 60.7967341 ], [ -115.8037682, 60.7966913 ], [ -115.803886600000013, 60.7967527 ], [ -115.8037644, 60.7968087 ], [ -115.803720499999983, 60.796786 ], [ -115.8035332, 60.796871899999985 ] ] ] } },
{ "type": "Feature", "properties": { "osm_id": 817417671, "building": "house", "street": "Miron Drive", "area": "Hay River (other areas)", "flood_pixels": 7 }, "geometry": { "type": "Polygon", "coordinates": [ [ [ -115.8032703, 60.797016299999981 ], [ -115.8030413, 60.79710229999997 ], [ -115.802949, 60.7970438 ], [ -115.8030129, 60.7970198 ], [ -115.802967700000011, 60.7969912 ], [ -115.8031329, 60.796929199999987 ], [ -115.8032703, 60.797016299999981 ] ] ] } },
{ "type": "Feature", "properties": { "osm_id": 817417678, "building": "house", "street": "Miron Drive", "area": "Hay River (other areas)", "flood_pixels": 9 }, "geometry": { "type": "Polygon", "coordinates": [ [ [ -115.805114300000014, 60.795669 ], [ -115.8050091, 60.7955639 ], [ -115.8050875, 60.7955453 ], [ -115.805065499999984, 60.7955233 ], [ -115.8051801, 60.7954961 ], [ -115.8052805, 60.7955964 ], [ -115.8053115, 60.795589 ], [ -115.805377100000015, 60.7956546 ], [ -115.805253800000017, 60.795683899999979 ], [ -115.80521490000001, 60.7956451 ], [ -115.805114300000014, 60.795669 ] ] ] } },
{ "type": "Feature", "properties": { "osm_id": 817417679, "building": "house", "street": "Miron Drive", "area": "Hay River (other areas)", "flood_pixels": 7 }, "geometry": { "type": "Polygon", "coordinates": [ [ [ -115.804697200000021, 60.7957568 ], [ -115.80454210000002, 60.7956095 ], [ -115.8047783, 60.795550299999988 ], [ -115.8049026, 60.7956682 ], [ -115.804788, 60.795697 ], [ -115.8048188, 60.7957263 ], [ -115.804697200000021, 60.7957568 ] ] ] } },
{ "type": "Feature", "properties": { "osm_id": 817417685, "building": "house", "street": "Miron Drive", "area": "Hay River (other areas)", "flood_pixels": 10 }, "geometry": { "type": "Polygon", "coordinates": [ [ [ -115.802986200000021, 60.796606199999985 ], [ -115.8031183, 60.796554 ], [ -115.8030439, 60.7965091 ], [ -115.8031031, 60.7964858 ], [ -115.8029474, 60.79639190000001 ], [ -115.8027561, 60.7964674 ], [ -115.802986200000021, 60.796606199999985 ] ] ] } },
{ "type": "Feature", "properties": { "osm_id": 817417686, "building": "house", "street": "Miron Drive", "area": "Hay River (other areas)", "flood_pixels": 9 }, "geometry": { "type": "Polygon", "coordinates": [ [ [ -115.8026681, 60.7967517 ], [ -115.802909199999988, 60.7966498 ], [ -115.802795799999984, 60.796586 ], [ -115.8025547, 60.796687900000016 ], [ -115.8026681, 60.7967517 ] ] ] } },
{ "type": "Feature", "properties": { "osm_id": 817417687, "building": "house", "street": "Miron Drive", "area": "Hay River (other areas)", "flood_pixels": 6 }, "geometry": { "type": "Polygon", "coordinates": [ [ [ -115.802522, 60.796775299999986 ], [ -115.8023184, 60.7968679 ], [ -115.802212, 60.7968122 ], [ -115.802415699999983, 60.7967196 ], [ -115.802522, 60.796775299999986 ] ] ] } },
{ "type": "Feature", "properties": { "osm_id": 817417695, "building": "house", "street": "Morin Place", "area": "Hay River (other areas)", "flood_pixels": 7 }, "geometry": { "type": "Polygon", "coordinates": [ [ [ -115.7995167, 60.798004899999974 ], [ -115.799430900000019, 60.797964800000024 ], [ -115.7993451, 60.7980086 ], [ -115.799202300000019, 60.797942 ], [ -115.7994162, 60.7978328 ], [ -115.7996448, 60.7979395 ], [ -115.7995167, 60.798004899999974 ] ] ] } },
{ "type": "Feature", "properties": { "osm_id": 817417696, "building": "house", "street": "Morin Place", "area": "Hay River (other areas)", "flood_pixels": 5 }, "geometry": { "type": "Polygon", "coordinates": [ [ [ -115.799646600000017, 60.797927099999988 ], [ -115.7998836, 60.7979046 ], [ -115.7998527, 60.7978268 ], [ -115.799615700000018, 60.7978492 ], [ -115.799646600000017, 60.797927099999988 ] ] ] } },
{ "type": "Feature", "properties": { "osm_id": 817417697, "building": "house", "street": "Morin Place", "area": "Hay River (other areas)", "flood_pixels": 4 }, "geometry": { "type": "Polygon", "coordinates": [ [ [ -115.8000078, 60.7977948 ], [ -115.8000474, 60.7977054 ], [ -115.799960100000021, 60.7976962 ], [ -115.7999205, 60.7977856 ], [ -115.8000078, 60.7977948 ] ] ] } },
{ "type": "Feature", "properties": { "osm_id": 817417714, "building": "house", "street": "Stewart Drive", "area": "Hay River (other areas)", "flood_pixels": 6 }, "geometry": { "type": "Polygon", "coordinates": [ [ [ -115.7989805, 60.800312499999983 ], [ -115.798836900000012, 60.8002787 ], [ -115.7988698, 60.8002454 ], [ -115.7987223, 60.8002108 ], [ -115.7988059, 60.8001262 ], [ -115.799097, 60.8001945 ], [ -115.7989805, 60.800312499999983 ] ] ] } },
{ "type": "Feature", "properties": { "osm_id": 817417717, "building": "house", "street": "McBryan Drive", "area": "Hay River (other areas)", "flood_pixels": 5 }, "geometry": { "type": "Polygon", "coordinates": [ [ [ -115.798132400000014, 60.800552 ], [ -115.7980164, 60.8005431 ], [ -115.7980049, 60.8005784 ], [ -115.797876500000015, 60.8005686 ], [ -115.7979077, 60.80047230000001 ], [ -115.79798550000001, 60.800478299999988 ], [ -115.798003, 60.800424200000016 ], [ -115.7981696, 60.8004371 ], [ -115.798132400000014, 60.800552 ] ] ] } },
{ "type": "Feature", "properties": { "osm_id": 817417720, "building": "house", "street": "McBryan Drive", "area": "Hay River (other areas)", "flood_pixels": 19 }, "geometry": { "type": "Polygon", "coordinates": [ [ [ -115.7969228, 60.8007229 ], [ -115.7967853, 60.800586 ], [ -115.7966055, 60.8006289 ], [ -115.7966738, 60.800697 ], [ -115.7966137, 60.800711299999989 ], [ -115.7966829, 60.8007802 ], [ -115.7969228, 60.8007229 ] ] ] } },
{ "type": "Feature", "properties": { "osm_id": 817417722, "building": "house", "street": "McBryan Drive", "area": "Hay River (other areas)", "flood_pixels": 18 }, "geometry": { "type": "Polygon", "coordinates": [ [ [ -115.79598559999998, 60.8008184 ], [ -115.7961222, 60.8007857 ], [ -115.796081, 60.8007448 ], [ -115.7961935, 60.8007178 ], [ -115.7961033, 60.8006284 ], [ -115.795951, 60.8006649 ], [ -115.7959706, 60.8006844 ], [ -115.7958738, 60.8007076 ], [ -115.79598559999998, 60.8008184 ] ] ] } },
{ "type": "Feature", "properties": { "osm_id": 817417725, "building": "house", "street": "McBryan Drive", "area": "Hay River (other areas)", "flood_pixels": 3 }, "geometry": { "type": "Polygon", "coordinates": [ [ [ -115.7980641, 60.8010373 ], [ -115.79782920000001, 60.8009876 ], [ -115.7978934, 60.8009154 ], [ -115.798128299999988, 60.800965 ], [ -115.7980641, 60.8010373 ] ] ] } },
{ "type": "Feature", "properties": { "osm_id": 817417726, "building": "house", "street": "Stewart Drive", "area": "Hay River (other areas)", "flood_pixels": 3 }, "geometry": { "type": "Polygon", "coordinates": [ [ [ -115.797807, 60.8012531 ], [ -115.7979292, 60.8012801 ], [ -115.797897599999985, 60.801314099999985 ], [ -115.7980705, 60.8013524 ], [ -115.7981224, 60.8012966 ], [ -115.798047200000013, 60.80128 ], [ -115.7980961, 60.8012274 ], [ -115.797876200000019, 60.8011787 ], [ -115.797807, 60.8012531 ] ] ] } },
{ "type": "Feature", "properties": { "osm_id": 817417727, "building": "house", "street": "Stewart Drive", "area": "Hay River (other areas)", "flood_pixels": 3 }, "geometry": { "type": "Polygon", "coordinates": [ [ [ -115.797942, 60.8014694 ], [ -115.7976759, 60.8014158 ], [ -115.797729599999982, 60.801345500000011 ], [ -115.798000499999986, 60.8013932 ], [ -115.797942, 60.8014694 ] ] ] } },
{ "type": "Feature", "properties": { "osm_id": 817417729, "building": "house", "street": "Stewart Drive", "area": "Hay River (other areas)", "flood_pixels": 4 }, "geometry": { "type": "Polygon", "coordinates": [ [ [ -115.7978298, 60.80164 ], [ -115.7976507, 60.8016046 ], [ -115.79775, 60.8014854 ], [ -115.797929, 60.8015209 ], [ -115.7978298, 60.80164 ] ] ] } },
{ "type": "Feature", "properties": { "osm_id": 817417739, "building": "house", "street": "McRorie Road", "area": "Hay River (other areas)", "flood_pixels": 4 }, "geometry": { "type": "Polygon", "coordinates": [ [ [ -115.7959768, 60.8019173 ], [ -115.7958465, 60.8018818 ], [ -115.7959897, 60.8017567 ], [ -115.79612, 60.8017922 ], [ -115.7959768, 60.8019173 ] ] ] } },
{ "type": "Feature", "properties": { "osm_id": 817417740, "building": "house", "street": "McRorie Road", "area": "Hay River (other areas)", "flood_pixels": 15 }, "geometry": { "type": "Polygon", "coordinates": [ [ [ -115.79573670000002, 60.8018477 ], [ -115.7955602, 60.8018025 ], [ -115.7956674, 60.801703 ], [ -115.7958438, 60.8017483 ], [ -115.79573670000002, 60.8018477 ] ] ] } },
{ "type": "Feature", "properties": { "osm_id": 817417741, "building": "house", "street": "McBryan Drive", "area": "Hay River (other areas)", "flood_pixels": 17 }, "geometry": { "type": "Polygon", "coordinates": [ [ [ -115.7961452, 60.8014643 ], [ -115.7962811, 60.801348 ], [ -115.796145, 60.8013101 ], [ -115.796009, 60.8014265 ], [ -115.7961452, 60.8014643 ] ] ] } },
{ "type": "Feature", "properties": { "osm_id": 817417742, "building": "house", "street": "McBryan Drive", "area": "Hay River (other areas)", "flood_pixels": 5 }, "geometry": { "type": "Polygon", "coordinates": [ [ [ -115.795065900000012, 60.801543799999983 ], [ -115.7947676, 60.8014727 ], [ -115.7948971, 60.8013434 ], [ -115.7953487, 60.8014509 ], [ -115.7952711, 60.8015284 ], [ -115.795117800000014, 60.8014919 ], [ -115.795065900000012, 60.801543799999983 ] ] ] } },
{ "type": "Feature", "properties": { "osm_id": 817417743, "building": "house", "street": "McBryan Drive", "area": "Hay River (other areas)", "flood_pixels": 6 }, "geometry": { "type": "Polygon", "coordinates": [ [ [ -115.795062300000012, 60.801304799999983 ], [ -115.79532810000002, 60.801375599999986 ], [ -115.795408800000018, 60.8013034 ], [ -115.795143, 60.8012326 ], [ -115.795062300000012, 60.801304799999983 ] ] ] } },
{ "type": "Feature", "properties": { "osm_id": 817417744, "building": "house", "street": "McBryan Drive", "area": "Hay River (other areas)", "flood_pixels": 10 }, "geometry": { "type": "Polygon", "coordinates": [ [ [ -115.79545, 60.8012426 ], [ -115.7952923, 60.8011965 ], [ -115.7954201, 60.8010924 ], [ -115.7955778, 60.8011385 ], [ -115.79545, 60.8012426 ] ] ] } },
{ "type": "Feature", "properties": { "osm_id": 817417745, "building": "house", "street": "McBryan Drive", "area": "Hay River (other areas)", "flood_pixels": 22 }, "geometry": { "type": "Polygon", "coordinates": [ [ [ -115.795438599999983, 60.801057900000011 ], [ -115.795277700000014, 60.8010048 ], [ -115.7953772, 60.8009331 ], [ -115.7954056, 60.8009425 ], [ -115.7954885, 60.80088270000001 ], [ -115.795734300000021, 60.8009639 ], [ -115.7956248, 60.8010428 ], [ -115.7955114, 60.80100539999998 ], [ -115.795438599999983, 60.801057900000011 ] ] ] } },
{ "type": "Feature", "properties": { "osm_id": 817417747, "building": "house", "street": "McBryan Drive", "area": "Hay River (other areas)", "flood_pixels": 16 }, "geometry": { "type": "Polygon", "coordinates": [ [ [ -115.794984900000017, 60.8016848 ], [ -115.7947133, 60.8016189 ], [ -115.794829799999988, 60.801504600000015 ], [ -115.794983, 60.8015418 ], [ -115.7949327, 60.8015912 ], [ -115.7950511, 60.8016199 ], [ -115.794984900000017, 60.8016848 ] ] ] } },
{ "type": "Feature", "properties": { "osm_id": 817417748, "building": "house", "street": "McBryan Drive", "area": "Hay River (other areas)", "flood_pixels": 16 }, "geometry": { "type": "Polygon", "coordinates": [ [ [ -115.7945896, 60.801936 ], [ -115.7946564, 60.801863499999989 ], [ -115.7946173, 60.8018445 ], [ -115.7946552, 60.801803300000017 ], [ -115.7944811, 60.8017652 ], [ -115.79436840000001, 60.8018876 ], [ -115.7945896, 60.801936 ] ] ] } },
{ "type": "Feature", "properties": { "osm_id": 817417749, "building": "house", "street": "McBryan Drive", "area": "Hay River (other areas)", "flood_pixels": 9 }, "geometry": { "type": "Polygon", "coordinates": [ [ [ -115.7945273, 60.8021701 ], [ -115.7943907, 60.8021389 ], [ -115.7943251, 60.8022071 ], [ -115.7941369, 60.8021641 ], [ -115.7942585, 60.8020375 ], [ -115.7945833, 60.802111699999983 ], [ -115.7945273, 60.8021701 ] ] ] } },
{ "type": "Feature", "properties": { "osm_id": 817417750, "building": "house", "street": "McRorie Road", "area": "Hay River (other areas)", "flood_pixels": 5 }, "geometry": { "type": "Polygon", "coordinates": [ [ [ -115.795205300000021, 60.8021657 ], [ -115.7953682, 60.802209700000013 ], [ -115.7954877, 60.8021044 ], [ -115.795294500000011, 60.8020522 ], [ -115.7952314, 60.8021078 ], [ -115.7952617, 60.802116 ], [ -115.795205300000021, 60.8021657 ] ] ] } },
{ "type": "Feature", "properties": { "osm_id": 817417751, "building": "house", "street": "McRorie Road", "area": "Hay River (other areas)", "flood_pixels": 8 }, "geometry": { "type": "Polygon", "coordinates": [ [ [ -115.795641100000012, 60.8022638 ], [ -115.795465599999986, 60.8022211 ], [ -115.79549560000001, 60.8021918 ], [ -115.795436199999983, 60.8021773 ], [ -115.795495200000019, 60.802119600000019 ], [ -115.7957301, 60.8021768 ], [ -115.795641100000012, 60.8022638 ] ] ] } },
{ "type": "Feature", "properties": { "osm_id": 817417752, "building": "house", "street": "McRorie Road", "area": "Hay River (other areas)", "flood_pixels": 8 }, "geometry": { "type": "Polygon", "coordinates": [ [ [ -115.795997, 60.80232190000001 ], [ -115.7960977, 60.802229 ], [ -115.7959622, 60.802194 ], [ -115.7959337, 60.802220299999988 ], [ -115.7957952, 60.8021847 ], [ -115.795723, 60.8022513 ], [ -115.795997, 60.80232190000001 ] ] ] } },
{ "type": "Feature", "properties": { "osm_id": 817417755, "building": "house", "street": "Abby Place", "area": "Hay River (other areas)", "flood_pixels": 12 }, "geometry": { "type": "Polygon", "coordinates": [ [ [ -115.7949742, 60.8025812 ], [ -115.7950994, 60.8024623 ], [ -115.7949416, 60.8024227 ], [ -115.7948165, 60.8025416 ], [ -115.7949742, 60.8025812 ] ] ] } },
{ "type": "Feature", "properties": { "osm_id": 817417763, "building": "house", "street": "McRorie Road", "area": "Hay River (other areas)", "flood_pixels": 7 }, "geometry": { "type": "Polygon", "coordinates": [ [ [ -115.7962113, 60.8024661 ], [ -115.7960453, 60.8024673 ], [ -115.7960355, 60.8024113 ], [ -115.7962064, 60.80241010000001 ], [ -115.7962113, 60.8024661 ] ] ] } },
{ "type": "Feature", "properties": { "osm_id": 817417769, "building": "house", "street": "Abby Place", "area": "New Town Hay River", "flood_pixels": 5 }, "geometry": { "type": "Polygon", "coordinates": [ [ [ -115.7945654, 60.8029032 ], [ -115.7944032, 60.8028596 ], [ -115.7944739, 60.802797 ], [ -115.7945108, 60.8028069 ], [ -115.7945654, 60.8027586 ], [ -115.7947325, 60.802803499999989 ], [ -115.794693800000019, 60.802837799999978 ], [ -115.794652, 60.8028266 ], [ -115.7945654, 60.8029032 ] ] ] } },
{ "type": "Feature", "properties": { "osm_id": 817417770, "building": "house", "street": "McBryan Drive", "area": "New Town Hay River", "flood_pixels": 3 }, "geometry": { "type": "Polygon", "coordinates": [ [ [ -115.793743400000011, 60.802730299999986 ], [ -115.79347540000002, 60.8026642 ], [ -115.793528800000018, 60.8026126 ], [ -115.7936362, 60.8026392 ], [ -115.7936872, 60.80259 ], [ -115.7938622, 60.80263320000001 ], [ -115.793879200000021, 60.8026168 ], [ -115.7940243, 60.8026526 ], [ -115.7939783, 60.802696899999987 ], [ -115.793818799999983, 60.8026575 ], [ -115.793743400000011, 60.802730299999986 ] ] ] } },
{ "type": "Feature", "properties": { "osm_id": 817417771, "building": "house", "street": "McBryan Drive", "area": "New Town Hay River", "flood_pixels": 6 }, "geometry": { "type": "Polygon", "coordinates": [ [ [ -115.7940668, 60.8026093 ], [ -115.794139, 60.802532 ], [ -115.7938717, 60.8024725 ], [ -115.7937994, 60.802549900000017 ], [ -115.7940668, 60.8026093 ] ] ] } },
{ "type": "Feature", "properties": { "osm_id": 817417772, "building": "house", "street": "McBryan Drive", "area": "New Town Hay River", "flood_pixels": 9 }, "geometry": { "type": "Polygon", "coordinates": [ [ [ -115.7938763, 60.8024253 ], [ -115.7941274, 60.802491099999983 ], [ -115.7942038, 60.8024218 ], [ -115.794073700000013, 60.8023877 ], [ -115.794103, 60.8023612 ], [ -115.7939819, 60.802329499999985 ], [ -115.7938763, 60.8024253 ] ] ] } },
{ "type": "Feature", "properties": { "osm_id": 817417773, "building": "house", "street": "McBryan Drive", "area": "Hay River (other areas)", "flood_pixels": 20 }, "geometry": { "type": "Polygon", "coordinates": [ [ [ -115.794100499999985, 60.80231710000001 ], [ -115.7942801, 60.802363100000015 ], [ -115.79439570000001, 60.8022557 ], [ -115.794150500000015, 60.8021929 ], [ -115.7941093, 60.8022312 ], [ -115.7941749, 60.802248 ], [ -115.794100499999985, 60.80231710000001 ] ] ] } },
{ "type": "Feature", "properties": { "osm_id": 817417774, "building": "house", "street": "McBryan Drive", "area": "New Town Hay River", "flood_pixels": 3 }, "geometry": { "type": "Polygon", "coordinates": [ [ [ -115.7941674, 60.8032211 ], [ -115.794393, 60.803067599999984 ], [ -115.794267, 60.8030235 ], [ -115.794041300000018, 60.8031769 ], [ -115.7941674, 60.8032211 ] ] ] } },
{ "type": "Feature", "properties": { "osm_id": 817417775, "building": "house", "street": "Menzie Place", "area": "New Town Hay River", "flood_pixels": 4 }, "geometry": { "type": "Polygon", "coordinates": [ [ [ -115.7943976, 60.8032987 ], [ -115.794590900000017, 60.8032043 ], [ -115.7944855, 60.8031529 ], [ -115.794292100000021, 60.8032472 ], [ -115.7943976, 60.8032987 ] ] ] } },
{ "type": "Feature", "properties": { "osm_id": 817417776, "building": "house", "street": "McBryan Drive", "area": "New Town Hay River", "flood_pixels": 11 }, "geometry": { "type": "Polygon", "coordinates": [ [ [ -115.7944472, 60.8030252 ], [ -115.7945132, 60.8029593 ], [ -115.794381200000018, 60.802927899999986 ], [ -115.794315200000014, 60.802993699999988 ], [ -115.7944472, 60.8030252 ] ] ] } },
{ "type": "Feature", "properties": { "osm_id": 817417782, "building": "house", "street": "McBryan Drive", "area": "New Town Hay River", "flood_pixels": 6 }, "geometry": { "type": "Polygon", "coordinates": [ [ [ -115.793702, 60.8028903 ], [ -115.7935452, 60.802854600000025 ], [ -115.7936443, 60.802751 ], [ -115.793801, 60.8027866 ], [ -115.793702, 60.8028903 ] ] ] } },
{ "type": "Feature", "properties": { "osm_id": 817417783, "building": "house", "street": "McBryan Drive", "area": "New Town Hay River", "flood_pixels": 7 }, "geometry": { "type": "Polygon", "coordinates": [ [ [ -115.7928249, 60.8033106 ], [ -115.7925088, 60.8034785 ], [ -115.7923774, 60.8034175 ], [ -115.792690399999984, 60.8032419 ], [ -115.7928249, 60.8033106 ] ] ] } },
{ "type": "Feature", "properties": { "osm_id": 817417784, "building": "house", "street": "McBryan Drive", "area": "New Town Hay River", "flood_pixels": 9 }, "geometry": { "type": "Polygon", "coordinates": [ [ [ -115.7931242, 60.803191599999984 ], [ -115.79295310000002, 60.8031089 ], [ -115.792798, 60.8031853 ], [ -115.7929691, 60.803268 ], [ -115.7931242, 60.803191599999984 ] ] ] } },
{ "type": "Feature", "properties": { "osm_id": 817417785, "building": "house", "street": "McBryan Drive", "area": "New Town Hay River", "flood_pixels": 9 }, "geometry": { "type": "Polygon", "coordinates": [ [ [ -115.793293099999985, 60.8031266 ], [ -115.793142, 60.8030629 ], [ -115.7933088, 60.8029688 ], [ -115.793459899999988, 60.8030325 ], [ -115.793293099999985, 60.8031266 ] ] ] } },
{ "type": "Feature", "properties": { "osm_id": 817417786, "building": "house", "street": "McBryan Drive", "area": "New Town Hay River", "flood_pixels": 16 }, "geometry": { "type": "Polygon", "coordinates": [ [ [ -115.79345170000002, 60.8029833 ], [ -115.7932868, 60.8029258 ], [ -115.7934203, 60.8028347 ], [ -115.7935852, 60.8028923 ], [ -115.79345170000002, 60.8029833 ] ] ] } },
{ "type": "Feature", "properties": { "osm_id": 817417791, "building": "house", "street": "Woodland Drive", "area": "New Town Hay River", "flood_pixels": 6 }, "geometry": { "type": "Polygon", "coordinates": [ [ [ -115.793079100000014, 60.8039046 ], [ -115.793257, 60.8039827 ], [ -115.7933815, 60.8039153 ], [ -115.7932036, 60.803837099999988 ], [ -115.793079100000014, 60.8039046 ] ] ] } },
{ "type": "Feature", "properties": { "osm_id": 817417792, "building": "house", "street": "McBryan Drive", "area": "New Town Hay River", "flood_pixels": 15 }, "geometry": { "type": "Polygon", "coordinates": [ [ [ -115.793006500000018, 60.8038631 ], [ -115.79282, 60.8037702 ], [ -115.7929314, 60.8037169 ], [ -115.793118, 60.803809799999989 ], [ -115.793006500000018, 60.8038631 ] ] ] } },
{ "type": "Feature", "properties": { "osm_id": 817417793, "building": "house", "street": "McBryan Drive", "area": "New Town Hay River", "flood_pixels": 16 }, "geometry": { "type": "Polygon", "coordinates": [ [ [ -115.7934881, 60.803595099999988 ], [ -115.793693300000015, 60.8034814 ], [ -115.7935854, 60.803435100000016 ], [ -115.7933801, 60.8035487 ], [ -115.7934881, 60.803595099999988 ] ] ] } },
{ "type": "Feature", "properties": { "osm_id": 817417795, "building": "house", "street": "Menzie Place", "area": "New Town Hay River", "flood_pixels": 4 }, "geometry": { "type": "Polygon", "coordinates": [ [ [ -115.794208400000016, 60.803880099999979 ], [ -115.79416, 60.8037241 ], [ -115.7943667, 60.803708799999988 ], [ -115.7944151, 60.8038649 ], [ -115.794208400000016, 60.803880099999979 ] ] ] } },
{ "type": "Feature", "properties": { "osm_id": 817417798, "building": "house", "street": "McBryan Drive", "area": "New Town Hay River", "flood_pixels": 7 }, "geometry": { "type": "Polygon", "coordinates": [ [ [ -115.792170399999989, 60.803548899999988 ], [ -115.7922933, 60.803603099999989 ], [ -115.7924509, 60.8035182 ], [ -115.792328, 60.803464 ], [ -115.792170399999989, 60.803548899999988 ] ] ] } },
{ "type": "Feature", "properties": { "osm_id": 817417799, "building": "house", "street": "McBryan Drive", "area": "New Town Hay River", "flood_pixels": 8 }, "geometry": { "type": "Polygon", "coordinates": [ [ [ -115.7919929, 60.8036568 ], [ -115.792106499999989, 60.803704 ], [ -115.792263, 60.8036145 ], [ -115.792149400000014, 60.8035672 ], [ -115.7919929, 60.8036568 ] ] ] } },
{ "type": "Feature", "properties": { "osm_id": 817417800, "building": "house", "street": "McBryan Drive", "area": "New Town Hay River", "flood_pixels": 14 }, "geometry": { "type": "Polygon", "coordinates": [ [ [ -115.791553800000017, 60.803868 ], [ -115.791672600000012, 60.803917500000018 ], [ -115.7919487, 60.8037599 ], [ -115.79179, 60.8036938 ], [ -115.79171460000002, 60.80373680000001 ], [ -115.7917546, 60.8037535 ], [ -115.791553800000017, 60.803868 ] ] ] } },
{ "type": "Feature", "properties": { "osm_id": 817417801, "building": "house", "street": "McBryan Drive", "area": "New Town Hay River", "flood_pixels": 13 }, "geometry": { "type": "Polygon", "coordinates": [ [ [ -115.7913193, 60.8040873 ], [ -115.791158700000011, 60.8040156 ], [ -115.791416499999983, 60.803878199999986 ], [ -115.7915771, 60.8039499 ], [ -115.7913193, 60.8040873 ] ] ] } },
{ "type": "Feature", "properties": { "osm_id": 817417802, "building": "house", "street": "McBryan Drive", "area": "New Town Hay River", "flood_pixels": 12 }, "geometry": { "type": "Polygon", "coordinates": [ [ [ -115.7910477, 60.8042307 ], [ -115.7909057, 60.8041704 ], [ -115.79113839999998, 60.8040399 ], [ -115.791280500000013, 60.8041002 ], [ -115.7910477, 60.8042307 ] ] ] } },
{ "type": "Feature", "properties": { "osm_id": 817417803, "building": "house", "street": "Woodland Drive", "area": "New Town Hay River", "flood_pixels": 6 }, "geometry": { "type": "Polygon", "coordinates": [ [ [ -115.7939887, 60.8041226 ], [ -115.793729900000017, 60.8041893 ], [ -115.793663699999982, 60.8041282 ], [ -115.7939225, 60.8040615 ], [ -115.7939887, 60.8041226 ] ] ] } },
{ "type": "Feature", "properties": { "osm_id": 817417806, "building": "house", "street": "Woodland Drive", "area": "New Town Hay River", "flood_pixels": 8 }, "geometry": { "type": "Polygon", "coordinates": [ [ [ -115.79235060000002, 60.8042407 ], [ -115.7922203, 60.8041864 ], [ -115.7924377, 60.804062200000011 ], [ -115.792568, 60.8041165 ], [ -115.79235060000002, 60.8042407 ] ] ] } },
{ "type": "Feature", "properties": { "osm_id": 817417808, "building": "house", "street": "McBryan Drive", "area": "New Town Hay River", "flood_pixels": 7 }, "geometry": { "type": "Polygon", "coordinates": [ [ [ -115.7920054, 60.8044915 ], [ -115.791806100000016, 60.8043992 ], [ -115.7920304, 60.804284 ], [ -115.7921339, 60.804332 ], [ -115.7920776, 60.8043609 ], [ -115.79217340000001, 60.8044053 ], [ -115.7920054, 60.8044915 ] ] ] } },
{ "type": "Feature", "properties": { "osm_id": 817419774, "building": "house", "street": "Woodland Drive", "area": "New Town Hay River", "flood_pixels": 6 }, "geometry": { "type": "Polygon", "coordinates": [ [ [ -115.7917361, 60.805089 ], [ -115.7916548, 60.804977199999989 ], [ -115.7919074, 60.8049335 ], [ -115.791935, 60.8049714 ], [ -115.79203840000001, 60.8049535 ], [ -115.7920911, 60.8050258 ], [ -115.7919764, 60.805045700000022 ], [ -115.7919656, 60.8050309 ], [ -115.7918597, 60.805049299999979 ], [ -115.7918716, 60.8050656 ], [ -115.7917361, 60.805089 ] ] ] } },
{ "type": "Feature", "properties": { "osm_id": 817419781, "building": "house", "street": "Harcourt Place", "area": "New Town Hay River", "flood_pixels": 3 }, "geometry": { "type": "Polygon", "coordinates": [ [ [ -115.7911246, 60.8053846 ], [ -115.791123899999988, 60.8052986 ], [ -115.790915900000016, 60.805299 ], [ -115.790916599999989, 60.805385 ], [ -115.7911246, 60.8053846 ] ] ] } },
{ "type": "Feature", "properties": { "osm_id": 817419784, "building": "house", "street": "McBryan Drive", "area": "New Town Hay River", "flood_pixels": 7 }, "geometry": { "type": "Polygon", "coordinates": [ [ [ -115.790508800000012, 60.8052112 ], [ -115.7903632, 60.8051813 ], [ -115.790438600000016, 60.8050938 ], [ -115.790584199999984, 60.8051237 ], [ -115.790508800000012, 60.8052112 ] ] ] } },
{ "type": "Feature", "properties": { "osm_id": 817419785, "building": "house", "street": "McBryan Drive", "area": "New Town Hay River", "flood_pixels": 8 }, "geometry": { "type": "Polygon", "coordinates": [ [ [ -115.790882600000018, 60.805127700000014 ], [ -115.790678600000021, 60.8050282 ], [ -115.790782799999988, 60.8049773 ], [ -115.790986800000013, 60.8050769 ], [ -115.790882600000018, 60.805127700000014 ] ] ] } },
{ "type": "Feature", "properties": { "osm_id": 817419786, "building": "house", "street": "McBryan Drive", "area": "New Town Hay River", "flood_pixels": 16 }, "geometry": { "type": "Polygon", "coordinates": [ [ [ -115.7911831, 60.8049728 ], [ -115.7911224, 60.8049465 ], [ -115.791065, 60.804978 ], [ -115.79088710000002, 60.8049009 ], [ -115.790964399999979, 60.8048585 ], [ -115.791012900000013, 60.8048795 ], [ -115.7911697, 60.8047934 ], [ -115.791359799999981, 60.804875799999984 ], [ -115.7911831, 60.8049728 ] ] ] } },
{ "type": "Feature", "properties": { "osm_id": 817419787, "building": "house", "street": "McBryan Drive", "area": "New Town Hay River", "flood_pixels": 6 }, "geometry": { "type": "Polygon", "coordinates": [ [ [ -115.7913292, 60.804787 ], [ -115.7915002, 60.804695 ], [ -115.7913655, 60.8046355 ], [ -115.7911946, 60.8047275 ], [ -115.7913292, 60.804787 ] ] ] } },
{ "type": "Feature", "properties": { "osm_id": 817419788, "building": "house", "street": "McBryan Drive", "area": "New Town Hay River", "flood_pixels": 18 }, "geometry": { "type": "Polygon", "coordinates": [ [ [ -115.7915087, 60.804675 ], [ -115.79171, 60.8045749 ], [ -115.791587100000015, 60.804516099999987 ], [ -115.791385800000015, 60.8046161 ], [ -115.7915087, 60.804675 ] ] ] } },
{ "type": "Feature", "properties": { "osm_id": 817419789, "building": "house", "street": "McBryan Drive", "area": "New Town Hay River", "flood_pixels": 8 }, "geometry": { "type": "Polygon", "coordinates": [ [ [ -115.7903986, 60.805525399999979 ], [ -115.7901232, 60.8054676 ], [ -115.7901883, 60.805393799999983 ], [ -115.7904637, 60.805451600000012 ], [ -115.7903986, 60.805525399999979 ] ] ] } },
{ "type": "Feature", "properties": { "osm_id": 817419801, "building": "house", "street": "McBryan Drive", "area": "New Town Hay River", "flood_pixels": 21 }, "geometry": { "type": "Polygon", "coordinates": [ [ [ -115.7898531, 60.805738600000012 ], [ -115.79001479999998, 60.8057702 ], [ -115.7901093, 60.805654799999985 ], [ -115.7901468, 60.8056621 ], [ -115.7902033, 60.8055931 ], [ -115.790047900000019, 60.805562800000011 ], [ -115.78999690000002, 60.8056252 ], [ -115.789953, 60.805616599999986 ], [ -115.7898531, 60.805738600000012 ] ] ] } },
{ "type": "Feature", "properties": { "osm_id": 817419802, "building": "house", "street": "McBryan Drive", "area": "New Town Hay River", "flood_pixels": 6 }, "geometry": { "type": "Polygon", "coordinates": [ [ [ -115.790898899999988, 60.804390199999986 ], [ -115.790769899999987, 60.804333 ], [ -115.7909257, 60.80424940000001 ], [ -115.7910547, 60.8043067 ], [ -115.790898899999988, 60.804390199999986 ] ] ] } },
{ "type": "Feature", "properties": { "osm_id": 817419803, "building": "house", "street": "McBryan Drive", "area": "New Town Hay River", "flood_pixels": 15 }, "geometry": { "type": "Polygon", "coordinates": [ [ [ -115.790889299999989, 60.804425 ], [ -115.790661200000017, 60.8043222 ], [ -115.7905702, 60.8043703 ], [ -115.7906259, 60.804395300000017 ], [ -115.7904316, 60.804498 ], [ -115.790604, 60.8045757 ], [ -115.790889299999989, 60.804425 ] ] ] } },
{ "type": "Feature", "properties": { "osm_id": 817419804, "building": "house", "street": "McBryan Drive", "area": "New Town Hay River", "flood_pixels": 9 }, "geometry": { "type": "Polygon", "coordinates": [ [ [ -115.790351300000012, 60.8047276 ], [ -115.79011060000002, 60.804611700000024 ], [ -115.7903149, 60.804510699999987 ], [ -115.7904295, 60.804565899999972 ], [ -115.790336600000018, 60.8046118 ], [ -115.7904627, 60.804672499999988 ], [ -115.790351300000012, 60.8047276 ] ] ] } },
{ "type": "Feature", "properties": { "osm_id": 817419805, "building": "house", "street": "McBryan Drive", "area": "New Town Hay River", "flood_pixels": 8 }, "geometry": { "type": "Polygon", "coordinates": [ [ [ -115.7901158, 60.8048506 ], [ -115.7899856, 60.80479110000001 ], [ -115.7900202, 60.8047731 ], [ -115.789916399999981, 60.8047257 ], [ -115.7900874, 60.8046365 ], [ -115.790218, 60.804696199999988 ], [ -115.7901666, 60.804723 ], [ -115.7902701, 60.804770199999986 ], [ -115.7901158, 60.8048506 ] ] ] } },
{ "type": "Feature", "properties": { "osm_id": 817419806, "building": "house", "street": "McBryan Drive", "area": "New Town Hay River", "flood_pixels": 10 }, "geometry": { "type": "Polygon", "coordinates": [ [ [ -115.7899302, 60.804967799999986 ], [ -115.7898084, 60.8049277 ], [ -115.7898486, 60.8048986 ], [ -115.789709300000013, 60.804852699999984 ], [ -115.7898255, 60.8047688 ], [ -115.7900671, 60.8048485 ], [ -115.7899738, 60.8049159 ], [ -115.7899932, 60.8049222 ], [ -115.7899302, 60.804967799999986 ] ] ] } },
{ "type": "Feature", "properties": { "osm_id": 817419807, "building": "house", "street": "McBryan Drive", "area": "New Town Hay River", "flood_pixels": 10 }, "geometry": { "type": "Polygon", "coordinates": [ [ [ -115.7897597, 60.80510120000001 ], [ -115.789570600000019, 60.8050703 ], [ -115.7896575, 60.8049437 ], [ -115.7899167, 60.804986 ], [ -115.78985950000002, 60.8050694 ], [ -115.789789399999989, 60.805058 ], [ -115.7897597, 60.80510120000001 ] ] ] } },
{ "type": "Feature", "properties": { "osm_id": 817419808, "building": "house", "street": "McBryan Drive", "area": "New Town Hay River", "flood_pixels": 19 }, "geometry": { "type": "Polygon", "coordinates": [ [ [ -115.789425400000013, 60.8053257 ], [ -115.7895951, 60.805108500000017 ], [ -115.7897633, 60.8051398 ], [ -115.7895936, 60.805357 ], [ -115.789425400000013, 60.8053257 ] ] ] } },
{ "type": "Feature", "properties": { "osm_id": 817419809, "building": "house", "street": "McBryan Drive", "area": "New Town Hay River", "flood_pixels": 15 }, "geometry": { "type": "Polygon", "coordinates": [ [ [ -115.78929140000001, 60.8056056 ], [ -115.7893724, 60.8054839 ], [ -115.7891592, 60.8054501 ], [ -115.7890782, 60.8055719 ], [ -115.78929140000001, 60.8056056 ] ] ] } },
{ "type": "Feature", "properties": { "osm_id": 817419810, "building": "house", "street": "McBryan Drive", "area": "New Town Hay River", "flood_pixels": 5 }, "geometry": { "type": "Polygon", "coordinates": [ [ [ -115.788963100000018, 60.80600230000001 ], [ -115.788881500000016, 60.8058626 ], [ -115.789091200000016, 60.8058334 ], [ -115.7891388, 60.805914900000019 ], [ -115.789070800000019, 60.8059243 ], [ -115.7891049, 60.8059826 ], [ -115.788963100000018, 60.80600230000001 ] ] ] } },
{ "type": "Feature", "properties": { "osm_id": 817419811, "building": "house", "street": "McBryan Drive", "area": "New Town Hay River", "flood_pixels": 15 }, "geometry": { "type": "Polygon", "coordinates": [ [ [ -115.7888015, 60.8058108 ], [ -115.7890836, 60.805806600000018 ], [ -115.789078600000011, 60.8057274 ], [ -115.7887965, 60.805731599999987 ], [ -115.7888015, 60.8058108 ] ] ] } },
{ "type": "Feature", "properties": { "osm_id": 817419812, "building": "house", "street": "McBryan Drive", "area": "New Town Hay River", "flood_pixels": 8 }, "geometry": { "type": "Polygon", "coordinates": [ [ [ -115.789330600000014, 60.806072199999981 ], [ -115.789586300000011, 60.8061253 ], [ -115.7896725, 60.8060265 ], [ -115.789416799999984, 60.8059733 ], [ -115.789330600000014, 60.806072199999981 ] ] ] } },
{ "type": "Feature", "properties": { "osm_id": 817419813, "building": "house", "street": "McBryan Drive", "area": "New Town Hay River", "flood_pixels": 3 }, "geometry": { "type": "Polygon", "coordinates": [ [ [ -115.7897274, 60.8061781 ], [ -115.7896504, 60.8062469 ], [ -115.7895156, 60.8062109 ], [ -115.7895926, 60.8061422 ], [ -115.7897274, 60.8061781 ] ] ] } },
{ "type": "Feature", "properties": { "osm_id": 817419816, "building": "house", "street": "McBryan Drive", "area": "New Town Hay River", "flood_pixels": 9 }, "geometry": { "type": "Polygon", "coordinates": [ [ [ -115.790354399999984, 60.806303599999985 ], [ -115.7901205, 60.8062547 ], [ -115.7901843, 60.8061762 ], [ -115.7904151, 60.8062236 ], [ -115.790354399999984, 60.806303599999985 ] ] ] } },
{ "type": "Feature", "properties": { "osm_id": 823666243, "building": "yes", "street": "Hay River Highway", "area": "Old Town Hay River", "flood_pixels": 5 }, "geometry": { "type": "Polygon", "coordinates": [ [ [ -115.745318899999987, 60.858253499999982 ], [ -115.7452905, 60.8581949 ], [ -115.745706, 60.858147099999989 ], [ -115.7457345, 60.8582056 ], [ -115.745318899999987, 60.858253499999982 ] ] ] } },
{ "type": "Feature", "properties": { "osm_id": 823666245, "building": "yes", "street": "Hay River Highway", "area": "Old Town Hay River", "flood_pixels": 4 }, "geometry": { "type": "Polygon", "coordinates": [ [ [ -115.7454705, 60.857599099999987 ], [ -115.745454100000018, 60.8575473 ], [ -115.745031499999982, 60.8575965 ], [ -115.7450505, 60.857642900000016 ], [ -115.7454705, 60.857599099999987 ] ] ] } },
{ "type": "Feature", "properties": { "osm_id": 823666278, "building": "yes", "street": "103rd Avenue", "area": "Old Town Hay River", "flood_pixels": 7 }, "geometry": { "type": "Polygon", "coordinates": [ [ [ -115.7438026, 60.8540825 ], [ -115.7437947, 60.854059300000017 ], [ -115.7437309, 60.8540645 ], [ -115.743712800000011, 60.8540114 ], [ -115.7437627, 60.8540074 ], [ -115.743743100000017, 60.8539498 ], [ -115.7439026, 60.8539369 ], [ -115.7439482, 60.8540707 ], [ -115.7438026, 60.8540825 ] ] ] } },
{ "type": "Feature", "properties": { "osm_id": 823666280, "building": "yes", "street": "104th Street", "area": "Old Town Hay River", "flood_pixels": 12 }, "geometry": { "type": "Polygon", "coordinates": [ [ [ -115.742577200000014, 60.8547716 ], [ -115.7424714, 60.8546225 ], [ -115.7426487, 60.8545932 ], [ -115.7427661, 60.8547437 ], [ -115.742577200000014, 60.8547716 ] ] ] } },
{ "type": "Feature", "properties": { "osm_id": 824375639, "building": "yes", "street": "102nd Avenue", "area": "Old Town Hay River", "flood_pixels": 10 }, "geometry": { "type": "Polygon", "coordinates": [ [ [ -115.7407803, 60.8508341 ], [ -115.7407067, 60.850697 ], [ -115.740923, 60.850669399999973 ], [ -115.7409966, 60.8508065 ], [ -115.7407803, 60.8508341 ] ] ] } },
{ "type": "Feature", "properties": { "osm_id": 824375651, "building": "yes", "street": "103rd Avenue", "area": "Old Town Hay River", "flood_pixels": 9 }, "geometry": { "type": "Polygon", "coordinates": [ [ [ -115.7424819, 60.854152 ], [ -115.742339300000012, 60.85416690000001 ], [ -115.742354, 60.8542001 ], [ -115.742176700000016, 60.8542187 ], [ -115.742208, 60.8542893 ], [ -115.7425279, 60.854255799999983 ], [ -115.7424819, 60.854152 ] ] ] } },
{ "type": "Feature", "properties": { "osm_id": 824375654, "building": "yes", "street": "Hay River Highway", "area": "Old Town Hay River", "flood_pixels": 7 }, "geometry": { "type": "Polygon", "coordinates": [ [ [ -115.742209100000011, 60.8534046 ], [ -115.742057300000013, 60.85342 ], [ -115.7421061, 60.8535349 ], [ -115.742285600000017, 60.8535168 ], [ -115.742275100000015, 60.8534893 ], [ -115.742324900000014, 60.853484700000017 ], [ -115.74228020000001, 60.8533795 ], [ -115.7422018, 60.8533874 ], [ -115.742209100000011, 60.8534046 ] ] ] } },
{ "type": "Feature", "properties": { "osm_id": 824375663, "building": "yes", "street": "105th Street", "area": "Old Town Hay River", "flood_pixels": 10 }, "geometry": { "type": "Polygon", "coordinates": [ [ [ -115.7428938, 60.8506814 ], [ -115.7428576, 60.850596900000014 ], [ -115.7431377, 60.850568400000014 ], [ -115.743174, 60.8506529 ], [ -115.7428938, 60.8506814 ] ] ] } },
{ "type": "Feature", "properties": { "osm_id": 824375674, "building": "yes", "street": "103rd Avenue", "area": "Old Town Hay River", "flood_pixels": 8 }, "geometry": { "type": "Polygon", "coordinates": [ [ [ -115.7434339, 60.8535432 ], [ -115.7436964, 60.8535164 ], [ -115.7436656, 60.8534447 ], [ -115.7434031, 60.8534716 ], [ -115.7434339, 60.8535432 ] ] ] } },
{ "type": "Feature", "properties": { "osm_id": 824375677, "building": "yes", "street": "102nd Avenue", "area": "Old Town Hay River", "flood_pixels": 3 }, "geometry": { "type": "Polygon", "coordinates": [ [ [ -115.7440554, 60.8505271 ], [ -115.743993099999983, 60.850402299999985 ], [ -115.7442764, 60.8503688 ], [ -115.744338700000014, 60.8504935 ], [ -115.7440554, 60.8505271 ] ] ] } },
{ "type": "Feature", "properties": { "osm_id": 824375706, "building": "yes", "street": "Hay River Highway", "area": "Old Town Hay River", "flood_pixels": 22 }, "geometry": { "type": "Polygon", "coordinates": [ [ [ -115.7396399, 60.8488754 ], [ -115.7408586, 60.8487405 ], [ -115.7407314, 60.84846790000001 ], [ -115.73951270000002, 60.8486028 ], [ -115.7396399, 60.8488754 ] ] ] } },
{ "type": "Feature", "properties": { "osm_id": 824375707, "building": "yes", "street": "102nd Avenue", "area": "Old Town Hay River", "flood_pixels": 8 }, "geometry": { "type": "Polygon", "coordinates": [ [ [ -115.7424471, 60.850232 ], [ -115.742265500000016, 60.849836 ], [ -115.7425981, 60.8497998 ], [ -115.742779499999983, 60.8501958 ], [ -115.7424471, 60.850232 ] ] ] } },
{ "type": "Feature", "properties": { "osm_id": 824375708, "building": "yes", "street": "102nd Avenue", "area": "Old Town Hay River", "flood_pixels": 26 }, "geometry": { "type": "Polygon", "coordinates": [ [ [ -115.7429917, 60.8501982 ], [ -115.7432627, 60.850168399999987 ], [ -115.7432499, 60.8501408 ], [ -115.743924399999983, 60.850066600000012 ], [ -115.7438743, 60.849958499999985 ], [ -115.7429944, 60.8500553 ], [ -115.743019499999988, 60.850109299999986 ], [ -115.7429538, 60.8501165 ], [ -115.7429917, 60.8501982 ] ] ] } },
{ "type": "Feature", "properties": { "osm_id": 824375710, "building": "yes", "street": "102nd Avenue", "area": "Old Town Hay River", "flood_pixels": 9 }, "geometry": { "type": "Polygon", "coordinates": [ [ [ -115.743391, 60.8496926 ], [ -115.743344, 60.849587599999985 ], [ -115.74365250000001, 60.849554800000021 ], [ -115.743699600000014, 60.849659699999989 ], [ -115.743391, 60.8496926 ] ] ] } },
{ "type": "Feature", "properties": { "osm_id": 824375711, "building": "yes", "street": "102nd Avenue", "area": "Old Town Hay River", "flood_pixels": 9 }, "geometry": { "type": "Polygon", "coordinates": [ [ [ -115.7431767, 60.849738899999984 ], [ -115.7431154, 60.8496264 ], [ -115.7428243, 60.849664 ], [ -115.7428856, 60.8497765 ], [ -115.7431767, 60.849738899999984 ] ] ] } },
{ "type": "Feature", "properties": { "osm_id": 824375712, "building": "yes", "street": "Hay River Highway", "area": "Old Town Hay River", "flood_pixels": 11 }, "geometry": { "type": "Polygon", "coordinates": [ [ [ -115.741950800000012, 60.849348299999988 ], [ -115.742669399999983, 60.8492502 ], [ -115.7426178, 60.8491605 ], [ -115.7418992, 60.8492586 ], [ -115.741950800000012, 60.849348299999988 ] ] ] } },
{ "type": "Feature", "properties": { "osm_id": 824375713, "building": "yes", "street": "unnamed road", "area": "Old Town Hay River", "flood_pixels": 14 }, "geometry": { "type": "Polygon", "coordinates": [ [ [ -115.7425986, 60.8495164 ], [ -115.7425577, 60.8494361 ], [ -115.7432426, 60.849353499999985 ], [ -115.7432834, 60.8494337 ], [ -115.7425986, 60.8495164 ] ] ] } },
{ "type": "Feature", "properties": { "osm_id": 824375714, "building": "yes", "street": "Hay River Highway", "area": "Old Town Hay River", "flood_pixels": 9 }, "geometry": { "type": "Polygon", "coordinates": [ [ [ -115.7421391, 60.8490308 ], [ -115.742016, 60.84879650000002 ], [ -115.742315600000012, 60.8487592 ], [ -115.7424055, 60.84893 ], [ -115.7424423, 60.848992899999985 ], [ -115.7421391, 60.8490308 ] ] ] } },
{ "type": "Feature", "properties": { "osm_id": 824375715, "building": "yes", "street": "Hay River Highway", "area": "Old Town Hay River", "flood_pixels": 5 }, "geometry": { "type": "Polygon", "coordinates": [ [ [ -115.7424423, 60.848992899999985 ], [ -115.7424499, 60.8490058 ], [ -115.742824400000018, 60.8489537 ], [ -115.74278, 60.8488779 ], [ -115.7424055, 60.84893 ], [ -115.7424423, 60.848992899999985 ] ] ] } },
{ "type": "Feature", "properties": { "osm_id": 824375716, "building": "yes", "street": "Hay River Highway", "area": "Old Town Hay River", "flood_pixels": 16 }, "geometry": { "type": "Polygon", "coordinates": [ [ [ -115.741727800000021, 60.8491788 ], [ -115.741551, 60.8489615 ], [ -115.741706, 60.8489315 ], [ -115.7418828, 60.8491489 ], [ -115.741727800000021, 60.8491788 ] ] ] } },
{ "type": "Feature", "properties": { "osm_id": 824375717, "building": "yes", "street": "Hay River Highway", "area": "Old Town Hay River", "flood_pixels": 8 }, "geometry": { "type": "Polygon", "coordinates": [ [ [ -115.743210500000018, 60.8489446 ], [ -115.7434764, 60.8489153 ], [ -115.7434523, 60.848863299999984 ], [ -115.7431864, 60.848892600000013 ], [ -115.743210500000018, 60.8489446 ] ] ] } },
{ "type": "Feature", "properties": { "osm_id": 824375718, "building": "yes", "street": "106 Street", "area": "Old Town Hay River", "flood_pixels": 5 }, "geometry": { "type": "Polygon", "coordinates": [ [ [ -115.744434700000014, 60.849511800000016 ], [ -115.744988800000016, 60.849458 ], [ -115.7449145, 60.8492764 ], [ -115.7443604, 60.8493302 ], [ -115.744434700000014, 60.849511800000016 ] ] ] } },
{ "type": "Feature", "properties": { "osm_id": 824375719, "building": "yes", "street": "106 Street", "area": "Old Town Hay River", "flood_pixels": 9 }, "geometry": { "type": "Polygon", "coordinates": [ [ [ -115.7446701, 60.849228800000013 ], [ -115.7443264, 60.8492659 ], [ -115.744179, 60.8489424 ], [ -115.7445228, 60.8489053 ], [ -115.744585300000011, 60.8490427 ], [ -115.744622899999982, 60.8491252 ], [ -115.7446701, 60.849228800000013 ] ] ] } },
{ "type": "Feature", "properties": { "osm_id": 824375720, "building": "yes", "street": "106 Street", "area": "Old Town Hay River", "flood_pixels": 12 }, "geometry": { "type": "Polygon", "coordinates": [ [ [ -115.744622899999982, 60.8491252 ], [ -115.7450022, 60.8490861 ], [ -115.744969800000021, 60.8490056 ], [ -115.744585300000011, 60.8490427 ], [ -115.744622899999982, 60.8491252 ] ] ] } },
{ "type": "Feature", "properties": { "osm_id": 824375721, "building": "yes", "street": "Hay River Highway", "area": "Old Town Hay River", "flood_pixels": 13 }, "geometry": { "type": "Polygon", "coordinates": [ [ [ -115.7448606, 60.848144499999982 ], [ -115.7446014, 60.848178 ], [ -115.7445486, 60.8480808 ], [ -115.744807699999981, 60.8480474 ], [ -115.7448606, 60.848144499999982 ] ] ] } },
{ "type": "Feature", "properties": { "osm_id": 824375722, "building": "yes", "street": "Hay River Highway", "area": "Old Town Hay River", "flood_pixels": 72 }, "geometry": { "type": "Polygon", "coordinates": [ [ [ -115.742915700000012, 60.8479077 ], [ -115.7424295, 60.8480253 ], [ -115.7425929, 60.8481857 ], [ -115.7427027, 60.8481591 ], [ -115.742620700000018, 60.848078500000014 ], [ -115.742772500000015, 60.8480419 ], [ -115.7429998, 60.8482654 ], [ -115.7422213, 60.8484532 ], [ -115.7421385, 60.8483718 ], [ -115.7422363, 60.8483482 ], [ -115.742052, 60.848167099999984 ], [ -115.742216900000017, 60.8481273 ], [ -115.7422956, 60.848204599999988 ], [ -115.7423368, 60.8481946 ], [ -115.74239630000001, 60.8482529 ], [ -115.7424373, 60.84824290000001 ], [ -115.7421724, 60.8479842 ], [ -115.7430917, 60.8477608 ], [ -115.7431775, 60.8478447 ], [ -115.7430658, 60.8478718 ], [ -115.743349, 60.8481486 ], [ -115.7431413, 60.848199 ], [ -115.7430553, 60.8481148 ], [ -115.7431127, 60.84810090000002 ], [ -115.742915700000012, 60.8479077 ] ] ] } },
{ "type": "Feature", "properties": { "osm_id": 824375723, "building": "yes", "street": "Hay River Highway", "area": "Old Town Hay River", "flood_pixels": 15 }, "geometry": { "type": "Polygon", "coordinates": [ [ [ -115.7436433, 60.8476609 ], [ -115.74358359999998, 60.8475282 ], [ -115.7437553, 60.847509900000013 ], [ -115.7438149, 60.8476426 ], [ -115.7436433, 60.8476609 ] ] ] } },
{ "type": "Feature", "properties": { "osm_id": 824375724, "building": "yes", "street": "Hay River Highway", "area": "Old Town Hay River", "flood_pixels": 18 }, "geometry": { "type": "Polygon", "coordinates": [ [ [ -115.7438578, 60.8479083 ], [ -115.7440691, 60.8478411 ], [ -115.7439948, 60.8477856 ], [ -115.743783399999984, 60.8478527 ], [ -115.7438578, 60.8479083 ] ] ] } },
{ "type": "Feature", "properties": { "osm_id": 824375725, "building": "yes", "street": "106 Street", "area": "Old Town Hay River", "flood_pixels": 16 }, "geometry": { "type": "Polygon", "coordinates": [ [ [ -115.7466547, 60.849326 ], [ -115.747002600000016, 60.8492597 ], [ -115.7469346, 60.8491752 ], [ -115.7465867, 60.8492415 ], [ -115.7466547, 60.849326 ] ] ] } },
{ "type": "Feature", "properties": { "osm_id": 824375726, "building": "yes", "street": "Hay River Highway", "area": "Old Town Hay River", "flood_pixels": 6 }, "geometry": { "type": "Polygon", "coordinates": [ [ [ -115.7468873, 60.8476741 ], [ -115.7468721, 60.8475627 ], [ -115.746736500000011, 60.8475671 ], [ -115.746751700000019, 60.8476785 ], [ -115.7468873, 60.8476741 ] ] ] } },
{ "type": "Feature", "properties": { "osm_id": 824375727, "building": "yes", "street": "107 Street", "area": "Old Town Hay River", "flood_pixels": 10 }, "geometry": { "type": "Polygon", "coordinates": [ [ [ -115.7475442, 60.8474758 ], [ -115.7475062, 60.847358 ], [ -115.747718100000014, 60.8473417 ], [ -115.7477561, 60.8474595 ], [ -115.7475442, 60.8474758 ] ] ] } },
{ "type": "Feature", "properties": { "osm_id": 824375728, "building": "yes", "street": "Hay River Highway", "area": "Old Town Hay River", "flood_pixels": 16 }, "geometry": { "type": "Polygon", "coordinates": [ [ [ -115.746731600000018, 60.847560599999987 ], [ -115.746937800000012, 60.847543100000024 ], [ -115.7468863, 60.847399 ], [ -115.74668, 60.8474165 ], [ -115.746731600000018, 60.847560599999987 ] ] ] } },
{ "type": "Feature", "properties": { "osm_id": 824375729, "building": "yes", "street": "106 Street", "area": "Old Town Hay River", "flood_pixels": 20 }, "geometry": { "type": "Polygon", "coordinates": [ [ [ -115.7452072, 60.848112300000018 ], [ -115.74512630000001, 60.8479509 ], [ -115.7452793, 60.847932700000023 ], [ -115.7453602, 60.8480941 ], [ -115.7452072, 60.848112300000018 ] ] ] } },
{ "type": "Feature", "properties": { "osm_id": 824375730, "building": "yes", "street": "107 Street", "area": "Old Town Hay River", "flood_pixels": 12 }, "geometry": { "type": "Polygon", "coordinates": [ [ [ -115.74804709999998, 60.8482471 ], [ -115.747831299999987, 60.8482732 ], [ -115.7477862, 60.848185 ], [ -115.748002, 60.8481588 ], [ -115.74804709999998, 60.8482471 ] ] ] } },
{ "type": "Feature", "properties": { "osm_id": 824375731, "building": "yes", "street": "Hay River Highway", "area": "Old Town Hay River", "flood_pixels": 13 }, "geometry": { "type": "Polygon", "coordinates": [ [ [ -115.7469976, 60.8465237 ], [ -115.7469619, 60.8465245 ], [ -115.7469287, 60.8465311 ], [ -115.7469019, 60.8465426 ], [ -115.746884499999979, 60.8465579 ], [ -115.74687849999998, 60.84657510000001 ], [ -115.746884499999979, 60.8465923 ], [ -115.7469019, 60.8466075 ], [ -115.7469288, 60.846619 ], [ -115.7469597, 60.846625299999985 ], [ -115.7469931, 60.8466266 ], [ -115.7470256, 60.8466228 ], [ -115.7470541, 60.8466142 ], [ -115.7470757, 60.8466017 ], [ -115.747088199999979, 60.8465865 ], [ -115.747090299999982, 60.846570199999988 ], [ -115.7470811, 60.8465534 ], [ -115.747060800000014, 60.846539 ], [ -115.7470319, 60.8465287 ], [ -115.7469976, 60.8465237 ] ] ] } },
{ "type": "Feature", "properties": { "osm_id": 824375733, "building": "yes", "street": "Hay River Highway", "area": "Old Town Hay River", "flood_pixels": 9 }, "geometry": { "type": "Polygon", "coordinates": [ [ [ -115.74788820000002, 60.8463996 ], [ -115.74784360000001, 60.8464116 ], [ -115.747809100000012, 60.8464298 ], [ -115.7477882, 60.8464524 ], [ -115.747783, 60.8464771 ], [ -115.7477942, 60.8465013 ], [ -115.7478205, 60.846522499999985 ], [ -115.7478593, 60.8465386 ], [ -115.7479065, 60.846547799999989 ], [ -115.74796090000001, 60.8465491 ], [ -115.748013, 60.8465414 ], [ -115.7480567, 60.8465255 ], [ -115.7480867, 60.8465034 ], [ -115.7480996, 60.8464776 ], [ -115.7480939, 60.8464512 ], [ -115.7480702, 60.8464273 ], [ -115.7480342, 60.8464098 ], [ -115.7479887, 60.846398699999988 ], [ -115.747938300000015, 60.846395200000011 ], [ -115.74788820000002, 60.8463996 ] ] ] } },
{ "type": "Feature", "properties": { "osm_id": 824375734, "building": "yes", "street": "Hay River Highway", "area": "Old Town Hay River", "flood_pixels": 3 }, "geometry": { "type": "Polygon", "coordinates": [ [ [ -115.7484572, 60.84644440000001 ], [ -115.7484459, 60.846425300000014 ], [ -115.7484222, 60.846409 ], [ -115.7483889, 60.8463975 ], [ -115.7483497, 60.846392 ], [ -115.748309, 60.8463931 ], [ -115.7482712, 60.8464007 ], [ -115.7482408, 60.8464139 ], [ -115.748220900000021, 60.846431299999985 ], [ -115.748214, 60.8464509 ], [ -115.7482207, 60.8464705 ], [ -115.748239, 60.846487099999983 ], [ -115.748267100000021, 60.8465001 ], [ -115.7483021, 60.8465082 ], [ -115.74834060000002, 60.8465105 ], [ -115.748378500000015, 60.8465068 ], [ -115.7484122, 60.846497499999984 ], [ -115.7484394, 60.846482599999987 ], [ -115.7484549, 60.8464642 ], [ -115.7484572, 60.84644440000001 ] ] ] } },
{ "type": "Feature", "properties": { "osm_id": 824375736, "building": "yes", "street": "Hay River Highway", "area": "Old Town Hay River", "flood_pixels": 6 }, "geometry": { "type": "Polygon", "coordinates": [ [ [ -115.7485662, 60.846646699999987 ], [ -115.7485688, 60.8466306 ], [ -115.7485605, 60.846615 ], [ -115.7485422, 60.8466015 ], [ -115.748515900000015, 60.846591599999989 ], [ -115.7484844, 60.8465865 ], [ -115.7484513, 60.8465866 ], [ -115.74842, 60.846592 ], [ -115.748394, 60.8466021 ], [ -115.748376199999981, 60.8466157 ], [ -115.7483684, 60.846631299999984 ], [ -115.748371399999982, 60.846647299999987 ], [ -115.7483849, 60.846661900000015 ], [ -115.748407300000011, 60.8466737 ], [ -115.748436400000017, 60.846681199999985 ], [ -115.7484689, 60.8466838 ], [ -115.7485014, 60.8466812 ], [ -115.7485305, 60.8466734 ], [ -115.7485529, 60.84666150000001 ], [ -115.7485662, 60.846646699999987 ] ] ] } },
{ "type": "Feature", "properties": { "osm_id": 824375737, "building": "yes", "street": "Hay River Highway", "area": "Old Town Hay River", "flood_pixels": 8 }, "geometry": { "type": "Polygon", "coordinates": [ [ [ -115.7488163, 60.846212800000011 ], [ -115.748867200000021, 60.8462307 ], [ -115.7489033, 60.8462557 ], [ -115.7489208, 60.8462851 ], [ -115.7489178, 60.8463157 ], [ -115.74889450000002, 60.8463441 ], [ -115.7488536, 60.8463673 ], [ -115.7487994, 60.8463828 ], [ -115.7487378, 60.8463888 ], [ -115.748675599999984, 60.846384799999989 ], [ -115.7486195, 60.8463712 ], [ -115.7485754, 60.846349399999987 ], [ -115.7485482, 60.846321899999971 ], [ -115.748540899999981, 60.8462915 ], [ -115.7485542, 60.8462616 ], [ -115.7485866, 60.8462355 ], [ -115.7486348, 60.846215800000024 ], [ -115.748693500000016, 60.8462049 ], [ -115.748756200000017, 60.8462038 ], [ -115.7488163, 60.846212800000011 ] ] ] } },
{ "type": "Feature", "properties": { "osm_id": 824375738, "building": "yes", "street": "107 Street", "area": "Old Town Hay River", "flood_pixels": 11 }, "geometry": { "type": "Polygon", "coordinates": [ [ [ -115.7474849, 60.8469977 ], [ -115.7479435, 60.846939 ], [ -115.747893300000015, 60.84684570000001 ], [ -115.747434699999985, 60.8469042 ], [ -115.7474849, 60.8469977 ] ] ] } },
{ "type": "Feature", "properties": { "osm_id": 824375739, "building": "yes", "street": "Hay River Highway", "area": "Old Town Hay River", "flood_pixels": 7 }, "geometry": { "type": "Polygon", "coordinates": [ [ [ -115.7483322, 60.8468733 ], [ -115.748031399999988, 60.846908499999984 ], [ -115.748002, 60.8468426 ], [ -115.7483, 60.8468073 ], [ -115.7483322, 60.8468733 ] ] ] } },
{ "type": "Feature", "properties": { "osm_id": 824375740, "building": "yes", "street": "Hay River Highway", "area": "Old Town Hay River", "flood_pixels": 10 }, "geometry": { "type": "Polygon", "coordinates": [ [ [ -115.74838819999998, 60.8468301 ], [ -115.7484051, 60.846869299999987 ], [ -115.748622, 60.846847 ], [ -115.7486051, 60.846807799999986 ], [ -115.74838819999998, 60.8468301 ] ] ] } },
{ "type": "Feature", "properties": { "osm_id": 824375741, "building": "yes", "street": "Hay River Highway", "area": "Vale Island", "flood_pixels": 17 }, "geometry": { "type": "Polygon", "coordinates": [ [ [ -115.751859, 60.846500599999985 ], [ -115.7517396, 60.846208799999985 ], [ -115.7519693, 60.8461865 ], [ -115.7520887, 60.8464783 ], [ -115.751859, 60.846500599999985 ] ] ] } },
{ "type": "Feature", "properties": { "osm_id": 824375742, "building": "yes", "street": "Hay River Highway", "area": "Vale Island", "flood_pixels": 18 }, "geometry": { "type": "Polygon", "coordinates": [ [ [ -115.7522616, 60.8462351 ], [ -115.7523395, 60.846462499999987 ], [ -115.752821899999986, 60.8464233 ], [ -115.752743899999984, 60.8461959 ], [ -115.7522616, 60.8462351 ] ] ] } },
{ "type": "Feature", "properties": { "osm_id": 824375743, "building": "yes", "street": "Hay River Highway", "area": "Vale Island", "flood_pixels": 7 }, "geometry": { "type": "Polygon", "coordinates": [ [ [ -115.753140400000021, 60.8463835 ], [ -115.7530392, 60.8461542 ], [ -115.7532171, 60.8461356 ], [ -115.7533183, 60.846364899999983 ], [ -115.753140400000021, 60.8463835 ] ] ] } },
{ "type": "Feature", "properties": { "osm_id": 824375744, "building": "yes", "street": "Hay River Highway", "area": "Vale Island", "flood_pixels": 11 }, "geometry": { "type": "Polygon", "coordinates": [ [ [ -115.7533696, 60.8463618 ], [ -115.7535545, 60.8463431 ], [ -115.7534562, 60.846112 ], [ -115.7532712, 60.8461307 ], [ -115.7533696, 60.8463618 ] ] ] } },
{ "type": "Feature", "properties": { "osm_id": 824375745, "building": "yes", "street": "Hay River Highway", "area": "Vale Island", "flood_pixels": 5 }, "geometry": { "type": "Polygon", "coordinates": [ [ [ -115.7529993, 60.845869 ], [ -115.7529075, 60.8457035 ], [ -115.7531523, 60.8456712 ], [ -115.753191500000014, 60.8457418 ], [ -115.753492, 60.8457023 ], [ -115.7535447, 60.8457972 ], [ -115.7529993, 60.845869 ] ] ] } },
{ "type": "Feature", "properties": { "osm_id": 824375748, "building": "yes", "street": "Hay River Highway", "area": "Vale Island", "flood_pixels": 16 }, "geometry": { "type": "Polygon", "coordinates": [ [ [ -115.7570953, 60.843406899999984 ], [ -115.75673519999998, 60.8433272 ], [ -115.75687360000002, 60.8431787 ], [ -115.7568996, 60.8431509 ], [ -115.757259800000014, 60.8432307 ], [ -115.7570953, 60.843406899999984 ] ] ] } },
{ "type": "Feature", "properties": { "osm_id": 825401342, "building": "yes", "street": "Airport Rd", "area": "Hay River (other areas)", "flood_pixels": 5 }, "geometry": { "type": "Polygon", "coordinates": [ [ [ -115.7790647, 60.8386162 ], [ -115.778845, 60.838669799999984 ], [ -115.778784, 60.8385925 ], [ -115.779003700000018, 60.838544900000016 ], [ -115.7790647, 60.8386162 ] ] ] } },
{ "type": "Feature", "properties": { "osm_id": 825401344, "building": "yes", "street": "Airport Rd", "area": "Hay River (other areas)", "flood_pixels": 3 }, "geometry": { "type": "Polygon", "coordinates": [ [ [ -115.778723, 60.8383665 ], [ -115.7785981, 60.8383989 ], [ -115.7785024, 60.838311200000014 ], [ -115.7787465, 60.838247900000013 ], [ -115.7788152, 60.8383108 ], [ -115.778714900000011, 60.838336799999986 ], [ -115.778723, 60.8383665 ] ] ] } },
{ "type": "Feature", "properties": { "osm_id": 825401345, "building": "yes", "street": "unnamed road", "area": "Hay River (other areas)", "flood_pixels": 12 }, "geometry": { "type": "Polygon", "coordinates": [ [ [ -115.778634299999979, 60.838214 ], [ -115.7784669, 60.8382592 ], [ -115.7783828, 60.8381852 ], [ -115.778550200000012, 60.83814 ], [ -115.778634299999979, 60.838214 ] ] ] } },
{ "type": "Feature", "properties": { "osm_id": 825401346, "building": "yes", "street": "unnamed road", "area": "Vale Island", "flood_pixels": 19 }, "geometry": { "type": "Polygon", "coordinates": [ [ [ -115.7693243, 60.8427554 ], [ -115.7689906, 60.8428298 ], [ -115.7687788, 60.8426044 ], [ -115.7691124, 60.84253 ], [ -115.7693243, 60.8427554 ] ] ] } },
{ "type": "Feature", "properties": { "osm_id": 825401347, "building": "yes", "street": "Buffalo Dr", "area": "Vale Island", "flood_pixels": 10 }, "geometry": { "type": "Polygon", "coordinates": [ [ [ -115.7674254, 60.8434718 ], [ -115.767344, 60.8435028 ], [ -115.7672622, 60.843534099999985 ], [ -115.767082099999982, 60.8434222 ], [ -115.767245299999985, 60.843359799999988 ], [ -115.7674254, 60.8434718 ] ] ] } },
{ "type": "Feature", "properties": { "osm_id": 825401350, "building": "yes", "street": "Whitlock Rd", "area": "Hay River (other areas)", "flood_pixels": 14 }, "geometry": { "type": "Polygon", "coordinates": [ [ [ -115.7696235, 60.8402833 ], [ -115.7692386, 60.8403653 ], [ -115.769110500000011, 60.840222499999982 ], [ -115.7695559, 60.8401276 ], [ -115.7696472, 60.8402293 ], [ -115.7695866, 60.8402422 ], [ -115.7696235, 60.8402833 ] ] ] } },
{ "type": "Feature", "properties": { "osm_id": 825401352, "building": "yes", "street": "Reserve Highway", "area": "Hay River (other areas)", "flood_pixels": 22 }, "geometry": { "type": "Polygon", "coordinates": [ [ [ -115.762831, 60.8347262 ], [ -115.762581, 60.8348601 ], [ -115.7625526, 60.8348325 ], [ -115.76250850000001, 60.834856 ], [ -115.7623379, 60.83477989999998 ], [ -115.7618508, 60.8350395 ], [ -115.761801300000016, 60.835017500000014 ], [ -115.761652400000017, 60.8350969 ], [ -115.7614459, 60.8350051 ], [ -115.7615959, 60.834925 ], [ -115.7615254, 60.8348936 ], [ -115.7620415, 60.8346177 ], [ -115.7621266, 60.8346555 ], [ -115.7622447, 60.834592300000018 ], [ -115.7623795, 60.834652200000015 ], [ -115.76250850000001, 60.834583199999983 ], [ -115.762831, 60.8347262 ] ] ] } },
{ "type": "Feature", "properties": { "osm_id": 825401353, "building": "yes", "street": "Lynx Dr", "area": "Hay River (other areas)", "flood_pixels": 13 }, "geometry": { "type": "Polygon", "coordinates": [ [ [ -115.760413, 60.8352198 ], [ -115.7607718, 60.8354102 ], [ -115.7606403, 60.8354691 ], [ -115.76044730000001, 60.8353666 ], [ -115.7603815, 60.8353961 ], [ -115.760255200000017, 60.835329 ], [ -115.760336599999988, 60.8352926 ], [ -115.7602971, 60.8352717 ], [ -115.760413, 60.8352198 ] ] ] } },
{ "type": "Feature", "properties": { "osm_id": 826303672, "building": "yes", "street": "Cranberry Crescent", "area": "New Town Hay River", "flood_pixels": 3 }, "geometry": { "type": "Polygon", "coordinates": [ [ [ -115.785603400000014, 60.8247725 ], [ -115.7855055, 60.8248987 ], [ -115.7852997, 60.8248608 ], [ -115.7853975, 60.8247345 ], [ -115.785603400000014, 60.8247725 ] ] ] } },
{ "type": "Feature", "properties": { "osm_id": 826303673, "building": "yes", "street": "Cranberry Crescent", "area": "New Town Hay River", "flood_pixels": 4 }, "geometry": { "type": "Polygon", "coordinates": [ [ [ -115.7854872, 60.825031 ], [ -115.785281500000011, 60.8249871 ], [ -115.785296599999981, 60.824970199999989 ], [ -115.785206800000012, 60.8249511 ], [ -115.7852817, 60.8248677 ], [ -115.7855772, 60.82493070000001 ], [ -115.7854872, 60.825031 ] ] ] } },
{ "type": "Feature", "properties": { "osm_id": 826303675, "building": "yes", "street": "Cranberry Crescent", "area": "New Town Hay River", "flood_pixels": 11 }, "geometry": { "type": "Polygon", "coordinates": [ [ [ -115.7849493, 60.8252517 ], [ -115.7851953, 60.8253031 ], [ -115.785295300000016, 60.8251895 ], [ -115.7851362, 60.8251562 ], [ -115.7851157, 60.8251796 ], [ -115.785028800000021, 60.8251614 ], [ -115.7849493, 60.8252517 ] ] ] } },
{ "type": "Feature", "properties": { "osm_id": 826303676, "building": "yes", "street": "Cranberry Crescent", "area": "New Town Hay River", "flood_pixels": 7 }, "geometry": { "type": "Polygon", "coordinates": [ [ [ -115.7848794, 60.8255841 ], [ -115.7847085, 60.825544800000017 ], [ -115.784819500000012, 60.8254299 ], [ -115.7849906, 60.825469199999972 ], [ -115.7848794, 60.8255841 ] ] ] } },
{ "type": "Feature", "properties": { "osm_id": 826303677, "building": "yes", "street": "Cranberry Crescent", "area": "New Town Hay River", "flood_pixels": 3 }, "geometry": { "type": "Polygon", "coordinates": [ [ [ -115.7848162, 60.8257527 ], [ -115.7845419, 60.8256717 ], [ -115.784626500000016, 60.8256036 ], [ -115.7847276, 60.8256335 ], [ -115.78476120000002, 60.8256064 ], [ -115.784934400000012, 60.825657599999985 ], [ -115.7848162, 60.8257527 ] ] ] } },
{ "type": "Feature", "properties": { "osm_id": 826303678, "building": "yes", "street": "Cranberry Crescent", "area": "New Town Hay River", "flood_pixels": 6 }, "geometry": { "type": "Polygon", "coordinates": [ [ [ -115.784717700000016, 60.825804300000016 ], [ -115.7845678, 60.825888500000012 ], [ -115.7844035, 60.8258191 ], [ -115.7844323, 60.8258029 ], [ -115.784409900000014, 60.8257935 ], [ -115.7844564, 60.825767399999989 ], [ -115.784428599999984, 60.8257556 ], [ -115.784503300000011, 60.825713699999987 ], [ -115.784717700000016, 60.825804300000016 ] ] ] } },
{ "type": "Feature", "properties": { "osm_id": 826303679, "building": "yes", "street": "Cranberry Crescent", "area": "New Town Hay River", "flood_pixels": 5 }, "geometry": { "type": "Polygon", "coordinates": [ [ [ -115.78430160000002, 60.8260148 ], [ -115.7844614, 60.825952 ], [ -115.784282100000013, 60.8258435 ], [ -115.7841223, 60.8259064 ], [ -115.78430160000002, 60.8260148 ] ] ] } },
{ "type": "Feature", "properties": { "osm_id": 826303680, "building": "yes", "street": "Cranberry Crescent", "area": "New Town Hay River", "flood_pixels": 15 }, "geometry": { "type": "Polygon", "coordinates": [ [ [ -115.784379, 60.8261367 ], [ -115.7842174, 60.82619050000001 ], [ -115.783916199999979, 60.8259753 ], [ -115.7840778, 60.825921599999987 ], [ -115.784379, 60.8261367 ] ] ] } },
{ "type": "Feature", "properties": { "osm_id": 826303681, "building": "yes", "street": "Cranberry Crescent", "area": "New Town Hay River", "flood_pixels": 6 }, "geometry": { "type": "Polygon", "coordinates": [ [ [ -115.784552799999986, 60.826389199999987 ], [ -115.7844897, 60.8264121 ], [ -115.7844266, 60.8263709 ], [ -115.7844897, 60.826348 ], [ -115.784552799999986, 60.826389199999987 ] ] ] } },
{ "type": "Feature", "properties": { "osm_id": 826303682, "building": "yes", "street": "Saskatoon Drive", "area": "New Town Hay River", "flood_pixels": 5 }, "geometry": { "type": "Polygon", "coordinates": [ [ [ -115.7826627, 60.8234795 ], [ -115.782477, 60.8235506 ], [ -115.7823825, 60.823492 ], [ -115.78247039999998, 60.8234583 ], [ -115.7824199, 60.823427 ], [ -115.7824969, 60.823397499999984 ], [ -115.782534500000011, 60.823420799999987 ], [ -115.7825553, 60.8234129 ], [ -115.7826627, 60.8234795 ] ] ] } },
{ "type": "Feature", "properties": { "osm_id": 826303683, "building": "yes", "street": "Saskatoon Drive", "area": "New Town Hay River", "flood_pixels": 4 }, "geometry": { "type": "Polygon", "coordinates": [ [ [ -115.782717, 60.8236666 ], [ -115.782545099999979, 60.823563 ], [ -115.7826661, 60.8235153 ], [ -115.782838, 60.823619 ], [ -115.782717, 60.8236666 ] ] ] } },
{ "type": "Feature", "properties": { "osm_id": 826303691, "building": "yes", "street": "Cranberry Crescent", "area": "New Town Hay River", "flood_pixels": 5 }, "geometry": { "type": "Polygon", "coordinates": [ [ [ -115.784438100000017, 60.824659699999984 ], [ -115.7847494, 60.8247253 ], [ -115.7848154, 60.824650800000022 ], [ -115.784742600000015, 60.8246354 ], [ -115.7847662, 60.8246088 ], [ -115.784731900000011, 60.8246016 ], [ -115.784768500000013, 60.8245603 ], [ -115.7845643, 60.824517299999989 ], [ -115.784438100000017, 60.824659699999984 ] ] ] } },
{ "type": "Feature", "properties": { "osm_id": 826303692, "building": "yes", "street": "Cranberry Crescent", "area": "New Town Hay River", "flood_pixels": 5 }, "geometry": { "type": "Polygon", "coordinates": [ [ [ -115.784687, 60.8247995 ], [ -115.7846258, 60.8248709 ], [ -115.78435540000001, 60.8248159 ], [ -115.7844605, 60.8246931 ], [ -115.7846412, 60.8247299 ], [ -115.7846184, 60.8247565 ], [ -115.7846606, 60.8247651 ], [ -115.784639500000011, 60.8247898 ], [ -115.784687, 60.8247995 ] ] ] } },
{ "type": "Feature", "properties": { "osm_id": 826303693, "building": "yes", "street": "Cranberry Crescent", "area": "New Town Hay River", "flood_pixels": 10 }, "geometry": { "type": "Polygon", "coordinates": [ [ [ -115.7843413, 60.824839 ], [ -115.7844883, 60.824867 ], [ -115.784464, 60.8248974 ], [ -115.784509200000016, 60.824906 ], [ -115.7844896, 60.824930499999972 ], [ -115.7845559, 60.8249431 ], [ -115.784499, 60.8250143 ], [ -115.784181600000011, 60.824954 ], [ -115.7842302, 60.824893199999984 ], [ -115.784289, 60.8249044 ], [ -115.7843413, 60.824839 ] ] ] } },
{ "type": "Feature", "properties": { "osm_id": 826303694, "building": "yes", "street": "Cranberry Crescent", "area": "New Town Hay River", "flood_pixels": 10 }, "geometry": { "type": "Polygon", "coordinates": [ [ [ -115.784465700000013, 60.8250435 ], [ -115.7844221, 60.8250959 ], [ -115.784454, 60.825102200000011 ], [ -115.7844009, 60.8251661 ], [ -115.7840948, 60.8251057 ], [ -115.7841212, 60.8250739 ], [ -115.7840771, 60.8250652 ], [ -115.7841188, 60.8250149 ], [ -115.7841323, 60.8250201 ], [ -115.78416270000001, 60.8249836 ], [ -115.784465700000013, 60.8250435 ] ] ] } },
{ "type": "Feature", "properties": { "osm_id": 826303695, "building": "yes", "street": "Cranberry Crescent", "area": "New Town Hay River", "flood_pixels": 8 }, "geometry": { "type": "Polygon", "coordinates": [ [ [ -115.7843885, 60.8251898 ], [ -115.784320800000017, 60.8252709 ], [ -115.7842661, 60.82526 ], [ -115.7842211, 60.8253138 ], [ -115.784080500000016, 60.825285899999983 ], [ -115.784193099999982, 60.825151 ], [ -115.7843885, 60.8251898 ] ] ] } },
{ "type": "Feature", "properties": { "osm_id": 826303696, "building": "yes", "street": "Cranberry Crescent", "area": "New Town Hay River", "flood_pixels": 5 }, "geometry": { "type": "Polygon", "coordinates": [ [ [ -115.784104, 60.825475 ], [ -115.784241399999985, 60.8253611 ], [ -115.784052099999982, 60.8253068 ], [ -115.784033199999982, 60.825322499999984 ], [ -115.7839768, 60.8253063 ], [ -115.7839205, 60.825352899999977 ], [ -115.783969500000012, 60.825367 ], [ -115.7839072, 60.825418599999978 ], [ -115.784104, 60.825475 ] ] ] } },
{ "type": "Feature", "properties": { "osm_id": 826303697, "building": "yes", "street": "Cranberry Crescent", "area": "New Town Hay River", "flood_pixels": 9 }, "geometry": { "type": "Polygon", "coordinates": [ [ [ -115.7838942, 60.8255736 ], [ -115.7837993, 60.825623 ], [ -115.783618899999979, 60.8255408 ], [ -115.783829499999982, 60.825430899999986 ], [ -115.7839581, 60.825489599999983 ], [ -115.783842299999989, 60.8255499 ], [ -115.7838942, 60.8255736 ] ] ] } },
{ "type": "Feature", "properties": { "osm_id": 826303698, "building": "yes", "street": "Cranberry Crescent", "area": "New Town Hay River", "flood_pixels": 22 }, "geometry": { "type": "Polygon", "coordinates": [ [ [ -115.7832805, 60.8256052 ], [ -115.783364400000011, 60.8256643 ], [ -115.7833268, 60.825677 ], [ -115.783424700000012, 60.825746 ], [ -115.7835651, 60.8256987 ], [ -115.7835165, 60.8256644 ], [ -115.7836182, 60.8256301 ], [ -115.783485099999979, 60.8255363 ], [ -115.7832805, 60.8256052 ] ] ] } },
{ "type": "Feature", "properties": { "osm_id": 827516828, "building": "yes", "street": "Eagle Crescent", "area": "New Town Hay River", "flood_pixels": 5 }, "geometry": { "type": "Polygon", "coordinates": [ [ [ -115.778953, 60.8225072 ], [ -115.778808500000011, 60.8224795 ], [ -115.778899400000014, 60.8223667 ], [ -115.779044, 60.8223944 ], [ -115.778953, 60.8225072 ] ] ] } },
{ "type": "Feature", "properties": { "osm_id": 827516840, "building": "yes", "street": "Eagle Crescent", "area": "New Town Hay River", "flood_pixels": 4 }, "geometry": { "type": "Polygon", "coordinates": [ [ [ -115.7771207, 60.8220123 ], [ -115.7769671, 60.822090600000017 ], [ -115.7768455, 60.8220339 ], [ -115.776999099999983, 60.8219556 ], [ -115.7771207, 60.8220123 ] ] ] } },
{ "type": "Feature", "properties": { "osm_id": 827516842, "building": "yes", "street": "Eagle Crescent", "area": "New Town Hay River", "flood_pixels": 4 }, "geometry": { "type": "Polygon", "coordinates": [ [ [ -115.77665949999998, 60.8221211 ], [ -115.7765641, 60.8221738 ], [ -115.776698400000015, 60.822231599999988 ], [ -115.7767939, 60.8221789 ], [ -115.77665949999998, 60.8221211 ] ] ] } },
{ "type": "Feature", "properties": { "osm_id": 827516843, "building": "yes", "street": "Riverview Drive", "area": "New Town Hay River", "flood_pixels": 9 }, "geometry": { "type": "Polygon", "coordinates": [ [ [ -115.7764933, 60.8223628 ], [ -115.776402500000017, 60.822412799999988 ], [ -115.776318, 60.8223764 ], [ -115.776297, 60.8223879 ], [ -115.7761115, 60.8223079 ], [ -115.776317400000011, 60.8221945 ], [ -115.776449, 60.822251299999984 ], [ -115.776355, 60.8223031 ], [ -115.7764933, 60.8223628 ] ] ] } },
{ "type": "Feature", "properties": { "osm_id": 827516844, "building": "yes", "street": "Woodland Drive", "area": "New Town Hay River", "flood_pixels": 5 }, "geometry": { "type": "Polygon", "coordinates": [ [ [ -115.7760725, 60.822105400000012 ], [ -115.7758949, 60.8222038 ], [ -115.7758003, 60.8221632 ], [ -115.7759779, 60.8220648 ], [ -115.7760725, 60.822105400000012 ] ] ] } },
{ "type": "Feature", "properties": { "osm_id": 827516845, "building": "yes", "street": "Woodland Drive", "area": "New Town Hay River", "flood_pixels": 6 }, "geometry": { "type": "Polygon", "coordinates": [ [ [ -115.7763308, 60.8221425 ], [ -115.7762527, 60.8221834 ], [ -115.776132, 60.8221286 ], [ -115.7762101, 60.8220877 ], [ -115.7763308, 60.8221425 ] ] ] } },
{ "type": "Feature", "properties": { "osm_id": 827516847, "building": "yes", "street": "Woodland Drive", "area": "New Town Hay River", "flood_pixels": 8 }, "geometry": { "type": "Polygon", "coordinates": [ [ [ -115.77622839999998, 60.822025300000021 ], [ -115.776100700000015, 60.8219735 ], [ -115.776285300000012, 60.8218654 ], [ -115.776413, 60.821917199999987 ], [ -115.77622839999998, 60.822025300000021 ] ] ] } },
{ "type": "Feature", "properties": { "osm_id": 827516869, "building": "yes", "street": "Eagle Crescent", "area": "New Town Hay River", "flood_pixels": 5 }, "geometry": { "type": "Polygon", "coordinates": [ [ [ -115.777125900000016, 60.822639499999987 ], [ -115.7770538, 60.8226807 ], [ -115.7769952, 60.8226564 ], [ -115.77696490000001, 60.8226737 ], [ -115.776844200000014, 60.8226235 ], [ -115.7769467, 60.822565 ], [ -115.777125900000016, 60.822639499999987 ] ] ] } },
{ "type": "Feature", "properties": { "osm_id": 827516870, "building": "yes", "street": "Eagle Crescent", "area": "New Town Hay River", "flood_pixels": 3 }, "geometry": { "type": "Polygon", "coordinates": [ [ [ -115.777140300000013, 60.8225843 ], [ -115.7772839, 60.8225024 ], [ -115.777144, 60.822444100000013 ], [ -115.7770004, 60.822526 ], [ -115.777140300000013, 60.8225843 ] ] ] } },
{ "type": "Feature", "properties": { "osm_id": 827516875, "building": "yes", "street": "Eagle Crescent", "area": "New Town Hay River", "flood_pixels": 4 }, "geometry": { "type": "Polygon", "coordinates": [ [ [ -115.778016100000016, 60.8223555 ], [ -115.778040100000013, 60.8223343 ], [ -115.77816, 60.8223663 ], [ -115.7782361, 60.822298699999983 ], [ -115.7780584, 60.8222512 ], [ -115.77795829999998, 60.822340099999984 ], [ -115.778016100000016, 60.8223555 ] ] ] } },
{ "type": "Feature", "properties": { "osm_id": 827516876, "building": "yes", "street": "Eagle Crescent", "area": "New Town Hay River", "flood_pixels": 3 }, "geometry": { "type": "Polygon", "coordinates": [ [ [ -115.7779685, 60.8223589 ], [ -115.777929799999981, 60.8223909 ], [ -115.7778522, 60.8223686 ], [ -115.77789079999998, 60.8223366 ], [ -115.7779685, 60.8223589 ] ] ] } },
{ "type": "Feature", "properties": { "osm_id": 827516877, "building": "yes", "street": "Eagle Crescent", "area": "New Town Hay River", "flood_pixels": 4 }, "geometry": { "type": "Polygon", "coordinates": [ [ [ -115.7780759, 60.8226267 ], [ -115.7781791, 60.822494899999988 ], [ -115.77804, 60.8224691 ], [ -115.7779836, 60.822541 ], [ -115.777908, 60.822527 ], [ -115.7778612, 60.8225868 ], [ -115.7780759, 60.8226267 ] ] ] } },
{ "type": "Feature", "properties": { "osm_id": 827516878, "building": "yes", "street": "Eagle Crescent", "area": "New Town Hay River", "flood_pixels": 7 }, "geometry": { "type": "Polygon", "coordinates": [ [ [ -115.777828900000017, 60.8225447 ], [ -115.777753300000015, 60.8226027 ], [ -115.7776275, 60.8225638 ], [ -115.777703, 60.822505799999988 ], [ -115.777828900000017, 60.8225447 ] ] ] } },
{ "type": "Feature", "properties": { "osm_id": 827516879, "building": "yes", "street": "Eagle Crescent", "area": "New Town Hay River", "flood_pixels": 6 }, "geometry": { "type": "Polygon", "coordinates": [ [ [ -115.777884799999981, 60.8228022 ], [ -115.7779437, 60.822736900000017 ], [ -115.7777185, 60.822688600000014 ], [ -115.777674100000013, 60.822737799999985 ], [ -115.7777535, 60.8227549 ], [ -115.777739, 60.8227709 ], [ -115.777884799999981, 60.8228022 ] ] ] } },
{ "type": "Feature", "properties": { "osm_id": 827516881, "building": "yes", "street": "Riverview Drive", "area": "New Town Hay River", "flood_pixels": 14 }, "geometry": { "type": "Polygon", "coordinates": [ [ [ -115.7775054, 60.822764 ], [ -115.7774401, 60.8228063 ], [ -115.7773379, 60.8227688 ], [ -115.7774032, 60.8227265 ], [ -115.7775054, 60.822764 ] ] ] } },
{ "type": "Feature", "properties": { "osm_id": 827517462, "building": "yes", "street": "Hay River Highway", "area": "New Town Hay River", "flood_pixels": 41 }, "geometry": { "type": "Polygon", "coordinates": [ [ [ -115.7758525, 60.826475599999988 ], [ -115.776299499999979, 60.826530799999986 ], [ -115.776212699999988, 60.8266979 ], [ -115.7765876, 60.8267442 ], [ -115.7765403, 60.8268352 ], [ -115.7767925, 60.8268664 ], [ -115.7767622, 60.826924700000021 ], [ -115.776529100000019, 60.8268959 ], [ -115.776508899999982, 60.826934799999989 ], [ -115.77631479999998, 60.8269109 ], [ -115.776344099999989, 60.8268543 ], [ -115.7756972, 60.8267745 ], [ -115.7758525, 60.826475599999988 ] ] ] } },
{ "type": "Feature", "properties": { "osm_id": 827517463, "building": "yes", "street": "unnamed road", "area": "New Town Hay River", "flood_pixels": 20 }, "geometry": { "type": "Polygon", "coordinates": [ [ [ -115.7756089, 60.827253 ], [ -115.7753696, 60.8272282 ], [ -115.775444900000011, 60.827055799999989 ], [ -115.7756841, 60.8270806 ], [ -115.7756089, 60.827253 ] ] ] } },
{ "type": "Feature", "properties": { "osm_id": 827517464, "building": "yes", "street": "unnamed road", "area": "New Town Hay River", "flood_pixels": 5 }, "geometry": { "type": "Polygon", "coordinates": [ [ [ -115.7755875, 60.8267777 ], [ -115.7755264, 60.8268748 ], [ -115.7753752, 60.8268522 ], [ -115.775436299999981, 60.8267551 ], [ -115.7755875, 60.8267777 ] ] ] } },
{ "type": "Feature", "properties": { "osm_id": 827517466, "building": "yes", "street": "Cameron Crescent", "area": "New Town Hay River", "flood_pixels": 4 }, "geometry": { "type": "Polygon", "coordinates": [ [ [ -115.776341699999989, 60.821137599999986 ], [ -115.7765624, 60.8210103 ], [ -115.776431100000011, 60.820956199999976 ], [ -115.7763116, 60.8210251 ], [ -115.7762789, 60.8210117 ], [ -115.7762145, 60.8210488 ], [ -115.7762396, 60.8210591 ], [ -115.7762028, 60.8210803 ], [ -115.776341699999989, 60.821137599999986 ] ] ] } },
{ "type": "Feature", "properties": { "osm_id": 827761254, "building": "yes", "street": "Woodland Drive", "area": "New Town Hay River", "flood_pixels": 4 }, "geometry": { "type": "Polygon", "coordinates": [ [ [ -115.7806983, 60.8173935 ], [ -115.7809933, 60.8174664 ], [ -115.7810358, 60.8174255 ], [ -115.7807408, 60.817352599999985 ], [ -115.7806983, 60.8173935 ] ] ] } },
{ "type": "Feature", "properties": { "osm_id": 827761256, "building": "yes", "street": "Royal Road", "area": "New Town Hay River", "flood_pixels": 3 }, "geometry": { "type": "Polygon", "coordinates": [ [ [ -115.7813995, 60.817084099999988 ], [ -115.7815189, 60.8170272 ], [ -115.7814065, 60.8169711 ], [ -115.7812871, 60.817028 ], [ -115.7813995, 60.817084099999988 ] ] ] } },
{ "type": "Feature", "properties": { "osm_id": 827842698, "building": "yes", "street": "Woodland Drive", "area": "New Town Hay River", "flood_pixels": 3 }, "geometry": { "type": "Polygon", "coordinates": [ [ [ -115.7758024, 60.821671 ], [ -115.775588900000017, 60.821781 ], [ -115.775466200000011, 60.821724399999987 ], [ -115.775597399999981, 60.821656800000014 ], [ -115.7755486, 60.8216342 ], [ -115.7756308, 60.8215919 ], [ -115.7758024, 60.821671 ] ] ] } },
{ "type": "Feature", "properties": { "osm_id": 827842699, "building": "yes", "street": "Woodland Drive", "area": "New Town Hay River", "flood_pixels": 7 }, "geometry": { "type": "Polygon", "coordinates": [ [ [ -115.7754654, 60.8218313 ], [ -115.7753837, 60.821875299999988 ], [ -115.7753161, 60.8218454 ], [ -115.775265499999989, 60.8218726 ], [ -115.7751528, 60.8218227 ], [ -115.775218400000014, 60.8217874 ], [ -115.7751435, 60.821754299999988 ], [ -115.775210200000018, 60.8217184 ], [ -115.7754654, 60.8218313 ] ] ] } },
{ "type": "Feature", "properties": { "osm_id": 827842700, "building": "yes", "street": "Riverview Drive", "area": "New Town Hay River", "flood_pixels": 4 }, "geometry": { "type": "Polygon", "coordinates": [ [ [ -115.77505739999998, 60.8217318 ], [ -115.775160400000019, 60.821683 ], [ -115.7750913, 60.8216484 ], [ -115.7749883, 60.821697299999983 ], [ -115.77505739999998, 60.8217318 ] ] ] } },
{ "type": "Feature", "properties": { "osm_id": 827842701, "building": "yes", "street": "Cameron Crescent", "area": "New Town Hay River", "flood_pixels": 16 }, "geometry": { "type": "Polygon", "coordinates": [ [ [ -115.7753212, 60.8216476 ], [ -115.775526, 60.8215372 ], [ -115.7753338, 60.8214524 ], [ -115.7752413, 60.8215023 ], [ -115.7752913, 60.8215244 ], [ -115.7752438, 60.82155 ], [ -115.775219, 60.8215391 ], [ -115.7751543, 60.821574 ], [ -115.7753212, 60.8216476 ] ] ] } },
{ "type": "Feature", "properties": { "osm_id": 827842702, "building": "yes", "street": "Cameron Crescent", "area": "New Town Hay River", "flood_pixels": 10 }, "geometry": { "type": "Polygon", "coordinates": [ [ [ -115.775178, 60.8213997 ], [ -115.774992400000016, 60.82143150000001 ], [ -115.7749405, 60.8213593 ], [ -115.7749875, 60.8213513 ], [ -115.774958, 60.8213102 ], [ -115.775096500000018, 60.8212865 ], [ -115.775178, 60.8213997 ] ] ] } },
{ "type": "Feature", "properties": { "osm_id": 827842703, "building": "yes", "street": "Cameron Crescent", "area": "New Town Hay River", "flood_pixels": 7 }, "geometry": { "type": "Polygon", "coordinates": [ [ [ -115.7751015, 60.8211943 ], [ -115.77524360000001, 60.821077 ], [ -115.7750708, 60.8210272 ], [ -115.7749287, 60.8211446 ], [ -115.7751015, 60.8211943 ] ] ] } },
{ "type": "Feature", "properties": { "osm_id": 827842704, "building": "yes", "street": "Cameron Crescent", "area": "New Town Hay River", "flood_pixels": 3 }, "geometry": { "type": "Polygon", "coordinates": [ [ [ -115.775172, 60.8209856 ], [ -115.775307200000015, 60.8210466 ], [ -115.7754811, 60.8209551 ], [ -115.7753408, 60.8208918 ], [ -115.7752946, 60.8209162 ], [ -115.775271500000017, 60.820905799999984 ], [ -115.7752248, 60.820930399999988 ], [ -115.775252800000018, 60.820943 ], [ -115.775172, 60.8209856 ] ] ] } },
{ "type": "Feature", "properties": { "osm_id": 827842705, "building": "yes", "street": "Cameron Crescent", "area": "New Town Hay River", "flood_pixels": 4 }, "geometry": { "type": "Polygon", "coordinates": [ [ [ -115.775228, 60.8208505 ], [ -115.775287100000014, 60.8208126 ], [ -115.7753764, 60.8208457 ], [ -115.7753173, 60.8208836 ], [ -115.775228, 60.8208505 ] ] ] } },
{ "type": "Feature", "properties": { "osm_id": 827842706, "building": "yes", "street": "Cameron Crescent", "area": "New Town Hay River", "flood_pixels": 9 }, "geometry": { "type": "Polygon", "coordinates": [ [ [ -115.775640200000012, 60.8208765 ], [ -115.7756891, 60.8208475 ], [ -115.7757147, 60.8208578 ], [ -115.7758334, 60.8207875 ], [ -115.7757928, 60.820771199999989 ], [ -115.77586860000001, 60.8207263 ], [ -115.775740499999984, 60.8206749 ], [ -115.775598400000021, 60.820759 ], [ -115.7755756, 60.820749899999988 ], [ -115.77556340000001, 60.8207571 ], [ -115.7755236, 60.8207412 ], [ -115.7754345, 60.8207939 ], [ -115.775640200000012, 60.8208765 ] ] ] } },
{ "type": "Feature", "properties": { "osm_id": 827842707, "building": "yes", "street": "Cameron Crescent", "area": "New Town Hay River", "flood_pixels": 6 }, "geometry": { "type": "Polygon", "coordinates": [ [ [ -115.775609300000013, 60.820712099999987 ], [ -115.77565970000002, 60.8206813 ], [ -115.775566700000013, 60.8206451 ], [ -115.7755163, 60.820675899999983 ], [ -115.775609300000013, 60.820712099999987 ] ] ] } },
{ "type": "Feature", "properties": { "osm_id": 827842711, "building": "yes", "street": "Cameron Crescent", "area": "New Town Hay River", "flood_pixels": 5 }, "geometry": { "type": "Polygon", "coordinates": [ [ [ -115.77692230000001, 60.820770699999983 ], [ -115.77701350000001, 60.8206954 ], [ -115.7768034, 60.820634899999988 ], [ -115.7767121, 60.820710200000015 ], [ -115.77692230000001, 60.820770699999983 ] ] ] } },
{ "type": "Feature", "properties": { "osm_id": 827842713, "building": "yes", "street": "Woodland Drive", "area": "New Town Hay River", "flood_pixels": 5 }, "geometry": { "type": "Polygon", "coordinates": [ [ [ -115.777237200000016, 60.8208139 ], [ -115.7773822, 60.820703 ], [ -115.7772428, 60.8206597 ], [ -115.7771618, 60.8207216 ], [ -115.7771074, 60.8207047 ], [ -115.7770433, 60.820753699999983 ], [ -115.777237200000016, 60.8208139 ] ] ] } },
{ "type": "Feature", "properties": { "osm_id": 827842714, "building": "yes", "street": "Woodland Drive", "area": "New Town Hay River", "flood_pixels": 3 }, "geometry": { "type": "Polygon", "coordinates": [ [ [ -115.7775023, 60.8206153 ], [ -115.7776335, 60.8205176 ], [ -115.7774818, 60.8204692 ], [ -115.77735060000002, 60.8205669 ], [ -115.7775023, 60.8206153 ] ] ] } },
{ "type": "Feature", "properties": { "osm_id": 827842717, "building": "yes", "street": "Malcolm Crescent", "area": "New Town Hay River", "flood_pixels": 8 }, "geometry": { "type": "Polygon", "coordinates": [ [ [ -115.7772062, 60.8204519 ], [ -115.777304700000016, 60.8203648 ], [ -115.7771016, 60.8203102 ], [ -115.7770195, 60.8203828 ], [ -115.7771567, 60.8204196 ], [ -115.777140300000013, 60.8204342 ], [ -115.7772062, 60.8204519 ] ] ] } },
{ "type": "Feature", "properties": { "osm_id": 827842718, "building": "yes", "street": "Malcolm Crescent", "area": "New Town Hay River", "flood_pixels": 7 }, "geometry": { "type": "Polygon", "coordinates": [ [ [ -115.776744, 60.8202868 ], [ -115.7767134, 60.8201671 ], [ -115.7764813, 60.8201813 ], [ -115.7765119, 60.8203009 ], [ -115.776744, 60.8202868 ] ] ] } },
{ "type": "Feature", "properties": { "osm_id": 827842719, "building": "yes", "street": "Malcolm Crescent", "area": "New Town Hay River", "flood_pixels": 7 }, "geometry": { "type": "Polygon", "coordinates": [ [ [ -115.7769017, 60.820111 ], [ -115.776894, 60.820011 ], [ -115.7768425, 60.820012 ], [ -115.776841500000018, 60.8199981 ], [ -115.776737499999982, 60.82 ], [ -115.776738699999981, 60.820016399999986 ], [ -115.7766731, 60.8200176 ], [ -115.776680700000014, 60.8201151 ], [ -115.7769017, 60.820111 ] ] ] } },
{ "type": "Feature", "properties": { "osm_id": 827842720, "building": "yes", "street": "Malcolm Crescent", "area": "New Town Hay River", "flood_pixels": 3 }, "geometry": { "type": "Polygon", "coordinates": [ [ [ -115.7768235, 60.8199418 ], [ -115.7769108, 60.819822 ], [ -115.776763800000012, 60.8197965 ], [ -115.7766766, 60.8199163 ], [ -115.7768235, 60.8199418 ] ] ] } },
{ "type": "Feature", "properties": { "osm_id": 827842721, "building": "yes", "street": "Malcolm Crescent", "area": "New Town Hay River", "flood_pixels": 10 }, "geometry": { "type": "Polygon", "coordinates": [ [ [ -115.7769671, 60.8197657 ], [ -115.7770448, 60.819648300000011 ], [ -115.777077, 60.8196533 ], [ -115.7771084, 60.81960590000002 ], [ -115.776905700000015, 60.819574 ], [ -115.7768828, 60.8196086 ], [ -115.776814, 60.8195978 ], [ -115.776755199999982, 60.8196867 ], [ -115.7768318, 60.8196987 ], [ -115.7768044, 60.8197401 ], [ -115.7769671, 60.8197657 ] ] ] } },
{ "type": "Feature", "properties": { "osm_id": 827842735, "building": "yes", "street": "Camsell Crescent", "area": "New Town Hay River", "flood_pixels": 6 }, "geometry": { "type": "Polygon", "coordinates": [ [ [ -115.777784299999979, 60.8187074 ], [ -115.777823500000011, 60.8186619 ], [ -115.777840800000021, 60.818665499999987 ], [ -115.777884799999981, 60.818614399999987 ], [ -115.7776683, 60.818570099999988 ], [ -115.7776517, 60.8185893 ], [ -115.7776026, 60.8185793 ], [ -115.7775598, 60.818629 ], [ -115.7776167, 60.8186406 ], [ -115.777593, 60.8186682 ], [ -115.777784299999979, 60.8187074 ] ] ] } },
{ "type": "Feature", "properties": { "osm_id": 827842736, "building": "yes", "street": "Camsell Crescent", "area": "New Town Hay River", "flood_pixels": 3 }, "geometry": { "type": "Polygon", "coordinates": [ [ [ -115.7780203, 60.8185219 ], [ -115.7778407, 60.8185 ], [ -115.777872700000017, 60.8184329 ], [ -115.7778423, 60.8184289 ], [ -115.777873099999979, 60.818369 ], [ -115.7780854, 60.8183948 ], [ -115.7780203, 60.8185219 ] ] ] } },
{ "type": "Feature", "properties": { "osm_id": 827842738, "building": "yes", "street": "Camsell Crescent", "area": "New Town Hay River", "flood_pixels": 6 }, "geometry": { "type": "Polygon", "coordinates": [ [ [ -115.7784162, 60.8182375 ], [ -115.778525500000015, 60.818215499999987 ], [ -115.778475700000016, 60.8181566 ], [ -115.7785314, 60.8181454 ], [ -115.7785496, 60.8181669 ], [ -115.7786337, 60.8181499 ], [ -115.778515, 60.8180099 ], [ -115.778438599999987, 60.8180253 ], [ -115.778416600000014, 60.8179994 ], [ -115.778300200000018, 60.8180228 ], [ -115.7783183, 60.8180441 ], [ -115.7782618, 60.818055500000014 ], [ -115.7784162, 60.8182375 ] ] ] } },
{ "type": "Feature", "properties": { "osm_id": 827842750, "building": "yes", "street": "Gaetz Drive", "area": "New Town Hay River", "flood_pixels": 12 }, "geometry": { "type": "Polygon", "coordinates": [ [ [ -115.778590099999988, 60.8172876 ], [ -115.7786442, 60.8171925 ], [ -115.7784385, 60.8171646 ], [ -115.7784557, 60.8171343 ], [ -115.7783635, 60.817121899999989 ], [ -115.7783446, 60.817155 ], [ -115.7783315, 60.8171532 ], [ -115.778279, 60.8172455 ], [ -115.778590099999988, 60.8172876 ] ] ] } },
{ "type": "Feature", "properties": { "osm_id": 827845871, "building": "yes", "street": "Riverview Drive", "area": "New Town Hay River", "flood_pixels": 5 }, "geometry": { "type": "Polygon", "coordinates": [ [ [ -115.7824749, 60.811987899999984 ], [ -115.782498800000013, 60.811923299999982 ], [ -115.7823312, 60.81190860000001 ], [ -115.7823074, 60.8119732 ], [ -115.7824749, 60.811987899999984 ] ] ] } },
{ "type": "Feature", "properties": { "osm_id": 831551649, "building": "yes", "street": "Marten Rd", "area": "Hay River (other areas)", "flood_pixels": 4 }, "geometry": { "type": "Polygon", "coordinates": [ [ [ -115.7671014, 60.8323833 ], [ -115.766976600000021, 60.8323229 ], [ -115.7671465, 60.8322395 ], [ -115.767271300000019, 60.83229990000001 ], [ -115.7671014, 60.8323833 ] ] ] } },
{ "type": "Feature", "properties": { "osm_id": 831551651, "building": "yes", "street": "Fox Rd", "area": "Hay River (other areas)", "flood_pixels": 10 }, "geometry": { "type": "Polygon", "coordinates": [ [ [ -115.766068200000021, 60.8326319 ], [ -115.7662657, 60.83272130000001 ], [ -115.7663886, 60.8326568 ], [ -115.7661911, 60.8325674 ], [ -115.766068200000021, 60.8326319 ] ] ] } },
{ "type": "Feature", "properties": { "osm_id": 831551652, "building": "yes", "street": "Fox Rd", "area": "Hay River (other areas)", "flood_pixels": 5 }, "geometry": { "type": "Polygon", "coordinates": [ [ [ -115.7669298, 60.832995899999986 ], [ -115.766996899999981, 60.833021 ], [ -115.7670261, 60.833002499999985 ], [ -115.767089, 60.833026 ], [ -115.76720060000001, 60.8329553 ], [ -115.7670046, 60.8328819 ], [ -115.7668935, 60.8329523 ], [ -115.7669595, 60.8329771 ], [ -115.7669298, 60.832995899999986 ] ] ] } },
{ "type": "Feature", "properties": { "osm_id": 831551653, "building": "yes", "street": "Marten Rd", "area": "Hay River (other areas)", "flood_pixels": 6 }, "geometry": { "type": "Polygon", "coordinates": [ [ [ -115.7678379, 60.832695599999987 ], [ -115.76804, 60.832589799999987 ], [ -115.767915400000021, 60.832533300000016 ], [ -115.767713300000011, 60.8326391 ], [ -115.7678379, 60.832695599999987 ] ] ] } },
{ "type": "Feature", "properties": { "osm_id": 831551665, "building": "yes", "street": "Lynx Dr", "area": "Hay River (other areas)", "flood_pixels": 8 }, "geometry": { "type": "Polygon", "coordinates": [ [ [ -115.7597085, 60.8356665 ], [ -115.7594896, 60.8355566 ], [ -115.7596266, 60.8354918 ], [ -115.759824199999983, 60.8355909 ], [ -115.759769500000019, 60.8356168 ], [ -115.759790899999985, 60.8356275 ], [ -115.7597085, 60.8356665 ] ] ] } },
{ "type": "Feature", "properties": { "osm_id": 831551666, "building": "yes", "street": "Reserve Highway", "area": "Hay River (other areas)", "flood_pixels": 8 }, "geometry": { "type": "Polygon", "coordinates": [ [ [ -115.7591912, 60.835761 ], [ -115.7590909, 60.835686 ], [ -115.7593346, 60.835608499999985 ], [ -115.7594349, 60.8356835 ], [ -115.7591912, 60.835761 ] ] ] } },
{ "type": "Feature", "properties": { "osm_id": 831551667, "building": "yes", "street": "Reserve Highway", "area": "Hay River (other areas)", "flood_pixels": 6 }, "geometry": { "type": "Polygon", "coordinates": [ [ [ -115.7588045, 60.8358581 ], [ -115.7587367, 60.835801 ], [ -115.7586185, 60.8358343 ], [ -115.75860010000001, 60.8358188 ], [ -115.7584991, 60.835847199999982 ], [ -115.7585853, 60.835919899999986 ], [ -115.7588045, 60.8358581 ] ] ] } },
{ "type": "Feature", "properties": { "osm_id": 831551668, "building": "yes", "street": "Reserve Highway", "area": "Hay River (other areas)", "flood_pixels": 9 }, "geometry": { "type": "Polygon", "coordinates": [ [ [ -115.7582812, 60.836014 ], [ -115.7581883, 60.835930500000011 ], [ -115.7583646, 60.8358839 ], [ -115.7584563, 60.8359663 ], [ -115.7583925, 60.8359832 ], [ -115.758414099999982, 60.8360026 ], [ -115.7583484, 60.83602 ], [ -115.758316899999983, 60.8360046 ], [ -115.7582812, 60.836014 ] ] ] } },
{ "type": "Feature", "properties": { "osm_id": 831551669, "building": "yes", "street": "Wolf Dr", "area": "Hay River (other areas)", "flood_pixels": 16 }, "geometry": { "type": "Polygon", "coordinates": [ [ [ -115.7579672, 60.8366147 ], [ -115.7576728, 60.836573 ], [ -115.7577205, 60.83649310000002 ], [ -115.75801490000002, 60.8365348 ], [ -115.7579672, 60.8366147 ] ] ] } },
{ "type": "Feature", "properties": { "osm_id": 831551670, "building": "yes", "street": "Wolf Dr", "area": "Hay River (other areas)", "flood_pixels": 16 }, "geometry": { "type": "Polygon", "coordinates": [ [ [ -115.7572108, 60.8371216 ], [ -115.757276300000015, 60.8370318 ], [ -115.757058, 60.8369939 ], [ -115.7569998, 60.837083800000023 ], [ -115.7572108, 60.8371216 ] ] ] } },
{ "type": "Feature", "properties": { "osm_id": 831551671, "building": "yes", "street": "Wolf Dr", "area": "Hay River (other areas)", "flood_pixels": 4 }, "geometry": { "type": "Polygon", "coordinates": [ [ [ -115.7589206, 60.8367219 ], [ -115.758794400000014, 60.8367015 ], [ -115.758777399999985, 60.8367265 ], [ -115.758677799999987, 60.8367103 ], [ -115.758744300000018, 60.8366127 ], [ -115.7589701, 60.836649199999982 ], [ -115.7589206, 60.8367219 ] ] ] } },
{ "type": "Feature", "properties": { "osm_id": 831551672, "building": "yes", "street": "Wolf Dr", "area": "Hay River (other areas)", "flood_pixels": 8 }, "geometry": { "type": "Polygon", "coordinates": [ [ [ -115.7591004, 60.836835599999986 ], [ -115.7593745, 60.8368828 ], [ -115.7594375, 60.8367942 ], [ -115.75916340000002, 60.8367481 ], [ -115.7591004, 60.836835599999986 ] ] ] } },
{ "type": "Feature", "properties": { "osm_id": 831551673, "building": "yes", "street": "Wolf Dr", "area": "Hay River (other areas)", "flood_pixels": 18 }, "geometry": { "type": "Polygon", "coordinates": [ [ [ -115.759857400000016, 60.836975 ], [ -115.760136700000018, 60.8370169 ], [ -115.7601912, 60.8369309 ], [ -115.7599119, 60.8368889 ], [ -115.759857400000016, 60.836975 ] ] ] } },
{ "type": "Feature", "properties": { "osm_id": 831551675, "building": "yes", "street": "Wolf Dr", "area": "Hay River (other areas)", "flood_pixels": 11 }, "geometry": { "type": "Polygon", "coordinates": [ [ [ -115.7611163, 60.8370244 ], [ -115.761106, 60.8370963 ], [ -115.7612846, 60.8371024 ], [ -115.761295, 60.837030500000012 ], [ -115.7611163, 60.8370244 ] ] ] } },
{ "type": "Feature", "properties": { "osm_id": 831551680, "building": "yes", "street": "Wolf Dr", "area": "Hay River (other areas)", "flood_pixels": 9 }, "geometry": { "type": "Polygon", "coordinates": [ [ [ -115.756480600000017, 60.8368248 ], [ -115.756429, 60.8368159 ], [ -115.7564194, 60.836829299999984 ], [ -115.756312600000015, 60.836811 ], [ -115.7563261, 60.836792299999985 ], [ -115.756273, 60.8367832 ], [ -115.7563202, 60.8367179 ], [ -115.756531600000017, 60.8367542 ], [ -115.756480600000017, 60.8368248 ] ] ] } },
{ "type": "Feature", "properties": { "osm_id": 831551681, "building": "yes", "street": "Reserve Highway", "area": "Hay River (other areas)", "flood_pixels": 11 }, "geometry": { "type": "Polygon", "coordinates": [ [ [ -115.7544569, 60.8369118 ], [ -115.7544602, 60.8369478 ], [ -115.7544865, 60.8369814 ], [ -115.754533200000012, 60.8370093 ], [ -115.7545954, 60.837028599999982 ], [ -115.754667, 60.8370374 ], [ -115.7547406, 60.837034899999978 ], [ -115.754813499999983, 60.8370197 ], [ -115.75487170000001, 60.8369935 ], [ -115.7549084, 60.8369593 ], [ -115.7549194, 60.836921 ], [ -115.7549033, 60.8368832 ], [ -115.754862, 60.836850199999986 ], [ -115.754800299999985, 60.836826 ], [ -115.7547255, 60.8368132 ], [ -115.7546463, 60.8368135 ], [ -115.7545766, 60.8368254 ], [ -115.7545182, 60.8368474 ], [ -115.7544769, 60.836877200000011 ], [ -115.7544569, 60.8369118 ] ] ] } },
{ "type": "Feature", "properties": { "osm_id": 831551682, "building": "yes", "street": "Reserve Highway", "area": "Hay River (other areas)", "flood_pixels": 9 }, "geometry": { "type": "Polygon", "coordinates": [ [ [ -115.7550749, 60.8366631 ], [ -115.7548646, 60.836640200000012 ], [ -115.754881200000014, 60.8366041 ], [ -115.754828799999984, 60.8365984 ], [ -115.7548486, 60.8365552 ], [ -115.7550565, 60.8365779 ], [ -115.755033900000015, 60.836627300000025 ], [ -115.7550886, 60.8366332 ], [ -115.7550749, 60.8366631 ] ] ] } },
{ "type": "Feature", "properties": { "osm_id": 831551686, "building": "yes", "street": "Reserve Highway", "area": "Hay River (other areas)", "flood_pixels": 6 }, "geometry": { "type": "Polygon", "coordinates": [ [ [ -115.7545049, 60.8367293 ], [ -115.7543969, 60.83672150000001 ], [ -115.7544083, 60.8366842 ], [ -115.75451630000002, 60.8366921 ], [ -115.7545049, 60.8367293 ] ] ] } },
{ "type": "Feature", "properties": { "osm_id": 831551687, "building": "yes", "street": "Wolf Dr", "area": "Hay River (other areas)", "flood_pixels": 12 }, "geometry": { "type": "Polygon", "coordinates": [ [ [ -115.7581709, 60.837247 ], [ -115.7579911, 60.837214699999983 ], [ -115.758066899999989, 60.837114399999983 ], [ -115.7582466, 60.8371466 ], [ -115.7581709, 60.837247 ] ] ] } },
{ "type": "Feature", "properties": { "osm_id": 831551688, "building": "yes", "street": "Wolf Dr", "area": "Hay River (other areas)", "flood_pixels": 12 }, "geometry": { "type": "Polygon", "coordinates": [ [ [ -115.7590717, 60.8374289 ], [ -115.7588455, 60.8373703 ], [ -115.7589322, 60.8372908 ], [ -115.7591584, 60.8373495 ], [ -115.7590717, 60.8374289 ] ] ] } },
{ "type": "Feature", "properties": { "osm_id": 831551689, "building": "yes", "street": "Wolf Dr", "area": "Hay River (other areas)", "flood_pixels": 11 }, "geometry": { "type": "Polygon", "coordinates": [ [ [ -115.759607800000012, 60.837595899999982 ], [ -115.7597397, 60.8376077 ], [ -115.7597764, 60.8375112 ], [ -115.759644400000013, 60.8374994 ], [ -115.759607800000012, 60.837595899999982 ] ] ] } },
{ "type": "Feature", "properties": { "osm_id": 831551691, "building": "yes", "street": "Wolf Dr", "area": "Hay River (other areas)", "flood_pixels": 4 }, "geometry": { "type": "Polygon", "coordinates": [ [ [ -115.7610834, 60.8376887 ], [ -115.7611554, 60.8376905 ], [ -115.761157, 60.837675399999988 ], [ -115.7612308, 60.837677199999987 ], [ -115.7612339, 60.837647199999985 ], [ -115.7613589, 60.8376503 ], [ -115.761369500000015, 60.8375491 ], [ -115.7610987, 60.8375424 ], [ -115.7610834, 60.8376887 ] ] ] } },
{ "type": "Feature", "properties": { "osm_id": 831551692, "building": "yes", "street": "Wolf Dr", "area": "Hay River (other areas)", "flood_pixels": 11 }, "geometry": { "type": "Polygon", "coordinates": [ [ [ -115.76225460000002, 60.8376657 ], [ -115.76241570000002, 60.837670899999985 ], [ -115.762426800000014, 60.837589 ], [ -115.762265700000015, 60.8375839 ], [ -115.76225460000002, 60.8376657 ] ] ] } },
{ "type": "Feature", "properties": { "osm_id": 831551693, "building": "yes", "street": "Wolverine Dr", "area": "Hay River (other areas)", "flood_pixels": 3 }, "geometry": { "type": "Polygon", "coordinates": [ [ [ -115.7632628, 60.837244799999979 ], [ -115.7630906, 60.8372258 ], [ -115.763143900000017, 60.8371113 ], [ -115.763314399999985, 60.837130099999989 ], [ -115.763293399999981, 60.837175300000013 ], [ -115.763339800000011, 60.8371804 ], [ -115.7633235, 60.8372155 ], [ -115.7632788, 60.83721060000002 ], [ -115.7632628, 60.837244799999979 ] ] ] } },
{ "type": "Feature", "properties": { "osm_id": 831551714, "building": "yes", "street": "Fox Rd", "area": "Hay River (other areas)", "flood_pixels": 6 }, "geometry": { "type": "Polygon", "coordinates": [ [ [ -115.7684593, 60.8329732 ], [ -115.768341800000016, 60.832911399999986 ], [ -115.7684911, 60.832844 ], [ -115.7686086, 60.8329059 ], [ -115.7684593, 60.8329732 ] ] ] } },
{ "type": "Feature", "properties": { "osm_id": 831551717, "building": "yes", "street": "Fox Rd", "area": "Hay River (other areas)", "flood_pixels": 5 }, "geometry": { "type": "Polygon", "coordinates": [ [ [ -115.7678547, 60.8333948 ], [ -115.7677234, 60.8333149 ], [ -115.7679141, 60.833240399999987 ], [ -115.7680236, 60.833307 ], [ -115.76796920000001, 60.833328300000019 ], [ -115.7680085, 60.8333522 ], [ -115.767941900000011, 60.8333782 ], [ -115.7679244, 60.8333675 ], [ -115.7678547, 60.8333948 ] ] ] } },
{ "type": "Feature", "properties": { "osm_id": 831551742, "building": "yes", "street": "Hay River Highway", "area": "Hay River (other areas)", "flood_pixels": 17 }, "geometry": { "type": "Polygon", "coordinates": [ [ [ -115.7775005, 60.8306436 ], [ -115.7773505, 60.830656399999988 ], [ -115.777307, 60.8305359 ], [ -115.7775176, 60.8305178 ], [ -115.7775433, 60.8305891 ], [ -115.7774827, 60.8305943 ], [ -115.7775005, 60.8306436 ] ] ] } },
{ "type": "Feature", "properties": { "osm_id": 831551743, "building": "yes", "street": "Hay River Highway", "area": "Hay River (other areas)", "flood_pixels": 16 }, "geometry": { "type": "Polygon", "coordinates": [ [ [ -115.7771225, 60.830189299999986 ], [ -115.777009, 60.830000499999983 ], [ -115.777187700000013, 60.829975 ], [ -115.777301200000011, 60.8301638 ], [ -115.7771225, 60.830189299999986 ] ] ] } },
{ "type": "Feature", "properties": { "osm_id": 831551744, "building": "yes", "street": "Hay River Highway", "area": "Hay River (other areas)", "flood_pixels": 17 }, "geometry": { "type": "Polygon", "coordinates": [ [ [ -115.7771798, 60.8298646 ], [ -115.77714730000001, 60.8298018 ], [ -115.777100100000013, 60.8298077 ], [ -115.777036899999985, 60.829686 ], [ -115.7772344, 60.8296617 ], [ -115.7773302, 60.829846 ], [ -115.7771798, 60.8298646 ] ] ] } },
{ "type": "Feature", "properties": { "osm_id": 831551745, "building": "yes", "street": "Hay River Highway", "area": "Hay River (other areas)", "flood_pixels": 16 }, "geometry": { "type": "Polygon", "coordinates": [ [ [ -115.7766602, 60.8295456 ], [ -115.776609500000021, 60.829432699999984 ], [ -115.776822699999983, 60.82941 ], [ -115.776861, 60.8294953 ], [ -115.776823899999982, 60.8294993 ], [ -115.7768362, 60.829526799999989 ], [ -115.7766602, 60.8295456 ] ] ] } },
{ "type": "Feature", "properties": { "osm_id": 831551746, "building": "yes", "street": "Hay River Highway", "area": "Hay River (other areas)", "flood_pixels": 15 }, "geometry": { "type": "Polygon", "coordinates": [ [ [ -115.7765188, 60.829192499999984 ], [ -115.7764441, 60.8290235 ], [ -115.7766007, 60.8290071 ], [ -115.7766753, 60.829176 ], [ -115.7765188, 60.829192499999984 ] ] ] } },
{ "type": "Feature", "properties": { "osm_id": 831551747, "building": "yes", "street": "Hay River Highway", "area": "Hay River (other areas)", "flood_pixels": 15 }, "geometry": { "type": "Polygon", "coordinates": [ [ [ -115.7770268, 60.829108 ], [ -115.7770199, 60.829023699999986 ], [ -115.7772268, 60.8290197 ], [ -115.777233700000011, 60.829104 ], [ -115.7770268, 60.829108 ] ] ] } },
{ "type": "Feature", "properties": { "osm_id": 831551748, "building": "yes", "street": "Hay River Highway", "area": "Hay River (other areas)", "flood_pixels": 14 }, "geometry": { "type": "Polygon", "coordinates": [ [ [ -115.7771285, 60.828538099999989 ], [ -115.7767747, 60.8285514 ], [ -115.7767555, 60.8284645 ], [ -115.777114800000021, 60.8284498 ], [ -115.7771285, 60.828538099999989 ] ] ] } },
{ "type": "Feature", "properties": { "osm_id": 831551749, "building": "yes", "street": "Hay River Highway", "area": "Hay River (other areas)", "flood_pixels": 11 }, "geometry": { "type": "Polygon", "coordinates": [ [ [ -115.776431, 60.8287693 ], [ -115.7761841, 60.8287777 ], [ -115.776178499999986, 60.828738900000012 ], [ -115.7762469, 60.8287366 ], [ -115.7762377, 60.8286721 ], [ -115.7765168, 60.8286626 ], [ -115.7765261, 60.8287273 ], [ -115.7764255, 60.8287307 ], [ -115.776431, 60.8287693 ] ] ] } },
{ "type": "Feature", "properties": { "osm_id": 831551750, "building": "yes", "street": "Hay River Highway", "area": "Hay River (other areas)", "flood_pixels": 19 }, "geometry": { "type": "Polygon", "coordinates": [ [ [ -115.776452400000011, 60.828557599999989 ], [ -115.776191, 60.8285605 ], [ -115.7761889, 60.8285175 ], [ -115.776121800000013, 60.8285182 ], [ -115.776118400000016, 60.8284479 ], [ -115.776447, 60.828444199999986 ], [ -115.776452400000011, 60.828557599999989 ] ] ] } },
{ "type": "Feature", "properties": { "osm_id": 831551751, "building": "yes", "street": "Caribou Crescent", "area": "New Town Hay River", "flood_pixels": 3 }, "geometry": { "type": "Polygon", "coordinates": [ [ [ -115.779883100000021, 60.8135703 ], [ -115.779758, 60.8134987 ], [ -115.779905699999986, 60.8134373 ], [ -115.779997200000011, 60.8134896 ], [ -115.7799127, 60.813524800000017 ], [ -115.7799463, 60.813544 ], [ -115.779883100000021, 60.8135703 ] ] ] } },
{ "type": "Feature", "properties": { "osm_id": 831551752, "building": "yes", "street": "Caribou Crescent", "area": "New Town Hay River", "flood_pixels": 3 }, "geometry": { "type": "Polygon", "coordinates": [ [ [ -115.7794103, 60.8136741 ], [ -115.779507899999984, 60.813724899999983 ], [ -115.7797026, 60.813636099999982 ], [ -115.779605099999984, 60.8135852 ], [ -115.7794103, 60.8136741 ] ] ] } },
{ "type": "Feature", "properties": { "osm_id": 831551753, "building": "yes", "street": "Caribou Crescent", "area": "New Town Hay River", "flood_pixels": 6 }, "geometry": { "type": "Polygon", "coordinates": [ [ [ -115.7790657, 60.8140032 ], [ -115.778859, 60.814064499999986 ], [ -115.778778, 60.81399960000001 ], [ -115.778984699999981, 60.8139383 ], [ -115.7790657, 60.8140032 ] ] ] } },
{ "type": "Feature", "properties": { "osm_id": 831551756, "building": "yes", "street": "Caribou Crescent", "area": "New Town Hay River", "flood_pixels": 4 }, "geometry": { "type": "Polygon", "coordinates": [ [ [ -115.77810820000002, 60.8141646 ], [ -115.777958200000015, 60.8141316 ], [ -115.778059900000017, 60.81402150000001 ], [ -115.7781272, 60.814036299999984 ], [ -115.7781387, 60.81402379999998 ], [ -115.7782785, 60.8140546 ], [ -115.7781831, 60.8141578 ], [ -115.778126, 60.8141453 ], [ -115.77810820000002, 60.8141646 ] ] ] } },
{ "type": "Feature", "properties": { "osm_id": 831551759, "building": "yes", "street": "Caribou Crescent", "area": "New Town Hay River", "flood_pixels": 10 }, "geometry": { "type": "Polygon", "coordinates": [ [ [ -115.777136199999987, 60.813589299999983 ], [ -115.777282, 60.8136586 ], [ -115.777155600000015, 60.81372180000001 ], [ -115.776977799999983, 60.813637300000018 ], [ -115.7770346, 60.8136089 ], [ -115.77707820000002, 60.8136184 ], [ -115.777136199999987, 60.813589299999983 ] ] ] } },
{ "type": "Feature", "properties": { "osm_id": 831551762, "building": "yes", "street": "Caribou Crescent", "area": "New Town Hay River", "flood_pixels": 5 }, "geometry": { "type": "Polygon", "coordinates": [ [ [ -115.7785636, 60.8135038 ], [ -115.7786842, 60.8135658 ], [ -115.7787495, 60.81353559999998 ], [ -115.778815, 60.8135694 ], [ -115.778949, 60.813507499999986 ], [ -115.778882, 60.813473 ], [ -115.778943100000021, 60.8134448 ], [ -115.778824, 60.8133835 ], [ -115.7785636, 60.8135038 ] ] ] } },
{ "type": "Feature", "properties": { "osm_id": 831551763, "building": "yes", "street": "Caribou Crescent", "area": "New Town Hay River", "flood_pixels": 4 }, "geometry": { "type": "Polygon", "coordinates": [ [ [ -115.778238400000021, 60.8137673 ], [ -115.778116900000015, 60.8137031 ], [ -115.77840310000002, 60.8135743 ], [ -115.77852, 60.813636 ], [ -115.7784492, 60.813667800000012 ], [ -115.778529700000021, 60.8137104 ], [ -115.778398700000011, 60.813769399999977 ], [ -115.778322799999984, 60.8137293 ], [ -115.778238400000021, 60.8137673 ] ] ] } },
{ "type": "Feature", "properties": { "osm_id": 831551764, "building": "yes", "street": "Riverview Drive", "area": "New Town Hay River", "flood_pixels": 9 }, "geometry": { "type": "Polygon", "coordinates": [ [ [ -115.777739299999979, 60.8133614 ], [ -115.7776048, 60.8132874 ], [ -115.7777317, 60.813232500000019 ], [ -115.7778662, 60.8133065 ], [ -115.777739299999979, 60.8133614 ] ] ] } },
{ "type": "Feature", "properties": { "osm_id": 831551765, "building": "yes", "street": "Riverview Drive", "area": "New Town Hay River", "flood_pixels": 6 }, "geometry": { "type": "Polygon", "coordinates": [ [ [ -115.77865340000001, 60.8128648 ], [ -115.778897300000011, 60.8129929 ], [ -115.7789687, 60.8129606 ], [ -115.7787248, 60.8128325 ], [ -115.77865340000001, 60.8128648 ] ] ] } },
{ "type": "Feature", "properties": { "osm_id": 831551766, "building": "yes", "street": "Riverview Drive", "area": "New Town Hay River", "flood_pixels": 11 }, "geometry": { "type": "Polygon", "coordinates": [ [ [ -115.7780822, 60.8132061 ], [ -115.777956900000021, 60.813128099999986 ], [ -115.7781197, 60.8130659 ], [ -115.7782905, 60.8131723 ], [ -115.778204299999985, 60.8132052 ], [ -115.7781588, 60.8131769 ], [ -115.7780822, 60.8132061 ] ] ] } },
{ "type": "Feature", "properties": { "osm_id": 831551767, "building": "yes", "street": "Riverview Drive", "area": "New Town Hay River", "flood_pixels": 6 }, "geometry": { "type": "Polygon", "coordinates": [ [ [ -115.7786562, 60.81311560000001 ], [ -115.7784902, 60.8130091 ], [ -115.778644600000021, 60.8129519 ], [ -115.77881050000002, 60.8130584 ], [ -115.7786562, 60.81311560000001 ] ] ] } },
{ "type": "Feature", "properties": { "osm_id": 831551768, "building": "yes", "street": "Riverview Drive", "area": "New Town Hay River", "flood_pixels": 3 }, "geometry": { "type": "Polygon", "coordinates": [ [ [ -115.776620100000017, 60.8139443 ], [ -115.776478, 60.8140208 ], [ -115.776350099999988, 60.8139643 ], [ -115.776492300000015, 60.813887799999989 ], [ -115.776620100000017, 60.8139443 ] ] ] } },
{ "type": "Feature", "properties": { "osm_id": 831551769, "building": "yes", "street": "Riverview Drive", "area": "New Town Hay River", "flood_pixels": 12 }, "geometry": { "type": "Polygon", "coordinates": [ [ [ -115.7767081, 60.813860600000019 ], [ -115.7769977, 60.8140156 ], [ -115.777089300000014, 60.8139749 ], [ -115.7767996, 60.8138199 ], [ -115.7767081, 60.813860600000019 ] ] ] } },
{ "type": "Feature", "properties": { "osm_id": 831551771, "building": "yes", "street": "Riverview Drive", "area": "New Town Hay River", "flood_pixels": 14 }, "geometry": { "type": "Polygon", "coordinates": [ [ [ -115.7763225, 60.814229199999986 ], [ -115.7760445, 60.8141499 ], [ -115.776177299999986, 60.8140392 ], [ -115.7763614, 60.8140918 ], [ -115.7762893, 60.8141519 ], [ -115.7763832, 60.8141787 ], [ -115.7763225, 60.814229199999986 ] ] ] } },
{ "type": "Feature", "properties": { "osm_id": 831551772, "building": "yes", "street": "Riverview Drive", "area": "New Town Hay River", "flood_pixels": 6 }, "geometry": { "type": "Polygon", "coordinates": [ [ [ -115.7760793, 60.814449599999989 ], [ -115.7758739, 60.8143932 ], [ -115.775960600000019, 60.814318 ], [ -115.7761661, 60.814374299999983 ], [ -115.7760793, 60.814449599999989 ] ] ] } },
{ "type": "Feature", "properties": { "osm_id": 831551773, "building": "yes", "street": "Riverview Drive", "area": "New Town Hay River", "flood_pixels": 9 }, "geometry": { "type": "Polygon", "coordinates": [ [ [ -115.7757801, 60.8144412 ], [ -115.7757076, 60.8145192 ], [ -115.7758844, 60.8145582 ], [ -115.7759569, 60.8144803 ], [ -115.7757801, 60.8144412 ] ] ] } },
{ "type": "Feature", "properties": { "osm_id": 831551774, "building": "yes", "street": "Riverview Drive", "area": "New Town Hay River", "flood_pixels": 11 }, "geometry": { "type": "Polygon", "coordinates": [ [ [ -115.7756356, 60.814856 ], [ -115.775405399999983, 60.8148105 ], [ -115.7754439, 60.8147642 ], [ -115.7755087, 60.814777 ], [ -115.775565, 60.8147093 ], [ -115.7756257, 60.8147213 ], [ -115.775690900000015, 60.8146426 ], [ -115.7758879, 60.814681499999985 ], [ -115.7758006, 60.8147867 ], [ -115.775708300000019, 60.8147685 ], [ -115.7756356, 60.814856 ] ] ] } },
{ "type": "Feature", "properties": { "osm_id": 831551775, "building": "yes", "street": "Riverview Drive", "area": "New Town Hay River", "flood_pixels": 8 }, "geometry": { "type": "Polygon", "coordinates": [ [ [ -115.7756674, 60.8150083 ], [ -115.7752829, 60.8149282 ], [ -115.775349899999981, 60.8148517 ], [ -115.775734400000019, 60.814931899999984 ], [ -115.7756674, 60.8150083 ] ] ] } },
{ "type": "Feature", "properties": { "osm_id": 831551777, "building": "yes", "street": "Riverview Drive", "area": "New Town Hay River", "flood_pixels": 11 }, "geometry": { "type": "Polygon", "coordinates": [ [ [ -115.7755436, 60.8151213 ], [ -115.7752402, 60.8150624 ], [ -115.7752971, 60.8149927 ], [ -115.7756005, 60.8150517 ], [ -115.7755436, 60.8151213 ] ] ] } },
{ "type": "Feature", "properties": { "osm_id": 831551778, "building": "yes", "street": "Riverview Drive", "area": "New Town Hay River", "flood_pixels": 11 }, "geometry": { "type": "Polygon", "coordinates": [ [ [ -115.775375900000014, 60.8153163 ], [ -115.7752389, 60.8152964 ], [ -115.7752236, 60.815321500000017 ], [ -115.775033600000015, 60.815294 ], [ -115.7750935, 60.815196 ], [ -115.7752672, 60.8152212 ], [ -115.7752579, 60.8152364 ], [ -115.7754111, 60.8152587 ], [ -115.775375900000014, 60.8153163 ] ] ] } },
{ "type": "Feature", "properties": { "osm_id": 831551779, "building": "yes", "street": "Riverview Drive", "area": "New Town Hay River", "flood_pixels": 4 }, "geometry": { "type": "Polygon", "coordinates": [ [ [ -115.775252800000018, 60.815442499999989 ], [ -115.774982599999987, 60.815401 ], [ -115.7750234, 60.8153378 ], [ -115.7752936, 60.815379399999983 ], [ -115.775252800000018, 60.815442499999989 ] ] ] } },
{ "type": "Feature", "properties": { "osm_id": 831551780, "building": "yes", "street": "Riverview Drive", "area": "New Town Hay River", "flood_pixels": 8 }, "geometry": { "type": "Polygon", "coordinates": [ [ [ -115.775175800000014, 60.815580099999984 ], [ -115.7750076, 60.815574 ], [ -115.7750229, 60.81547350000001 ], [ -115.775191199999981, 60.8154796 ], [ -115.775175800000014, 60.815580099999984 ] ] ] } },
{ "type": "Feature", "properties": { "osm_id": 831551781, "building": "yes", "street": "Riverview Drive", "area": "New Town Hay River", "flood_pixels": 15 }, "geometry": { "type": "Polygon", "coordinates": [ [ [ -115.7749825, 60.815711 ], [ -115.7749932, 60.8155986 ], [ -115.7751527, 60.8156022 ], [ -115.775142, 60.8157146 ], [ -115.7749825, 60.815711 ] ] ] } },
{ "type": "Feature", "properties": { "osm_id": 831551783, "building": "yes", "street": "Riverview Drive", "area": "New Town Hay River", "flood_pixels": 8 }, "geometry": { "type": "Polygon", "coordinates": [ [ [ -115.7748591, 60.8160864 ], [ -115.7748786, 60.815993699999986 ], [ -115.7750389, 60.8160017 ], [ -115.775019500000013, 60.8160944 ], [ -115.7748591, 60.8160864 ] ] ] } },
{ "type": "Feature", "properties": { "osm_id": 831551784, "building": "yes", "street": "Riverview Drive", "area": "New Town Hay River", "flood_pixels": 9 }, "geometry": { "type": "Polygon", "coordinates": [ [ [ -115.7750874, 60.8161656 ], [ -115.775257400000015, 60.8161788 ], [ -115.775286, 60.8160918 ], [ -115.775116, 60.81607850000001 ], [ -115.7750874, 60.8161656 ] ] ] } },
{ "type": "Feature", "properties": { "osm_id": 831551785, "building": "yes", "street": "Gaetz Drive", "area": "New Town Hay River", "flood_pixels": 7 }, "geometry": { "type": "Polygon", "coordinates": [ [ [ -115.774667599999987, 60.8164736 ], [ -115.7749155, 60.816501 ], [ -115.7749772, 60.816368099999984 ], [ -115.774729300000018, 60.816340699999984 ], [ -115.774667599999987, 60.8164736 ] ] ] } },
{ "type": "Feature", "properties": { "osm_id": 831551788, "building": "yes", "street": "Gaetz Drive", "area": "New Town Hay River", "flood_pixels": 3 }, "geometry": { "type": "Polygon", "coordinates": [ [ [ -115.7764385, 60.816607 ], [ -115.7763199, 60.8165915 ], [ -115.7762989, 60.8166295 ], [ -115.7761396, 60.8166086 ], [ -115.7762026, 60.8164944 ], [ -115.7764679, 60.8165272 ], [ -115.7764385, 60.816607 ] ] ] } },
{ "type": "Feature", "properties": { "osm_id": 831551789, "building": "yes", "street": "Gaetz Drive", "area": "New Town Hay River", "flood_pixels": 6 }, "geometry": { "type": "Polygon", "coordinates": [ [ [ -115.7746198, 60.8167165 ], [ -115.77460880000001, 60.816840199999987 ], [ -115.774771699999988, 60.8168436 ], [ -115.774782700000017, 60.8167199 ], [ -115.7746198, 60.8167165 ] ] ] } },
{ "type": "Feature", "properties": { "osm_id": 831551791, "building": "yes", "street": "Riverview Drive", "area": "New Town Hay River", "flood_pixels": 17 }, "geometry": { "type": "Polygon", "coordinates": [ [ [ -115.7747508, 60.8170567 ], [ -115.7747666, 60.816902499999983 ], [ -115.7745818, 60.816898 ], [ -115.774571800000018, 60.8169954 ], [ -115.7746281, 60.8169967 ], [ -115.7746223, 60.817053599999987 ], [ -115.7747508, 60.8170567 ] ] ] } },
{ "type": "Feature", "properties": { "osm_id": 831551792, "building": "yes", "street": "Gaetz Drive", "area": "New Town Hay River", "flood_pixels": 6 }, "geometry": { "type": "Polygon", "coordinates": [ [ [ -115.7751019, 60.8168644 ], [ -115.7751234, 60.8167837 ], [ -115.775311, 60.8167956 ], [ -115.775289599999979, 60.8168763 ], [ -115.7751019, 60.8168644 ] ] ] } },
{ "type": "Feature", "properties": { "osm_id": 831551793, "building": "yes", "street": "Gaetz Drive", "area": "New Town Hay River", "flood_pixels": 5 }, "geometry": { "type": "Polygon", "coordinates": [ [ [ -115.7751896, 60.8164612 ], [ -115.7750059, 60.8164433 ], [ -115.7750378, 60.816365400000016 ], [ -115.7752215, 60.8163833 ], [ -115.7751896, 60.8164612 ] ] ] } },
{ "type": "Feature", "properties": { "osm_id": 831551794, "building": "yes", "street": "Gaetz Drive", "area": "New Town Hay River", "flood_pixels": 14 }, "geometry": { "type": "Polygon", "coordinates": [ [ [ -115.7752017, 60.8165038 ], [ -115.775407, 60.816519899999989 ], [ -115.7754295, 60.8164519 ], [ -115.7753532, 60.8164459 ], [ -115.7753765, 60.8163755 ], [ -115.7752474, 60.8163653 ], [ -115.7752017, 60.8165038 ] ] ] } },
{ "type": "Feature", "properties": { "osm_id": 831551798, "building": "yes", "street": "Gaetz Drive", "area": "New Town Hay River", "flood_pixels": 4 }, "geometry": { "type": "Polygon", "coordinates": [ [ [ -115.776472200000015, 60.8170311 ], [ -115.7762349, 60.817016899999985 ], [ -115.7762612, 60.8169123 ], [ -115.776498600000011, 60.816926599999988 ], [ -115.776472200000015, 60.8170311 ] ] ] } },
{ "type": "Feature", "properties": { "osm_id": 831551799, "building": "yes", "street": "Riverview Drive", "area": "New Town Hay River", "flood_pixels": 5 }, "geometry": { "type": "Polygon", "coordinates": [ [ [ -115.774555300000017, 60.8174749 ], [ -115.774516399999982, 60.817598700000012 ], [ -115.7743643, 60.8175873 ], [ -115.7744032, 60.817463599999989 ], [ -115.774555300000017, 60.8174749 ] ] ] } },
{ "type": "Feature", "properties": { "osm_id": 831551802, "building": "yes", "street": "Beaver Crescent", "area": "New Town Hay River", "flood_pixels": 5 }, "geometry": { "type": "Polygon", "coordinates": [ [ [ -115.775415200000012, 60.8178339 ], [ -115.7752638, 60.8178111 ], [ -115.775341400000016, 60.8176886 ], [ -115.7754928, 60.8177114 ], [ -115.775415200000012, 60.8178339 ] ] ] } },
{ "type": "Feature", "properties": { "osm_id": 831551803, "building": "yes", "street": "Beaver Crescent", "area": "New Town Hay River", "flood_pixels": 4 }, "geometry": { "type": "Polygon", "coordinates": [ [ [ -115.7751078, 60.817814 ], [ -115.7748458, 60.8177897 ], [ -115.774892599999987, 60.8176693 ], [ -115.775154599999979, 60.817693599999984 ], [ -115.7751078, 60.817814 ] ] ] } },
{ "type": "Feature", "properties": { "osm_id": 834306971, "building": "yes", "street": "Beaver Crescent", "area": "New Town Hay River", "flood_pixels": 7 }, "geometry": { "type": "Polygon", "coordinates": [ [ [ -115.7747991, 60.8191208 ], [ -115.7748034, 60.8189837 ], [ -115.7749836, 60.8189851 ], [ -115.774979200000018, 60.8191221 ], [ -115.7747991, 60.8191208 ] ] ] } },
{ "type": "Feature", "properties": { "osm_id": 834306972, "building": "yes", "street": "Riverview Drive", "area": "New Town Hay River", "flood_pixels": 5 }, "geometry": { "type": "Polygon", "coordinates": [ [ [ -115.774063, 60.81911 ], [ -115.7740673, 60.8190535 ], [ -115.774122100000014, 60.819054499999986 ], [ -115.774126699999982, 60.818994099999983 ], [ -115.773918099999989, 60.8189903 ], [ -115.773909100000012, 60.819107199999983 ], [ -115.774063, 60.81911 ] ] ] } },
{ "type": "Feature", "properties": { "osm_id": 834306973, "building": "yes", "street": "Beaver Crescent", "area": "New Town Hay River", "flood_pixels": 6 }, "geometry": { "type": "Polygon", "coordinates": [ [ [ -115.7739367, 60.8189313 ], [ -115.7740859, 60.81893680000001 ], [ -115.7740897, 60.818912 ], [ -115.7741733, 60.8189151 ], [ -115.774187500000011, 60.81882370000001 ], [ -115.7739547, 60.8188151 ], [ -115.7739367, 60.8189313 ] ] ] } },
{ "type": "Feature", "properties": { "osm_id": 834306974, "building": "yes", "street": "Beaver Crescent", "area": "New Town Hay River", "flood_pixels": 11 }, "geometry": { "type": "Polygon", "coordinates": [ [ [ -115.77427950000002, 60.8189135 ], [ -115.7744255, 60.818926099999985 ], [ -115.7744499, 60.8188591 ], [ -115.7743039, 60.8188465 ], [ -115.77427950000002, 60.8189135 ] ] ] } },
{ "type": "Feature", "properties": { "osm_id": 834306975, "building": "yes", "street": "Beaver Crescent", "area": "New Town Hay River", "flood_pixels": 9 }, "geometry": { "type": "Polygon", "coordinates": [ [ [ -115.775108300000014, 60.8189718 ], [ -115.775192600000011, 60.8190447 ], [ -115.775411300000016, 60.818984599999986 ], [ -115.775327, 60.8189117 ], [ -115.775108300000014, 60.8189718 ] ] ] } },
{ "type": "Feature", "properties": { "osm_id": 834306978, "building": "yes", "street": "Beaver Crescent", "area": "New Town Hay River", "flood_pixels": 6 }, "geometry": { "type": "Polygon", "coordinates": [ [ [ -115.774045099999981, 60.818594299999987 ], [ -115.7740873, 60.8184934 ], [ -115.774245199999982, 60.8185091 ], [ -115.7742029, 60.81861 ], [ -115.774045099999981, 60.818594299999987 ] ] ] } },
{ "type": "Feature", "properties": { "osm_id": 834306979, "building": "yes", "street": "Beaver Crescent", "area": "New Town Hay River", "flood_pixels": 6 }, "geometry": { "type": "Polygon", "coordinates": [ [ [ -115.7746584, 60.81868450000001 ], [ -115.7747007, 60.818550899999984 ], [ -115.774667599999987, 60.8185484 ], [ -115.7746923, 60.8184703 ], [ -115.774912, 60.8184868 ], [ -115.7748873, 60.8185647 ], [ -115.7748636, 60.8185629 ], [ -115.7748213, 60.818696700000018 ], [ -115.7746584, 60.81868450000001 ] ] ] } },
{ "type": "Feature", "properties": { "osm_id": 834306981, "building": "yes", "street": "Beaver Crescent", "area": "New Town Hay River", "flood_pixels": 5 }, "geometry": { "type": "Polygon", "coordinates": [ [ [ -115.77505840000002, 60.8183831 ], [ -115.774898, 60.818372 ], [ -115.7749351, 60.8182444 ], [ -115.7750955, 60.8182555 ], [ -115.77505840000002, 60.8183831 ] ] ] } },
{ "type": "Feature", "properties": { "osm_id": 834306984, "building": "yes", "street": "Riverview Drive", "area": "New Town Hay River", "flood_pixels": 8 }, "geometry": { "type": "Polygon", "coordinates": [ [ [ -115.77437230000001, 60.8182464 ], [ -115.774407100000019, 60.8181648 ], [ -115.7742104, 60.8181449 ], [ -115.7741756, 60.8182264 ], [ -115.77437230000001, 60.8182464 ] ] ] } },
{ "type": "Feature", "properties": { "osm_id": 834306985, "building": "yes", "street": "Beaver Crescent", "area": "New Town Hay River", "flood_pixels": 15 }, "geometry": { "type": "Polygon", "coordinates": [ [ [ -115.774479700000015, 60.8186293 ], [ -115.7744987, 60.8185652 ], [ -115.7745507, 60.8185689 ], [ -115.774558900000017, 60.8185412 ], [ -115.774417900000017, 60.8185313 ], [ -115.774390699999984, 60.818623 ], [ -115.774479700000015, 60.8186293 ] ] ] } },
{ "type": "Feature", "properties": { "osm_id": 834306986, "building": "yes", "street": "Beaver Crescent", "area": "New Town Hay River", "flood_pixels": 5 }, "geometry": { "type": "Polygon", "coordinates": [ [ [ -115.774691500000017, 60.8181013 ], [ -115.7745986, 60.818093300000015 ], [ -115.774628800000016, 60.8180105 ], [ -115.7747217, 60.8180186 ], [ -115.774691500000017, 60.8181013 ] ] ] } },
{ "type": "Feature", "properties": { "osm_id": 834306987, "building": "yes", "street": "Beaver Crescent", "area": "New Town Hay River", "flood_pixels": 15 }, "geometry": { "type": "Polygon", "coordinates": [ [ [ -115.7748462, 60.8181746 ], [ -115.775225, 60.8181873 ], [ -115.7752375, 60.818099099999984 ], [ -115.774858600000016, 60.8180864 ], [ -115.7748462, 60.8181746 ] ] ] } },
{ "type": "Feature", "properties": { "osm_id": 834306988, "building": "yes", "street": "Beaver Crescent", "area": "New Town Hay River", "flood_pixels": 10 }, "geometry": { "type": "Polygon", "coordinates": [ [ [ -115.7746392, 60.8177965 ], [ -115.7747051, 60.8176607 ], [ -115.774617, 60.8176505 ], [ -115.7745511, 60.8177863 ], [ -115.7746392, 60.8177965 ] ] ] } },
{ "type": "Feature", "properties": { "osm_id": 834306989, "building": "yes", "street": "Beaver Crescent", "area": "New Town Hay River", "flood_pixels": 13 }, "geometry": { "type": "Polygon", "coordinates": [ [ [ -115.775250500000013, 60.8176262 ], [ -115.7753008, 60.8175483 ], [ -115.7751601, 60.8175267 ], [ -115.7751097, 60.8176046 ], [ -115.775250500000013, 60.8176262 ] ] ] } },
{ "type": "Feature", "properties": { "osm_id": 834306990, "building": "yes", "street": "Riverview Drive", "area": "New Town Hay River", "flood_pixels": 14 }, "geometry": { "type": "Polygon", "coordinates": [ [ [ -115.7747737, 60.8175392 ], [ -115.7747989, 60.817457400000023 ], [ -115.7746508, 60.8174466 ], [ -115.7746256, 60.8175284 ], [ -115.7747737, 60.8175392 ] ] ] } },
{ "type": "Feature", "properties": { "osm_id": 834306991, "building": "yes", "street": "Riverview Drive", "area": "New Town Hay River", "flood_pixels": 9 }, "geometry": { "type": "Polygon", "coordinates": [ [ [ -115.774099699999979, 60.8195121 ], [ -115.773863800000015, 60.819506300000022 ], [ -115.7738768, 60.8193789 ], [ -115.7739614, 60.819381 ], [ -115.7739578, 60.8194166 ], [ -115.7741091, 60.819420300000012 ], [ -115.774099699999979, 60.8195121 ] ] ] } },
{ "type": "Feature", "properties": { "osm_id": 834306993, "building": "yes", "street": "Riverview Drive", "area": "New Town Hay River", "flood_pixels": 14 }, "geometry": { "type": "Polygon", "coordinates": [ [ [ -115.773863800000015, 60.8197289 ], [ -115.7740328, 60.8197325 ], [ -115.7740436, 60.819610499999982 ], [ -115.773874699999979, 60.819607 ], [ -115.773863800000015, 60.8197289 ] ] ] } },
{ "type": "Feature", "properties": { "osm_id": 834306995, "building": "yes", "street": "Riverview Drive", "area": "New Town Hay River", "flood_pixels": 11 }, "geometry": { "type": "Polygon", "coordinates": [ [ [ -115.7739083, 60.8202083 ], [ -115.7738991, 60.8201195 ], [ -115.7742608, 60.8201107 ], [ -115.7742699, 60.8201995 ], [ -115.7739083, 60.8202083 ] ] ] } },
{ "type": "Feature", "properties": { "osm_id": 876108326, "building": "yes", "street": "unnamed road", "area": "Hay River (other areas)", "flood_pixels": 5 }, "geometry": { "type": "Polygon", "coordinates": [ [ [ -115.8259756, 60.782798 ], [ -115.8258511, 60.7829234 ], [ -115.8256238, 60.782869599999984 ], [ -115.8257483, 60.7827442 ], [ -115.8259756, 60.782798 ] ] ] } },
{ "type": "Feature", "properties": { "osm_id": 876108327, "building": "yes", "street": "unnamed road", "area": "Hay River (other areas)", "flood_pixels": 14 }, "geometry": { "type": "Polygon", "coordinates": [ [ [ -115.826687, 60.781682 ], [ -115.826513299999988, 60.7817634 ], [ -115.826358199999987, 60.7816845 ], [ -115.8265318, 60.7816031 ], [ -115.826687, 60.781682 ] ] ] } },
{ "type": "Feature", "properties": { "osm_id": 876108328, "building": "yes", "street": "unnamed road", "area": "Hay River (other areas)", "flood_pixels": 8 }, "geometry": { "type": "Polygon", "coordinates": [ [ [ -115.8261201, 60.781754699999972 ], [ -115.8259548, 60.7818935 ], [ -115.826256700000016, 60.7819792 ], [ -115.8263317, 60.7819162 ], [ -115.8262254, 60.781886 ], [ -115.8262803, 60.7818399 ], [ -115.8262086, 60.7818196 ], [ -115.8262441, 60.7817898 ], [ -115.8261201, 60.781754699999972 ] ] ] } },
{ "type": "Feature", "properties": { "osm_id": 876108329, "building": "yes", "street": "unnamed road", "area": "Hay River (other areas)", "flood_pixels": 9 }, "geometry": { "type": "Polygon", "coordinates": [ [ [ -115.826081500000015, 60.7819549 ], [ -115.825985299999985, 60.7820292 ], [ -115.825817, 60.781977299999987 ], [ -115.825913200000016, 60.781903 ], [ -115.826081500000015, 60.7819549 ] ] ] } },
{ "type": "Feature", "properties": { "osm_id": 876108330, "building": "yes", "street": "unnamed road", "area": "Hay River (other areas)", "flood_pixels": 13 }, "geometry": { "type": "Polygon", "coordinates": [ [ [ -115.826179, 60.782142399999984 ], [ -115.8260395, 60.782229 ], [ -115.8258911, 60.782172099999983 ], [ -115.82603060000001, 60.7820854 ], [ -115.826179, 60.782142399999984 ] ] ] } },
{ "type": "Feature", "properties": { "osm_id": 876108331, "building": "yes", "street": "Miron Drive", "area": "Hay River (other areas)", "flood_pixels": 6 }, "geometry": { "type": "Polygon", "coordinates": [ [ [ -115.8281011, 60.7821942 ], [ -115.828004400000012, 60.782270099999977 ], [ -115.827678600000013, 60.7821714 ], [ -115.8277753, 60.782095399999989 ], [ -115.8281011, 60.7821942 ] ] ] } },
{ "type": "Feature", "properties": { "osm_id": 876108334, "building": "yes", "street": "Miron Drive", "area": "Hay River (other areas)", "flood_pixels": 12 }, "geometry": { "type": "Polygon", "coordinates": [ [ [ -115.82664290000001, 60.7824711 ], [ -115.8263232, 60.7825945 ], [ -115.8265242, 60.7827186 ], [ -115.826663900000014, 60.7826647 ], [ -115.8265374, 60.7825866 ], [ -115.8267174, 60.7825171 ], [ -115.82664290000001, 60.7824711 ] ] ] } },
{ "type": "Feature", "properties": { "osm_id": 876108335, "building": "yes", "street": "unnamed road", "area": "Hay River (other areas)", "flood_pixels": 14 }, "geometry": { "type": "Polygon", "coordinates": [ [ [ -115.8261903, 60.7824204 ], [ -115.826025700000017, 60.7825148 ], [ -115.8258583, 60.7824453 ], [ -115.826023, 60.7823509 ], [ -115.8261903, 60.7824204 ] ] ] } },
{ "type": "Feature", "properties": { "osm_id": 876108336, "building": "yes", "street": "unnamed road", "area": "Hay River (other areas)", "flood_pixels": 21 }, "geometry": { "type": "Polygon", "coordinates": [ [ [ -115.825532, 60.7825277 ], [ -115.825434, 60.7825778 ], [ -115.825272700000014, 60.7825027 ], [ -115.82511190000001, 60.7825851 ], [ -115.8249569, 60.782512899999986 ], [ -115.825215699999987, 60.7823805 ], [ -115.825532, 60.7825277 ] ] ] } },
{ "type": "Feature", "properties": { "osm_id": 876108337, "building": "yes", "street": "unnamed road", "area": "Hay River (other areas)", "flood_pixels": 16 }, "geometry": { "type": "Polygon", "coordinates": [ [ [ -115.825955800000017, 60.7825884 ], [ -115.825869700000013, 60.7826758 ], [ -115.825722700000014, 60.7826412 ], [ -115.825808899999984, 60.782553900000011 ], [ -115.825955800000017, 60.7825884 ] ] ] } },
{ "type": "Feature", "properties": { "osm_id": 876108338, "building": "yes", "street": "unnamed road", "area": "Hay River (other areas)", "flood_pixels": 23 }, "geometry": { "type": "Polygon", "coordinates": [ [ [ -115.824287700000014, 60.7830545 ], [ -115.8240834, 60.7831869 ], [ -115.823854400000016, 60.7831027 ], [ -115.8240587, 60.7829703 ], [ -115.824287700000014, 60.7830545 ] ] ] } },
{ "type": "Feature", "properties": { "osm_id": 876108339, "building": "yes", "street": "Miron Drive", "area": "Hay River (other areas)", "flood_pixels": 15 }, "geometry": { "type": "Polygon", "coordinates": [ [ [ -115.825915600000016, 60.7834111 ], [ -115.8257681, 60.7835748 ], [ -115.8255242, 60.7835225 ], [ -115.825671700000015, 60.7833588 ], [ -115.825915600000016, 60.7834111 ] ] ] } },
{ "type": "Feature", "properties": { "osm_id": 876108345, "building": "yes", "street": "unnamed road", "area": "Hay River (other areas)", "flood_pixels": 10 }, "geometry": { "type": "Polygon", "coordinates": [ [ [ -115.82122480000001, 60.7887692 ], [ -115.8211686, 60.7888801 ], [ -115.8210003, 60.7888598 ], [ -115.821056499999983, 60.7887489 ], [ -115.82122480000001, 60.7887692 ] ] ] } },
{ "type": "Feature", "properties": { "osm_id": 876108346, "building": "yes", "street": "Miron Drive", "area": "Hay River (other areas)", "flood_pixels": 24 }, "geometry": { "type": "Polygon", "coordinates": [ [ [ -115.8213296, 60.7900037 ], [ -115.8211555, 60.7902506 ], [ -115.820917, 60.7902105 ], [ -115.821091, 60.7899637 ], [ -115.8213296, 60.7900037 ] ] ] } },
{ "type": "Feature", "properties": { "osm_id": 876108347, "building": "yes", "street": "Miron Drive", "area": "Hay River (other areas)", "flood_pixels": 19 }, "geometry": { "type": "Polygon", "coordinates": [ [ [ -115.821267600000013, 60.789532 ], [ -115.82125, 60.7896376 ], [ -115.821217, 60.7896363 ], [ -115.821195900000021, 60.789763 ], [ -115.8210065, 60.7897556 ], [ -115.8210281, 60.7896255 ], [ -115.8209967, 60.7896243 ], [ -115.8210137, 60.789522 ], [ -115.821267600000013, 60.789532 ] ] ] } },
{ "type": "Feature", "properties": { "osm_id": 876108348, "building": "yes", "street": "Miron Drive", "area": "Hay River (other areas)", "flood_pixels": 14 }, "geometry": { "type": "Polygon", "coordinates": [ [ [ -115.8220916, 60.7890491 ], [ -115.822088800000017, 60.7891113 ], [ -115.8219748, 60.789110099999988 ], [ -115.821977599999983, 60.7890479 ], [ -115.8220916, 60.7890491 ] ] ] } },
{ "type": "Feature", "properties": { "osm_id": 876108349, "building": "yes", "street": "Miron Drive", "area": "Hay River (other areas)", "flood_pixels": 16 }, "geometry": { "type": "Polygon", "coordinates": [ [ [ -115.822384600000021, 60.788669499999976 ], [ -115.8223082, 60.7888057 ], [ -115.8221513, 60.7887847 ], [ -115.822227700000013, 60.7886486 ], [ -115.822384600000021, 60.788669499999976 ] ] ] } },
{ "type": "Feature", "properties": { "osm_id": 876108350, "building": "yes", "street": "Miron Drive", "area": "Hay River (other areas)", "flood_pixels": 13 }, "geometry": { "type": "Polygon", "coordinates": [ [ [ -115.8216043, 60.788567499999985 ], [ -115.8215284, 60.788699199999989 ], [ -115.8213021, 60.7886682 ], [ -115.821378, 60.7885364 ], [ -115.8216043, 60.788567499999985 ] ] ] } },
{ "type": "Feature", "properties": { "osm_id": 876108351, "building": "yes", "street": "unnamed road", "area": "Hay River (other areas)", "flood_pixels": 8 }, "geometry": { "type": "Polygon", "coordinates": [ [ [ -115.8212973, 60.7882161 ], [ -115.8212215, 60.788351 ], [ -115.821057900000014, 60.788329100000013 ], [ -115.8211337, 60.7881942 ], [ -115.8212973, 60.7882161 ] ] ] } },
{ "type": "Feature", "properties": { "osm_id": 876108352, "building": "yes", "street": "unnamed road", "area": "Hay River (other areas)", "flood_pixels": 16 }, "geometry": { "type": "Polygon", "coordinates": [ [ [ -115.821539800000011, 60.788382 ], [ -115.8214843, 60.7884574 ], [ -115.8212915, 60.7884236 ], [ -115.821347, 60.7883482 ], [ -115.821539800000011, 60.788382 ] ] ] } },
{ "type": "Feature", "properties": { "osm_id": 876108357, "building": "yes", "street": "unnamed road", "area": "Hay River (other areas)", "flood_pixels": 7 }, "geometry": { "type": "Polygon", "coordinates": [ [ [ -115.8230961, 60.786488 ], [ -115.823050400000014, 60.7865534 ], [ -115.822948399999987, 60.786536400000017 ], [ -115.8229941, 60.786471 ], [ -115.8230961, 60.786488 ] ] ] } },
{ "type": "Feature", "properties": { "osm_id": 876108358, "building": "yes", "street": "Miron Drive", "area": "Hay River (other areas)", "flood_pixels": 13 }, "geometry": { "type": "Polygon", "coordinates": [ [ [ -115.8232406, 60.786679 ], [ -115.8231763, 60.786766299999989 ], [ -115.8230119, 60.7867375 ], [ -115.8230761, 60.786650200000018 ], [ -115.8232406, 60.786679 ] ] ] } },
{ "type": "Feature", "properties": { "osm_id": 876108360, "building": "yes", "street": "Miron Drive", "area": "Hay River (other areas)", "flood_pixels": 6 }, "geometry": { "type": "Polygon", "coordinates": [ [ [ -115.8224426, 60.7877843 ], [ -115.8223787, 60.7878921 ], [ -115.822287700000018, 60.7878793 ], [ -115.822351600000019, 60.7877714 ], [ -115.8224426, 60.7877843 ] ] ] } },
{ "type": "Feature", "properties": { "osm_id": 876108361, "building": "yes", "street": "unnamed road", "area": "Hay River (other areas)", "flood_pixels": 16 }, "geometry": { "type": "Polygon", "coordinates": [ [ [ -115.8220007, 60.787889599999986 ], [ -115.8219525, 60.7879717 ], [ -115.8217559, 60.787944099999983 ], [ -115.8218042, 60.787862 ], [ -115.8220007, 60.787889599999986 ] ] ] } },
{ "type": "Feature", "properties": { "osm_id": 876108362, "building": "yes", "street": "Miron Drive", "area": "Hay River (other areas)", "flood_pixels": 21 }, "geometry": { "type": "Polygon", "coordinates": [ [ [ -115.822505, 60.7874256 ], [ -115.8223806, 60.7876175 ], [ -115.822189, 60.7875879 ], [ -115.8223135, 60.7873961 ], [ -115.822505, 60.7874256 ] ] ] } },
{ "type": "Feature", "properties": { "osm_id": 876108363, "building": "yes", "street": "unnamed road", "area": "Hay River (other areas)", "flood_pixels": 14 }, "geometry": { "type": "Polygon", "coordinates": [ [ [ -115.8220101, 60.7867034 ], [ -115.8218024, 60.786679 ], [ -115.8216956, 60.78689510000001 ], [ -115.8219033, 60.7869195 ], [ -115.8220101, 60.7867034 ] ] ] } },
{ "type": "Feature", "properties": { "osm_id": 876108364, "building": "yes", "street": "unnamed road", "area": "Hay River (other areas)", "flood_pixels": 16 }, "geometry": { "type": "Polygon", "coordinates": [ [ [ -115.8222959, 60.786440499999983 ], [ -115.822232200000016, 60.7865254 ], [ -115.821991800000021, 60.7864825 ], [ -115.8220555, 60.786397599999987 ], [ -115.8222959, 60.786440499999983 ] ] ] } },
{ "type": "Feature", "properties": { "osm_id": 876189564, "building": "yes", "street": "unnamed road", "area": "New Town Hay River", "flood_pixels": 11 }, "geometry": { "type": "Polygon", "coordinates": [ [ [ -115.7753265, 60.826830799999989 ], [ -115.775381600000017, 60.8267615 ], [ -115.774976599999988, 60.826685 ], [ -115.7749215, 60.8267543 ], [ -115.7753265, 60.826830799999989 ] ] ] } },
{ "type": "Feature", "properties": { "osm_id": 876206655, "building": "yes", "street": "Capital Drive", "area": "New Town Hay River", "flood_pixels": 29 }, "geometry": { "type": "Polygon", "coordinates": [ [ [ -115.7866184, 60.8089146 ], [ -115.7865121, 60.8090307 ], [ -115.786048099999988, 60.8089298 ], [ -115.78594630000002, 60.809041 ], [ -115.7856734, 60.808981599999989 ], [ -115.7858814, 60.808754199999989 ], [ -115.7866184, 60.8089146 ] ] ] } },
{ "type": "Feature", "properties": { "osm_id": 876214444, "building": "yes", "street": "Capital Drive", "area": "New Town Hay River", "flood_pixels": 36 }, "geometry": { "type": "Polygon", "coordinates": [ [ [ -115.7863954, 60.8084118 ], [ -115.7860735, 60.8083437 ], [ -115.785979600000019, 60.808362 ], [ -115.785789200000011, 60.808591 ], [ -115.7858241, 60.8086459 ], [ -115.7861567, 60.808716599999983 ], [ -115.7862318, 60.8086237 ], [ -115.7861406, 60.8086067 ], [ -115.786242500000014, 60.80847450000001 ], [ -115.7863203, 60.8084929 ], [ -115.7863954, 60.8084118 ] ] ] } },
{ "type": "Feature", "properties": { "osm_id": 876214445, "building": "yes", "street": "Capital Drive", "area": "New Town Hay River", "flood_pixels": 44 }, "geometry": { "type": "Polygon", "coordinates": [ [ [ -115.7858442, 60.8096434 ], [ -115.785877699999986, 60.8097075 ], [ -115.7857624, 60.80984620000001 ], [ -115.7856323, 60.8098658 ], [ -115.7854995, 60.8098252 ], [ -115.7854968, 60.8098056 ], [ -115.784989900000014, 60.8096715 ], [ -115.785173599999979, 60.8094524 ], [ -115.7858442, 60.8096434 ] ] ] } },
{ "type": "Feature", "properties": { "osm_id": 876214456, "building": "yes", "street": "Hay River Highway", "area": "New Town Hay River", "flood_pixels": 7 }, "geometry": { "type": "Polygon", "coordinates": [ [ [ -115.788275199999987, 60.8121213 ], [ -115.788222099999984, 60.812190100000016 ], [ -115.7880319, 60.8121552 ], [ -115.788085, 60.8120864 ], [ -115.788275199999987, 60.8121213 ] ] ] } },
{ "type": "Feature", "properties": { "osm_id": 876214464, "building": "yes", "street": "Dean Drive", "area": "New Town Hay River", "flood_pixels": 14 }, "geometry": { "type": "Polygon", "coordinates": [ [ [ -115.7971557, 60.8169779 ], [ -115.797092500000019, 60.8170473 ], [ -115.796796400000019, 60.8169833 ], [ -115.796859500000011, 60.81691390000001 ], [ -115.7971557, 60.8169779 ] ] ] } },
{ "type": "Feature", "properties": { "osm_id": 876365694, "building": "yes", "street": "Hay River Highway", "area": "Hay River (other areas)", "flood_pixels": 11 }, "geometry": { "type": "Polygon", "coordinates": [ [ [ -115.7715287, 60.838691 ], [ -115.771287700000016, 60.838748099999989 ], [ -115.771232, 60.8386924 ], [ -115.771473, 60.8386352 ], [ -115.7715287, 60.838691 ] ] ] } },
{ "type": "Feature", "properties": { "osm_id": 876365695, "building": "yes", "street": "Hay River Highway", "area": "Hay River (other areas)", "flood_pixels": 4 }, "geometry": { "type": "Polygon", "coordinates": [ [ [ -115.7718434, 60.8386018 ], [ -115.771668, 60.8386419 ], [ -115.7715987, 60.8385698 ], [ -115.771774100000016, 60.8385298 ], [ -115.7718434, 60.8386018 ] ] ] } },
{ "type": "Feature", "properties": { "osm_id": 876365696, "building": "yes", "street": "Hay River Highway", "area": "Hay River (other areas)", "flood_pixels": 21 }, "geometry": { "type": "Polygon", "coordinates": [ [ [ -115.772190899999984, 60.8385142 ], [ -115.772111399999986, 60.8384302 ], [ -115.7717956, 60.8385013 ], [ -115.7718751, 60.8385852 ], [ -115.772190899999984, 60.8385142 ] ] ] } },
{ "type": "Feature", "properties": { "osm_id": 876365700, "building": "yes", "street": "unnamed road", "area": "Hay River (other areas)", "flood_pixels": 5 }, "geometry": { "type": "Polygon", "coordinates": [ [ [ -115.756746799999988, 60.8410946 ], [ -115.7566983, 60.8412514 ], [ -115.75676390000001, 60.8412562 ], [ -115.756756, 60.8412817 ], [ -115.756897400000014, 60.8412921 ], [ -115.756905700000019, 60.841265 ], [ -115.757027600000015, 60.8412739 ], [ -115.7570755, 60.8411187 ], [ -115.756746799999988, 60.8410946 ] ] ] } },
{ "type": "Feature", "properties": { "osm_id": 876365702, "building": "yes", "street": "unnamed road", "area": "Hay River (other areas)", "flood_pixels": 4 }, "geometry": { "type": "Polygon", "coordinates": [ [ [ -115.7565474, 60.840987 ], [ -115.7566044, 60.8408361 ], [ -115.756325800000013, 60.8408111 ], [ -115.756268800000015, 60.840962 ], [ -115.7565474, 60.840987 ] ] ] } },
{ "type": "Feature", "properties": { "osm_id": 1276094812, "building": "yes", "street": "unnamed road", "area": "Hay River (other areas)", "flood_pixels": 16 }, "geometry": { "type": "Polygon", "coordinates": [ [ [ -115.839092400000013, 60.7740291 ], [ -115.839052200000012, 60.7740609 ], [ -115.838902, 60.7740158 ], [ -115.8390551, 60.773894400000017 ], [ -115.8392093, 60.7739408 ], [ -115.839178800000013, 60.773964899999989 ], [ -115.8392052, 60.7739729 ], [ -115.8391227, 60.7740383 ], [ -115.839092400000013, 60.7740291 ] ] ] } },
{ "type": "Feature", "properties": { "osm_id": 1359398187, "building": "yes", "street": "unnamed road", "area": "Hay River (other areas)", "flood_pixels": 3 }, "geometry": { "type": "Polygon", "coordinates": [ [ [ -115.7824685, 60.839491699999989 ], [ -115.7825481, 60.8395738 ], [ -115.7824248, 60.8396022 ], [ -115.7823451, 60.83952009999998 ], [ -115.7824685, 60.839491699999989 ] ] ] } },
{ "type": "Feature", "properties": { "osm_id": 1359398188, "building": "yes", "street": "unnamed road", "area": "Hay River (other areas)", "flood_pixels": 15 }, "geometry": { "type": "Polygon", "coordinates": [ [ [ -115.782798500000013, 60.839554 ], [ -115.7828676, 60.8396323 ], [ -115.782647, 60.8396786 ], [ -115.782577900000021, 60.8396003 ], [ -115.782798500000013, 60.839554 ] ] ] } },
{ "type": "Feature", "properties": { "osm_id": 1425949281, "building": "yes", "street": "unnamed road", "area": "Hay River (other areas)", "flood_pixels": 21 }, "geometry": { "type": "Polygon", "coordinates": [ [ [ -115.882227, 60.7277538 ], [ -115.882035800000011, 60.7276065 ], [ -115.881791, 60.7276824 ], [ -115.881982199999982, 60.727829699999987 ], [ -115.882227, 60.7277538 ] ] ] } },
{ "type": "Feature", "properties": { "osm_id": 1425949282, "building": "yes", "street": "unnamed road", "area": "Hay River (other areas)", "flood_pixels": 21 }, "geometry": { "type": "Polygon", "coordinates": [ [ [ -115.8830733, 60.7281646 ], [ -115.8828751, 60.7281931 ], [ -115.8830046, 60.728408399999985 ], [ -115.8832027, 60.7283799 ], [ -115.8830733, 60.7281646 ] ] ] } },
{ "type": "Feature", "properties": { "osm_id": 1425949283, "building": "yes", "street": "unnamed road", "area": "Hay River (other areas)", "flood_pixels": 18 }, "geometry": { "type": "Polygon", "coordinates": [ [ [ -115.883619, 60.7284748 ], [ -115.883406500000021, 60.7284955 ], [ -115.8834734, 60.7286592 ], [ -115.883686, 60.7286384 ], [ -115.883619, 60.7284748 ] ] ] } },
{ "type": "Feature", "properties": { "osm_id": 1425949287, "building": "yes", "street": "unnamed road", "area": "Hay River (other areas)", "flood_pixels": 5 }, "geometry": { "type": "Polygon", "coordinates": [ [ [ -115.8702211, 60.7355763 ], [ -115.869931500000021, 60.735593899999984 ], [ -115.8699648, 60.7357251 ], [ -115.8701395, 60.735714499999986 ], [ -115.870127, 60.735665299999987 ], [ -115.870241900000011, 60.7356584 ], [ -115.8702211, 60.7355763 ] ] ] } },
{ "type": "Feature", "properties": { "osm_id": 1425949298, "building": "yes", "street": "Wildrose Drive", "area": "Hay River (other areas)", "flood_pixels": 42 }, "geometry": { "type": "Polygon", "coordinates": [ [ [ -115.8624826, 60.7403113 ], [ -115.86003580000002, 60.7394346 ], [ -115.8597294, 60.739638800000016 ], [ -115.8601428, 60.739787 ], [ -115.8597995, 60.7400158 ], [ -115.8615457, 60.740641799999985 ], [ -115.8618584, 60.7404334 ], [ -115.8621453, 60.7405362 ], [ -115.8624826, 60.7403113 ] ] ] } },
{ "type": "Feature", "properties": { "osm_id": 1425949300, "building": "yes", "street": "Wildrose Drive", "area": "Hay River (other areas)", "flood_pixels": 13 }, "geometry": { "type": "Polygon", "coordinates": [ [ [ -115.8638666, 60.7395533 ], [ -115.863776, 60.7396668 ], [ -115.8636259, 60.739639099999984 ], [ -115.863478699999987, 60.739673699999976 ], [ -115.8633824, 60.7396198 ], [ -115.8633824, 60.7395173 ], [ -115.8636429, 60.7394689 ], [ -115.8638666, 60.7395533 ] ] ] } },
{ "type": "Feature", "properties": { "osm_id": 1425949303, "building": "yes", "street": "unnamed road", "area": "Hay River (other areas)", "flood_pixels": 23 }, "geometry": { "type": "Polygon", "coordinates": [ [ [ -115.8389771, 60.7500465 ], [ -115.8386548, 60.7501706 ], [ -115.838844599999987, 60.7502883 ], [ -115.83903810000001, 60.750213800000012 ], [ -115.83897540000001, 60.750175 ], [ -115.8391043, 60.750125399999988 ], [ -115.8389771, 60.7500465 ] ] ] } },
{ "type": "Feature", "properties": { "osm_id": 1425949320, "building": "yes", "street": "unnamed road", "area": "Hay River (other areas)", "flood_pixels": 3 }, "geometry": { "type": "Polygon", "coordinates": [ [ [ -115.868072399999988, 60.735897 ], [ -115.8679165, 60.7357705 ], [ -115.867606, 60.735862 ], [ -115.8677275, 60.7359606 ], [ -115.867880600000021, 60.735915499999983 ], [ -115.867915, 60.735943399999982 ], [ -115.868072399999988, 60.735897 ] ] ] } },
{ "type": "Feature", "properties": { "osm_id": 1425949321, "building": "yes", "street": "unnamed road", "area": "Hay River (other areas)", "flood_pixels": 4 }, "geometry": { "type": "Polygon", "coordinates": [ [ [ -115.868981799999986, 60.7356586 ], [ -115.8686942, 60.7356982 ], [ -115.8687512, 60.735797200000015 ], [ -115.869038799999984, 60.7357576 ], [ -115.868981799999986, 60.7356586 ] ] ] } },
{ "type": "Feature", "properties": { "osm_id": 1426742408, "building": "yes", "street": "Miron Drive", "area": "Hay River (other areas)", "flood_pixels": 22 }, "geometry": { "type": "Polygon", "coordinates": [ [ [ -115.8412065, 60.7726911 ], [ -115.8408795, 60.77290150000001 ], [ -115.8414113, 60.7730985 ], [ -115.8417382, 60.7728881 ], [ -115.8412065, 60.7726911 ] ] ] } },
{ "type": "Feature", "properties": { "osm_id": 1426742409, "building": "yes", "street": "Miron Drive", "area": "Hay River (other areas)", "flood_pixels": 29 }, "geometry": { "type": "Polygon", "coordinates": [ [ [ -115.841084900000013, 60.7723586 ], [ -115.8414238, 60.7720177 ], [ -115.84169270000001, 60.772081399999983 ], [ -115.8416016, 60.7721731 ], [ -115.841799200000011, 60.7722199 ], [ -115.841551400000014, 60.772469199999989 ], [ -115.841084900000013, 60.7723586 ] ] ] } },
{ "type": "Feature", "properties": { "osm_id": 1499772475, "building": "yes", "street": "unnamed road", "area": "Hay River (other areas)", "flood_pixels": 16 }, "geometry": { "type": "Polygon", "coordinates": [ [ [ -115.8571477, 60.7467569 ], [ -115.8570408, 60.7466923 ], [ -115.857266700000011, 60.7466031 ], [ -115.8573736, 60.7466677 ], [ -115.8571477, 60.7467569 ] ] ] } },
{ "type": "Feature", "properties": { "osm_id": 1499772476, "building": "yes", "street": "unnamed road", "area": "Hay River (other areas)", "flood_pixels": 22 }, "geometry": { "type": "Polygon", "coordinates": [ [ [ -115.8547437, 60.7552279 ], [ -115.8542831, 60.7552291 ], [ -115.854280200000019, 60.7549533 ], [ -115.8547407, 60.7549521 ], [ -115.8547437, 60.7552279 ] ] ] } },
{ "type": "Feature", "properties": { "osm_id": 1499772477, "building": "yes", "street": "unnamed road", "area": "Hay River (other areas)", "flood_pixels": 12 }, "geometry": { "type": "Polygon", "coordinates": [ [ [ -115.855861, 60.755448099999988 ], [ -115.855699699999988, 60.7554458 ], [ -115.855702099999988, 60.755404599999984 ], [ -115.8554484, 60.755401 ], [ -115.8554514, 60.7553508 ], [ -115.8550462, 60.755345 ], [ -115.8550532, 60.7552273 ], [ -115.855201500000021, 60.7552294 ], [ -115.85520510000002, 60.7551685 ], [ -115.8554706, 60.7551723 ], [ -115.8554686, 60.7552058 ], [ -115.8556392, 60.7552082 ], [ -115.8556293, 60.7553716 ], [ -115.8558654, 60.755375 ], [ -115.855861, 60.755448099999988 ] ] ] } }
]
}
