{
"type": "FeatureCollection",
"name": "20220510_140509_16M13_buildings",
"crs": { "type": "name", "properties": { "name": "urn:ogc:def:crs:OGC:1.3:CRS84" } },
"features": [
{ "type": "Feature", "properties": { "osm_id": 119937865, "building": "school", "street": "Commercial Road", "area": "New Town Hay River", "flood_pixels": 24 }, "geometry": { "type": "Polygon", "coordinates": [ [ [ -115.7853275, 60.810132699999983 ], [ -115.7852057, 60.8102893 ], [ -115.7849465, 60.8103 ], [ -115.7846412, 60.8104551 ], [ -115.784896, 60.8106042 ], [ -115.7846969, 60.8107126 ], [ -115.7847619, 60.8107461 ], [ -115.784727, 60.8107756 ], [ -115.784788699999979, 60.810796499999988 ], [ -115.784719, 60.810847499999987 ], [ -115.784886900000018, 60.8109158 ], [ -115.785204400000012, 60.810748099999984 ], [ -115.7852964, 60.810710799999988 ], [ -115.785767, 60.810782 ], [ -115.7857896, 60.8107419 ], [ -115.7858526, 60.8107505 ], [ -115.786012600000021, 60.8105975 ], [ -115.7859522, 60.810528699999985 ], [ -115.7856923, 60.8104663 ], [ -115.785711799999987, 60.8104211 ], [ -115.7856638, 60.8104127 ], [ -115.785800800000018, 60.8102454 ], [ -115.7853275, 60.810132699999983 ] ] ] } },
{ "type": "Feature", "properties": { "osm_id": 119938009, "building": "hospital", "street": "Gaetz Drive", "area": "New Town Hay River", "flood_pixels": 18 }, "geometry": { "type": "Polygon", "coordinates": [ [ [ -115.779281600000019, 60.8158213 ], [ -115.7792507, 60.8159847 ], [ -115.7790028, 60.8159712 ], [ -115.7789201, 60.8163162 ], [ -115.7790139, 60.8163228 ], [ -115.7789227, 60.81660260000001 ], [ -115.77885569999998, 60.81660260000001 ], [ -115.7788335, 60.8166969 ], [ -115.778917400000012, 60.8167099 ], [ -115.7789227, 60.8167452 ], [ -115.7790944, 60.816751699999983 ], [ -115.7790944, 60.8167818 ], [ -115.779310199999983, 60.8167888 ], [ -115.779333, 60.816509699999983 ], [ -115.7794433, 60.816517300000022 ], [ -115.7794565, 60.816460700000015 ], [ -115.7796523, 60.816462 ], [ -115.7796469, 60.8164084 ], [ -115.7794702, 60.8164044 ], [ -115.77948330000001, 60.81630710000001 ], [ -115.7795716, 60.8163094 ], [ -115.7795819, 60.8162622 ], [ -115.7800924, 60.8162949 ], [ -115.7801315, 60.816112 ], [ -115.7799927, 60.816104099999983 ], [ -115.7795525, 60.8160789 ], [ -115.779565100000013, 60.8160121 ], [ -115.779602699999984, 60.816014699999982 ], [ -115.779647600000018, 60.8158352 ], [ -115.779453299999986, 60.8158278 ], [ -115.779281600000019, 60.8158213 ] ] ] } },
{ "type": "Feature", "properties": { "osm_id": 119964635, "building": "yes", "street": "unnamed road", "area": "Old Town Hay River", "flood_pixels": 32 }, "geometry": { "type": "Polygon", "coordinates": [ [ [ -115.734443200000015, 60.859169299999984 ], [ -115.73472940000002, 60.8596977 ], [ -115.736453400000016, 60.8595012 ], [ -115.7361851, 60.858969899999984 ], [ -115.734443200000015, 60.859169299999984 ] ] ] } },
{ "type": "Feature", "properties": { "osm_id": 228144031, "building": "yes", "street": "unnamed road", "area": "Hay River (other areas)", "flood_pixels": 11 }, "geometry": { "type": "Polygon", "coordinates": [ [ [ -115.778792599999989, 60.8393097 ], [ -115.7783732, 60.8394161 ], [ -115.7782324, 60.8392845 ], [ -115.7782867, 60.8392707 ], [ -115.7781681, 60.839159799999983 ], [ -115.7782361, 60.8391425 ], [ -115.7783568, 60.8392554 ], [ -115.7786539, 60.83918 ], [ -115.778792599999989, 60.8393097 ] ] ] } },
{ "type": "Feature", "properties": { "osm_id": 228144032, "building": "yes", "street": "unnamed road", "area": "Hay River (other areas)", "flood_pixels": 28 }, "geometry": { "type": "Polygon", "coordinates": [ [ [ -115.7779552, 60.838440499999983 ], [ -115.7775881, 60.8385211 ], [ -115.7777895, 60.83873890000001 ], [ -115.77787210000001, 60.8387208 ], [ -115.7780094, 60.8388693 ], [ -115.778217199999986, 60.8388236 ], [ -115.7780883, 60.8386843 ], [ -115.778165, 60.8386675 ], [ -115.7779552, 60.838440499999983 ] ] ] } },
{ "type": "Feature", "properties": { "osm_id": 268294734, "building": "commercial", "street": "Capital Drive", "area": "New Town Hay River", "flood_pixels": 13 }, "geometry": { "type": "Polygon", "coordinates": [ [ [ -115.787102, 60.8082455 ], [ -115.786797, 60.8081924 ], [ -115.78663, 60.808420900000016 ], [ -115.786935, 60.808474 ], [ -115.787102, 60.8082455 ] ] ] } },
{ "type": "Feature", "properties": { "osm_id": 268294736, "building": "commercial", "street": "Capital Drive", "area": "New Town Hay River", "flood_pixels": 27 }, "geometry": { "type": "Polygon", "coordinates": [ [ [ -115.7873822, 60.8078905 ], [ -115.7870552, 60.8078178 ], [ -115.786751900000013, 60.8077361 ], [ -115.7868592, 60.807587 ], [ -115.7871571, 60.8076726 ], [ -115.7875109, 60.8077361 ], [ -115.7873822, 60.8078905 ] ] ] } },
{ "type": "Feature", "properties": { "osm_id": 305306541, "building": "yes", "street": "Birch Road", "area": "New Town Hay River", "flood_pixels": 32 }, "geometry": { "type": "Polygon", "coordinates": [ [ [ -115.78673240000002, 60.8171841 ], [ -115.7871295, 60.8167162 ], [ -115.7875646, 60.816804 ], [ -115.7874677, 60.8169181 ], [ -115.7874024, 60.8169049 ], [ -115.787316, 60.8170068 ], [ -115.78722980000002, 60.8169894 ], [ -115.787120699999988, 60.817117899999985 ], [ -115.7870044, 60.817094499999982 ], [ -115.7868997, 60.8172178 ], [ -115.78673240000002, 60.8171841 ] ] ] } },
{ "type": "Feature", "properties": { "osm_id": 532421464, "building": "yes", "street": "Service Road", "area": "New Town Hay River", "flood_pixels": 12 }, "geometry": { "type": "Polygon", "coordinates": [ [ [ -115.7845151, 60.8168354 ], [ -115.7839519, 60.816730799999988 ], [ -115.7840754, 60.8165727 ], [ -115.7846387, 60.8166773 ], [ -115.7845151, 60.8168354 ] ] ] } },
{ "type": "Feature", "properties": { "osm_id": 532421466, "building": "yes", "street": "Service Road", "area": "New Town Hay River", "flood_pixels": 18 }, "geometry": { "type": "Polygon", "coordinates": [ [ [ -115.7848471, 60.8165661 ], [ -115.784439600000013, 60.8164929 ], [ -115.7845971, 60.816284399999986 ], [ -115.7850046, 60.8163576 ], [ -115.7848471, 60.8165661 ] ] ] } },
{ "type": "Feature", "properties": { "osm_id": 561804473, "building": "commercial", "street": "Capital Drive", "area": "New Town Hay River", "flood_pixels": 5 }, "geometry": { "type": "Polygon", "coordinates": [ [ [ -115.7871759, 60.8090488 ], [ -115.7875572, 60.8085379 ], [ -115.7879591, 60.8086092 ], [ -115.7877431, 60.8088986 ], [ -115.788632, 60.809056400000017 ], [ -115.7884666, 60.809278 ], [ -115.7871759, 60.8090488 ] ] ] } },
{ "type": "Feature", "properties": { "osm_id": 561805764, "building": "yes", "street": "Commercial Road", "area": "New Town Hay River", "flood_pixels": 12 }, "geometry": { "type": "Polygon", "coordinates": [ [ [ -115.7896328, 60.8103714 ], [ -115.789476, 60.8105688 ], [ -115.788790600000013, 60.8104394 ], [ -115.7889474, 60.8102419 ], [ -115.7896328, 60.8103714 ] ] ] } },
{ "type": "Feature", "properties": { "osm_id": 561805765, "building": "yes", "street": "Woodland Drive", "area": "New Town Hay River", "flood_pixels": 12 }, "geometry": { "type": "Polygon", "coordinates": [ [ [ -115.788125400000013, 60.8102798 ], [ -115.7876877, 60.810197099999982 ], [ -115.78810390000001, 60.8096728 ], [ -115.7885417, 60.80975549999998 ], [ -115.788125400000013, 60.8102798 ] ] ] } },
{ "type": "Feature", "properties": { "osm_id": 561805767, "building": "yes", "street": "Woodland Drive", "area": "New Town Hay River", "flood_pixels": 4 }, "geometry": { "type": "Polygon", "coordinates": [ [ [ -115.789734, 60.809343199999986 ], [ -115.789379, 60.8092761 ], [ -115.789573, 60.8090318 ], [ -115.789928, 60.8090989 ], [ -115.789734, 60.809343199999986 ] ] ] } },
{ "type": "Feature", "properties": { "osm_id": 561805768, "building": "yes", "street": "Woodland Drive", "area": "New Town Hay River", "flood_pixels": 4 }, "geometry": { "type": "Polygon", "coordinates": [ [ [ -115.789820600000013, 60.8093667 ], [ -115.790011199999981, 60.809126600000013 ], [ -115.790437499999982, 60.8092071 ], [ -115.7902468, 60.8094472 ], [ -115.789820600000013, 60.8093667 ] ] ] } },
{ "type": "Feature", "properties": { "osm_id": 561805769, "building": "yes", "street": "Woodland Drive", "area": "New Town Hay River", "flood_pixels": 11 }, "geometry": { "type": "Polygon", "coordinates": [ [ [ -115.79092, 60.8090305 ], [ -115.790256500000012, 60.8089051 ], [ -115.790474900000021, 60.8086301 ], [ -115.79113839999998, 60.8087555 ], [ -115.79092, 60.8090305 ] ] ] } },
{ "type": "Feature", "properties": { "osm_id": 561805772, "building": "yes", "street": "Lepine Road", "area": "New Town Hay River", "flood_pixels": 6 }, "geometry": { "type": "Polygon", "coordinates": [ [ [ -115.790468099999984, 60.807111099999986 ], [ -115.7902567, 60.8070693 ], [ -115.790477, 60.806804099999987 ], [ -115.79068860000001, 60.806846 ], [ -115.790468099999984, 60.807111099999986 ] ] ] } },
{ "type": "Feature", "properties": { "osm_id": 561805773, "building": "yes", "street": "Capital Drive", "area": "New Town Hay River", "flood_pixels": 9 }, "geometry": { "type": "Polygon", "coordinates": [ [ [ -115.788863899999981, 60.8067626 ], [ -115.7890173, 60.8065462 ], [ -115.7894279, 60.8066222 ], [ -115.789267399999986, 60.8068386 ], [ -115.788863899999981, 60.8067626 ] ] ] } },
{ "type": "Feature", "properties": { "osm_id": 561805774, "building": "yes", "street": "Capital Drive", "area": "New Town Hay River", "flood_pixels": 28 }, "geometry": { "type": "Polygon", "coordinates": [ [ [ -115.788223299999984, 60.8069874 ], [ -115.7876523, 60.8068689 ], [ -115.7878313, 60.806659799999984 ], [ -115.788395200000011, 60.8067817 ], [ -115.788223299999984, 60.8069874 ] ] ] } },
{ "type": "Feature", "properties": { "osm_id": 561805775, "building": "yes", "street": "Capital Drive", "area": "New Town Hay River", "flood_pixels": 12 }, "geometry": { "type": "Polygon", "coordinates": [ [ [ -115.7867575, 60.808696899999987 ], [ -115.786331, 60.8086158 ], [ -115.7864323, 60.8084892 ], [ -115.7868587, 60.8085703 ], [ -115.7867575, 60.808696899999987 ] ] ] } },
{ "type": "Feature", "properties": { "osm_id": 561805776, "building": "yes", "street": "Capital Drive", "area": "New Town Hay River", "flood_pixels": 21 }, "geometry": { "type": "Polygon", "coordinates": [ [ [ -115.7856926, 60.809412499999986 ], [ -115.785920600000011, 60.8091351 ], [ -115.7860547, 60.8091509 ], [ -115.7862676, 60.809212 ], [ -115.786100299999987, 60.809420399999986 ], [ -115.7861285, 60.809427499999984 ], [ -115.7860665, 60.8095051 ], [ -115.7856926, 60.809412499999986 ] ] ] } },
{ "type": "Feature", "properties": { "osm_id": 777610018, "building": "apartments", "street": "Capital Drive", "area": "New Town Hay River", "flood_pixels": 36 }, "geometry": { "type": "Polygon", "coordinates": [ [ [ -115.7887484, 60.8063494 ], [ -115.788642300000021, 60.8064875 ], [ -115.7884582, 60.806453 ], [ -115.788309600000019, 60.8066153 ], [ -115.7879981, 60.8065704 ], [ -115.78826, 60.8062527 ], [ -115.7887484, 60.8063494 ] ] ] } },
{ "type": "Feature", "properties": { "osm_id": 817120311, "building": "yes", "street": "Nahanni Road", "area": "New Town Hay River", "flood_pixels": 3 }, "geometry": { "type": "Polygon", "coordinates": [ [ [ -115.7863032, 60.8137853 ], [ -115.785964, 60.8138225 ], [ -115.785943100000011, 60.8137773 ], [ -115.7862823, 60.81374 ], [ -115.7863032, 60.8137853 ] ] ] } },
{ "type": "Feature", "properties": { "osm_id": 817120318, "building": "yes", "street": "Woodland Drive", "area": "New Town Hay River", "flood_pixels": 5 }, "geometry": { "type": "Polygon", "coordinates": [ [ [ -115.785282100000018, 60.8137784 ], [ -115.7853915, 60.8137047 ], [ -115.7854352, 60.8137198 ], [ -115.7853204, 60.8137962 ], [ -115.785282100000018, 60.8137784 ] ] ] } },
{ "type": "Feature", "properties": { "osm_id": 817120328, "building": "yes", "street": "Service Road", "area": "New Town Hay River", "flood_pixels": 3 }, "geometry": { "type": "Polygon", "coordinates": [ [ [ -115.784759100000016, 60.815314 ], [ -115.7849705, 60.815298 ], [ -115.7849541, 60.8152571 ], [ -115.784744499999988, 60.8152767 ], [ -115.784759100000016, 60.815314 ] ] ] } },
{ "type": "Feature", "properties": { "osm_id": 817120330, "building": "yes", "street": "Service Road", "area": "New Town Hay River", "flood_pixels": 3 }, "geometry": { "type": "Polygon", "coordinates": [ [ [ -115.785285799999983, 60.8154215 ], [ -115.785601, 60.8154873 ], [ -115.7856557, 60.8154295 ], [ -115.785333199999982, 60.8153646 ], [ -115.785285799999983, 60.8154215 ] ] ] } },
{ "type": "Feature", "properties": { "osm_id": 817120331, "building": "yes", "street": "Service Road", "area": "New Town Hay River", "flood_pixels": 11 }, "geometry": { "type": "Polygon", "coordinates": [ [ [ -115.7844209, 60.8156495 ], [ -115.7847809, 60.8156376 ], [ -115.784774500000012, 60.8155914 ], [ -115.7846183, 60.8155965 ], [ -115.7846144, 60.815568 ], [ -115.7844971, 60.8155719 ], [ -115.7845012, 60.8156014 ], [ -115.7844146, 60.8156042 ], [ -115.7844209, 60.8156495 ] ] ] } },
{ "type": "Feature", "properties": { "osm_id": 817120344, "building": "yes", "street": "Service Road", "area": "New Town Hay River", "flood_pixels": 4 }, "geometry": { "type": "Polygon", "coordinates": [ [ [ -115.784146, 60.816313 ], [ -115.7839222, 60.8161727 ], [ -115.7839925, 60.8161556 ], [ -115.78419390000002, 60.8162881 ], [ -115.784146, 60.816313 ] ] ] } },
{ "type": "Feature", "properties": { "osm_id": 817120348, "building": "yes", "street": "Woodland Drive", "area": "New Town Hay River", "flood_pixels": 10 }, "geometry": { "type": "Polygon", "coordinates": [ [ [ -115.78193060000001, 60.815862499999987 ], [ -115.7821064, 60.8156459 ], [ -115.7823973, 60.815705100000024 ], [ -115.7822119, 60.8159202 ], [ -115.78193060000001, 60.815862499999987 ] ] ] } },
{ "type": "Feature", "properties": { "osm_id": 817120349, "building": "yes", "street": "Woodland Drive", "area": "New Town Hay River", "flood_pixels": 7 }, "geometry": { "type": "Polygon", "coordinates": [ [ [ -115.7812337, 60.8162803 ], [ -115.781409499999981, 60.8160605 ], [ -115.781774, 60.8161338 ], [ -115.781591800000015, 60.816352 ], [ -115.7812337, 60.8162803 ] ] ] } },
{ "type": "Feature", "properties": { "osm_id": 817120351, "building": "yes", "street": "Woodland Drive", "area": "New Town Hay River", "flood_pixels": 8 }, "geometry": { "type": "Polygon", "coordinates": [ [ [ -115.7810515, 60.816702700000022 ], [ -115.780738200000016, 60.8165609 ], [ -115.7809172, 60.8164782 ], [ -115.7812049, 60.816618500000011 ], [ -115.7810515, 60.816702700000022 ] ] ] } },
{ "type": "Feature", "properties": { "osm_id": 817120354, "building": "yes", "street": "Woodland Drive", "area": "New Town Hay River", "flood_pixels": 4 }, "geometry": { "type": "Polygon", "coordinates": [ [ [ -115.7822379, 60.8154456 ], [ -115.7823526, 60.815302099999982 ], [ -115.782589900000019, 60.8153219 ], [ -115.782629300000011, 60.8153252 ], [ -115.782596900000016, 60.8155355 ], [ -115.7822379, 60.8154456 ] ] ] } },
{ "type": "Feature", "properties": { "osm_id": 817120358, "building": "yes", "street": "unnamed road", "area": "New Town Hay River", "flood_pixels": 8 }, "geometry": { "type": "Polygon", "coordinates": [ [ [ -115.780081200000012, 60.8154091 ], [ -115.780335500000021, 60.8151088 ], [ -115.780532400000013, 60.815065 ], [ -115.7804926, 60.8150115 ], [ -115.780525, 60.8150067 ], [ -115.7805692, 60.8150079 ], [ -115.7805892, 60.8149759 ], [ -115.780569, 60.8149681 ], [ -115.7804772, 60.8149682 ], [ -115.7804227, 60.8149264 ], [ -115.780098599999988, 60.8150018 ], [ -115.7798518, 60.815303299999989 ], [ -115.7798942, 60.8153155 ], [ -115.7798543, 60.8153556 ], [ -115.780081200000012, 60.8154091 ] ] ] } },
{ "type": "Feature", "properties": { "osm_id": 817120360, "building": "yes", "street": "Nahanni Road", "area": "New Town Hay River", "flood_pixels": 15 }, "geometry": { "type": "Polygon", "coordinates": [ [ [ -115.785469, 60.813410299999987 ], [ -115.7856126, 60.813252800000015 ], [ -115.7854941, 60.8132271 ], [ -115.7855494, 60.8131665 ], [ -115.7853172, 60.813116099999988 ], [ -115.785251400000021, 60.8131882 ], [ -115.785171199999979, 60.813170800000023 ], [ -115.7850388, 60.8133158 ], [ -115.7852047, 60.8133518 ], [ -115.7851893, 60.8133686 ], [ -115.7853242, 60.813397800000011 ], [ -115.7853386, 60.813382 ], [ -115.785469, 60.813410299999987 ] ] ] } },
{ "type": "Feature", "properties": { "osm_id": 817120362, "building": "yes", "street": "Woodland Drive", "area": "New Town Hay River", "flood_pixels": 17 }, "geometry": { "type": "Polygon", "coordinates": [ [ [ -115.786577900000012, 60.8128902 ], [ -115.786605, 60.8128667 ], [ -115.7866682, 60.8128755 ], [ -115.786776500000016, 60.812799200000015 ], [ -115.786671200000015, 60.8127787 ], [ -115.7867374, 60.8127317 ], [ -115.7865448, 60.8126774 ], [ -115.786271, 60.8125688 ], [ -115.7861868, 60.8126173 ], [ -115.7864636, 60.8127302 ], [ -115.786602, 60.812768400000017 ], [ -115.7864907, 60.8128652 ], [ -115.786577900000012, 60.8128902 ] ] ] } },
{ "type": "Feature", "properties": { "osm_id": 817120374, "building": "yes", "street": "Industrial Drive", "area": "New Town Hay River", "flood_pixels": 23 }, "geometry": { "type": "Polygon", "coordinates": [ [ [ -115.789730299999988, 60.8148859 ], [ -115.790066600000017, 60.8144566 ], [ -115.790709599999985, 60.8145764 ], [ -115.790373200000019, 60.815005699999986 ], [ -115.789730299999988, 60.8148859 ] ] ] } },
{ "type": "Feature", "properties": { "osm_id": 817120376, "building": "yes", "street": "Commercial Road", "area": "New Town Hay River", "flood_pixels": 7 }, "geometry": { "type": "Polygon", "coordinates": [ [ [ -115.787059500000012, 60.8101099 ], [ -115.787167299999979, 60.8099849 ], [ -115.787223899999987, 60.8099965 ], [ -115.7873731, 60.8098236 ], [ -115.7872876, 60.809806 ], [ -115.7873526, 60.809730599999988 ], [ -115.7871947, 60.8096982 ], [ -115.7871594, 60.8097391 ], [ -115.7870859, 60.809724 ], [ -115.7868729, 60.8099706 ], [ -115.786937300000019, 60.8099838 ], [ -115.7868919, 60.810036399999987 ], [ -115.7869867, 60.8100559 ], [ -115.7869581, 60.8100891 ], [ -115.787059500000012, 60.8101099 ] ] ] } },
{ "type": "Feature", "properties": { "osm_id": 817120384, "building": "yes", "street": "Riverview Drive", "area": "New Town Hay River", "flood_pixels": 6 }, "geometry": { "type": "Polygon", "coordinates": [ [ [ -115.7810753, 60.812094700000017 ], [ -115.7808926, 60.811965899999983 ], [ -115.7810327, 60.8119224 ], [ -115.781215399999979, 60.81205239999997 ], [ -115.7810753, 60.812094700000017 ] ] ] } },
{ "type": "Feature", "properties": { "osm_id": 817120423, "building": "yes", "street": "Spruce Road", "area": "New Town Hay River", "flood_pixels": 11 }, "geometry": { "type": "Polygon", "coordinates": [ [ [ -115.798315700000018, 60.806846799999988 ], [ -115.797960500000016, 60.8067767 ], [ -115.798047899999986, 60.806679 ], [ -115.7983862, 60.806750499999985 ], [ -115.798315700000018, 60.806846799999988 ] ] ] } },
{ "type": "Feature", "properties": { "osm_id": 817406634, "building": "yes", "street": "Studney Drive", "area": "New Town Hay River", "flood_pixels": 5 }, "geometry": { "type": "Polygon", "coordinates": [ [ [ -115.791279399999979, 60.815073199999986 ], [ -115.790973800000017, 60.815010700000023 ], [ -115.7911971, 60.8147511 ], [ -115.7915026, 60.8148136 ], [ -115.791279399999979, 60.815073199999986 ] ] ] } },
{ "type": "Feature", "properties": { "osm_id": 817406674, "building": "yes", "street": "Spruce Road", "area": "New Town Hay River", "flood_pixels": 5 }, "geometry": { "type": "Polygon", "coordinates": [ [ [ -115.802013200000019, 60.8070162 ], [ -115.8021893, 60.807043599999986 ], [ -115.802273, 60.806915599999982 ], [ -115.8020969, 60.8068882 ], [ -115.802013200000019, 60.8070162 ] ] ] } },
{ "type": "Feature", "properties": { "osm_id": 817406680, "building": "yes", "street": "Spruce Road", "area": "New Town Hay River", "flood_pixels": 6 }, "geometry": { "type": "Polygon", "coordinates": [ [ [ -115.7982572, 60.8063475 ], [ -115.7984681, 60.8063872 ], [ -115.798444, 60.8064176 ], [ -115.79866, 60.8064582 ], [ -115.798788300000012, 60.806296 ], [ -115.7983614, 60.8062157 ], [ -115.7982572, 60.8063475 ] ] ] } },
{ "type": "Feature", "properties": { "osm_id": 817406707, "building": "yes", "street": "Studney Drive", "area": "Hay River (other areas)", "flood_pixels": 3 }, "geometry": { "type": "Polygon", "coordinates": [ [ [ -115.8030026, 60.8049628 ], [ -115.802552, 60.8048675 ], [ -115.8026069, 60.8048058 ], [ -115.803057399999986, 60.8049013 ], [ -115.8030026, 60.8049628 ] ] ] } },
{ "type": "Feature", "properties": { "osm_id": 817406708, "building": "yes", "street": "Willow Road", "area": "Hay River (other areas)", "flood_pixels": 11 }, "geometry": { "type": "Polygon", "coordinates": [ [ [ -115.8045042, 60.8044988 ], [ -115.8042468, 60.8044519 ], [ -115.8042222, 60.8044839 ], [ -115.8039477, 60.8044339 ], [ -115.804053199999984, 60.80429620000001 ], [ -115.80447580000002, 60.8043733 ], [ -115.804499, 60.804343099999976 ], [ -115.8046083, 60.804363 ], [ -115.8045042, 60.8044988 ] ] ] } },
{ "type": "Feature", "properties": { "osm_id": 817406714, "building": "hospital", "street": "Mackenzie Highway", "area": "Hay River (other areas)", "flood_pixels": 23 }, "geometry": { "type": "Polygon", "coordinates": [ [ [ -115.804418899999988, 60.802150699999984 ], [ -115.805864900000017, 60.80192 ], [ -115.8058099, 60.8018476 ], [ -115.806018900000012, 60.8018047 ], [ -115.8062938, 60.80214 ], [ -115.8065412, 60.8021024 ], [ -115.8064532, 60.8019495 ], [ -115.8066017, 60.80192 ], [ -115.8064202, 60.8016384 ], [ -115.80628830000002, 60.8016652 ], [ -115.806139800000011, 60.8014319 ], [ -115.806238800000017, 60.8014158 ], [ -115.806205, 60.8013119 ], [ -115.806045900000015, 60.8013335 ], [ -115.8059754, 60.801212599999978 ], [ -115.805915399999989, 60.8012228 ], [ -115.8058867, 60.8011795 ], [ -115.805545, 60.8012355 ], [ -115.805688500000016, 60.801497699999985 ], [ -115.8055972, 60.801513 ], [ -115.8055868, 60.8014926 ], [ -115.805505899999986, 60.801500199999985 ], [ -115.805453699999987, 60.8015079 ], [ -115.805412, 60.801523099999983 ], [ -115.80541980000001, 60.8015473 ], [ -115.8051928, 60.801583 ], [ -115.8051642, 60.8015359 ], [ -115.8050259, 60.8015575 ], [ -115.805052, 60.8015982 ], [ -115.804480700000013, 60.80168860000002 ], [ -115.8045094, 60.8017369 ], [ -115.8041259, 60.8018095 ], [ -115.8042277, 60.8019825 ], [ -115.804274599999985, 60.80198 ], [ -115.8042981, 60.802020699999979 ], [ -115.8043476, 60.8020131 ], [ -115.804418899999988, 60.802150699999984 ] ] ] } },
{ "type": "Feature", "properties": { "osm_id": 817406742, "building": "yes", "street": "Stewart Drive", "area": "Hay River (other areas)", "flood_pixels": 5 }, "geometry": { "type": "Polygon", "coordinates": [ [ [ -115.799235399999986, 60.8010629 ], [ -115.7993011, 60.8009922 ], [ -115.7992729, 60.8009859 ], [ -115.7993384, 60.8009154 ], [ -115.799133, 60.800869900000016 ], [ -115.7990609, 60.8009474 ], [ -115.7990921, 60.8009543 ], [ -115.79903280000002, 60.8010181 ], [ -115.799235399999986, 60.8010629 ] ] ] } },
{ "type": "Feature", "properties": { "osm_id": 817406745, "building": "yes", "street": "McBryan Drive", "area": "Hay River (other areas)", "flood_pixels": 4 }, "geometry": { "type": "Polygon", "coordinates": [ [ [ -115.7982393, 60.8011223 ], [ -115.79835030000001, 60.8009956 ], [ -115.798207, 60.8009658 ], [ -115.798096, 60.8010925 ], [ -115.7982393, 60.8011223 ] ] ] } },
{ "type": "Feature", "properties": { "osm_id": 817417559, "building": "yes", "street": "Stewart Drive", "area": "Hay River (other areas)", "flood_pixels": 3 }, "geometry": { "type": "Polygon", "coordinates": [ [ [ -115.805289500000015, 60.7980021 ], [ -115.8054355, 60.7979591 ], [ -115.805345, 60.7978859 ], [ -115.805199, 60.7979289 ], [ -115.805289500000015, 60.7980021 ] ] ] } },
{ "type": "Feature", "properties": { "osm_id": 817417584, "building": "house", "street": "Wright Crescent", "area": "Hay River (other areas)", "flood_pixels": 9 }, "geometry": { "type": "Polygon", "coordinates": [ [ [ -115.8060985, 60.7982076 ], [ -115.8061983, 60.7981626 ], [ -115.8060963, 60.7981088 ], [ -115.8062041, 60.7980601 ], [ -115.8060911, 60.798000599999988 ], [ -115.805883600000016, 60.798094399999982 ], [ -115.8060985, 60.7982076 ] ] ] } },
{ "type": "Feature", "properties": { "osm_id": 817417590, "building": "yes", "street": "Miron Drive", "area": "Hay River (other areas)", "flood_pixels": 3 }, "geometry": { "type": "Polygon", "coordinates": [ [ [ -115.8159255, 60.794241 ], [ -115.815784400000013, 60.7941208 ], [ -115.81556519999998, 60.7941821 ], [ -115.81565879999998, 60.7942618 ], [ -115.81580120000001, 60.7942219 ], [ -115.8158488, 60.7942625 ], [ -115.8159255, 60.794241 ] ] ] } },
{ "type": "Feature", "properties": { "osm_id": 817417591, "building": "yes", "street": "Miron Drive", "area": "Hay River (other areas)", "flood_pixels": 3 }, "geometry": { "type": "Polygon", "coordinates": [ [ [ -115.8156498, 60.7943697 ], [ -115.8155777, 60.7943062 ], [ -115.8156225, 60.7942941 ], [ -115.8155182, 60.7942022 ], [ -115.8153089, 60.7942588 ], [ -115.8154852, 60.7944142 ], [ -115.8156498, 60.7943697 ] ] ] } },
{ "type": "Feature", "properties": { "osm_id": 817417600, "building": "house", "street": "Miron Drive", "area": "Hay River (other areas)", "flood_pixels": 4 }, "geometry": { "type": "Polygon", "coordinates": [ [ [ -115.8118836, 60.7950742 ], [ -115.8119598, 60.795064499999988 ], [ -115.8119668, 60.7950776 ], [ -115.8121057, 60.7950599 ], [ -115.8120514, 60.794958499999986 ], [ -115.8118363, 60.7949858 ], [ -115.8118836, 60.7950742 ] ] ] } },
{ "type": "Feature", "properties": { "osm_id": 817417601, "building": "house", "street": "Miron Drive", "area": "Hay River (other areas)", "flood_pixels": 7 }, "geometry": { "type": "Polygon", "coordinates": [ [ [ -115.811404900000014, 60.795088599999985 ], [ -115.811353600000018, 60.7949849 ], [ -115.811648600000012, 60.7949502 ], [ -115.8117191, 60.79509250000001 ], [ -115.8115946, 60.7951072 ], [ -115.8115755, 60.7950685 ], [ -115.811404900000014, 60.795088599999985 ] ] ] } },
{ "type": "Feature", "properties": { "osm_id": 817417602, "building": "house", "street": "Miron Drive", "area": "Hay River (other areas)", "flood_pixels": 6 }, "geometry": { "type": "Polygon", "coordinates": [ [ [ -115.8113463, 60.7950957 ], [ -115.811291800000021, 60.7949813 ], [ -115.81103, 60.795011 ], [ -115.8111107, 60.7951805 ], [ -115.811263699999984, 60.7951632 ], [ -115.811237500000018, 60.795108 ], [ -115.8113463, 60.7950957 ] ] ] } },
{ "type": "Feature", "properties": { "osm_id": 817417603, "building": "house", "street": "Miron Drive", "area": "Hay River (other areas)", "flood_pixels": 3 }, "geometry": { "type": "Polygon", "coordinates": [ [ [ -115.811063500000017, 60.7951928 ], [ -115.8109823, 60.7950221 ], [ -115.810778, 60.7950453 ], [ -115.8108227, 60.7951391 ], [ -115.8108751, 60.7951562 ], [ -115.8109174, 60.7951514 ], [ -115.8109436, 60.7952064 ], [ -115.811063500000017, 60.7951928 ] ] ] } },
{ "type": "Feature", "properties": { "osm_id": 817417642, "building": "house", "street": "Miron Drive", "area": "Hay River (other areas)", "flood_pixels": 11 }, "geometry": { "type": "Polygon", "coordinates": [ [ [ -115.811708900000014, 60.7955066 ], [ -115.811380600000021, 60.7955396 ], [ -115.811341699999986, 60.7954473 ], [ -115.81167, 60.7954143 ], [ -115.811708900000014, 60.7955066 ] ] ] } },
{ "type": "Feature", "properties": { "osm_id": 817417643, "building": "house", "street": "Miron Drive", "area": "Hay River (other areas)", "flood_pixels": 5 }, "geometry": { "type": "Polygon", "coordinates": [ [ [ -115.810969, 60.7956072 ], [ -115.8109438, 60.795520899999985 ], [ -115.8106986, 60.7955379 ], [ -115.810723800000019, 60.7956242 ], [ -115.810969, 60.7956072 ] ] ] } },
{ "type": "Feature", "properties": { "osm_id": 817417644, "building": "house", "street": "John Mapes Crescent", "area": "Hay River (other areas)", "flood_pixels": 3 }, "geometry": { "type": "Polygon", "coordinates": [ [ [ -115.811459200000016, 60.795794499999985 ], [ -115.8114443, 60.7957582 ], [ -115.8113708, 60.7957654 ], [ -115.8113508, 60.7957166 ], [ -115.811621299999985, 60.7956902 ], [ -115.8116561, 60.795775299999988 ], [ -115.811459200000016, 60.795794499999985 ] ] ] } },
{ "type": "Feature", "properties": { "osm_id": 817417685, "building": "house", "street": "Miron Drive", "area": "Hay River (other areas)", "flood_pixels": 3 }, "geometry": { "type": "Polygon", "coordinates": [ [ [ -115.802986200000021, 60.796606199999985 ], [ -115.8031183, 60.796554 ], [ -115.8030439, 60.7965091 ], [ -115.8031031, 60.7964858 ], [ -115.8029474, 60.79639190000001 ], [ -115.8027561, 60.7964674 ], [ -115.802986200000021, 60.796606199999985 ] ] ] } },
{ "type": "Feature", "properties": { "osm_id": 817417686, "building": "house", "street": "Miron Drive", "area": "Hay River (other areas)", "flood_pixels": 6 }, "geometry": { "type": "Polygon", "coordinates": [ [ [ -115.8026681, 60.7967517 ], [ -115.802909199999988, 60.7966498 ], [ -115.802795799999984, 60.796586 ], [ -115.8025547, 60.796687900000016 ], [ -115.8026681, 60.7967517 ] ] ] } },
{ "type": "Feature", "properties": { "osm_id": 817417720, "building": "house", "street": "McBryan Drive", "area": "Hay River (other areas)", "flood_pixels": 12 }, "geometry": { "type": "Polygon", "coordinates": [ [ [ -115.7969228, 60.8007229 ], [ -115.7967853, 60.800586 ], [ -115.7966055, 60.8006289 ], [ -115.7966738, 60.800697 ], [ -115.7966137, 60.800711299999989 ], [ -115.7966829, 60.8007802 ], [ -115.7969228, 60.8007229 ] ] ] } },
{ "type": "Feature", "properties": { "osm_id": 817417722, "building": "house", "street": "McBryan Drive", "area": "Hay River (other areas)", "flood_pixels": 18 }, "geometry": { "type": "Polygon", "coordinates": [ [ [ -115.79598559999998, 60.8008184 ], [ -115.7961222, 60.8007857 ], [ -115.796081, 60.8007448 ], [ -115.7961935, 60.8007178 ], [ -115.7961033, 60.8006284 ], [ -115.795951, 60.8006649 ], [ -115.7959706, 60.8006844 ], [ -115.7958738, 60.8007076 ], [ -115.79598559999998, 60.8008184 ] ] ] } },
{ "type": "Feature", "properties": { "osm_id": 817417723, "building": "house", "street": "McBryan Drive", "area": "Hay River (other areas)", "flood_pixels": 4 }, "geometry": { "type": "Polygon", "coordinates": [ [ [ -115.7971053, 60.801101700000011 ], [ -115.7970312, 60.8010288 ], [ -115.79734160000001, 60.800953699999987 ], [ -115.797415700000016, 60.8010266 ], [ -115.7971053, 60.801101700000011 ] ] ] } },
{ "type": "Feature", "properties": { "osm_id": 817417724, "building": "house", "street": "McBryan Drive", "area": "Hay River (other areas)", "flood_pixels": 3 }, "geometry": { "type": "Polygon", "coordinates": [ [ [ -115.7974841, 60.8010139 ], [ -115.7974317, 60.800920899999987 ], [ -115.797645, 60.80089229999998 ], [ -115.797697400000018, 60.8009853 ], [ -115.7974841, 60.8010139 ] ] ] } },
{ "type": "Feature", "properties": { "osm_id": 817417726, "building": "house", "street": "Stewart Drive", "area": "Hay River (other areas)", "flood_pixels": 4 }, "geometry": { "type": "Polygon", "coordinates": [ [ [ -115.797807, 60.8012531 ], [ -115.7979292, 60.8012801 ], [ -115.797897599999985, 60.801314099999985 ], [ -115.7980705, 60.8013524 ], [ -115.7981224, 60.8012966 ], [ -115.798047200000013, 60.80128 ], [ -115.7980961, 60.8012274 ], [ -115.797876200000019, 60.8011787 ], [ -115.797807, 60.8012531 ] ] ] } },
{ "type": "Feature", "properties": { "osm_id": 817417727, "building": "house", "street": "Stewart Drive", "area": "Hay River (other areas)", "flood_pixels": 3 }, "geometry": { "type": "Polygon", "coordinates": [ [ [ -115.797942, 60.8014694 ], [ -115.7976759, 60.8014158 ], [ -115.797729599999982, 60.801345500000011 ], [ -115.798000499999986, 60.8013932 ], [ -115.797942, 60.8014694 ] ] ] } },
{ "type": "Feature", "properties": { "osm_id": 817417731, "building": "house", "street": "Mackie Place", "area": "Hay River (other areas)", "flood_pixels": 3 }, "geometry": { "type": "Polygon", "coordinates": [ [ [ -115.7964362, 60.801529199999983 ], [ -115.796512399999983, 60.80146019999998 ], [ -115.796413900000019, 60.8014343 ], [ -115.7964773, 60.801377 ], [ -115.796354800000017, 60.801344799999988 ], [ -115.796215300000014, 60.8014712 ], [ -115.7964362, 60.801529199999983 ] ] ] } },
{ "type": "Feature", "properties": { "osm_id": 817417739, "building": "house", "street": "McRorie Road", "area": "Hay River (other areas)", "flood_pixels": 8 }, "geometry": { "type": "Polygon", "coordinates": [ [ [ -115.7959768, 60.8019173 ], [ -115.7958465, 60.8018818 ], [ -115.7959897, 60.8017567 ], [ -115.79612, 60.8017922 ], [ -115.7959768, 60.8019173 ] ] ] } },
{ "type": "Feature", "properties": { "osm_id": 817417740, "building": "house", "street": "McRorie Road", "area": "Hay River (other areas)", "flood_pixels": 15 }, "geometry": { "type": "Polygon", "coordinates": [ [ [ -115.79573670000002, 60.8018477 ], [ -115.7955602, 60.8018025 ], [ -115.7956674, 60.801703 ], [ -115.7958438, 60.8017483 ], [ -115.79573670000002, 60.8018477 ] ] ] } },
{ "type": "Feature", "properties": { "osm_id": 817417741, "building": "house", "street": "McBryan Drive", "area": "Hay River (other areas)", "flood_pixels": 13 }, "geometry": { "type": "Polygon", "coordinates": [ [ [ -115.7961452, 60.8014643 ], [ -115.7962811, 60.801348 ], [ -115.796145, 60.8013101 ], [ -115.796009, 60.8014265 ], [ -115.7961452, 60.8014643 ] ] ] } },
{ "type": "Feature", "properties": { "osm_id": 817417745, "building": "house", "street": "McBryan Drive", "area": "Hay River (other areas)", "flood_pixels": 18 }, "geometry": { "type": "Polygon", "coordinates": [ [ [ -115.795438599999983, 60.801057900000011 ], [ -115.795277700000014, 60.8010048 ], [ -115.7953772, 60.8009331 ], [ -115.7954056, 60.8009425 ], [ -115.7954885, 60.80088270000001 ], [ -115.795734300000021, 60.8009639 ], [ -115.7956248, 60.8010428 ], [ -115.7955114, 60.80100539999998 ], [ -115.795438599999983, 60.801057900000011 ] ] ] } },
{ "type": "Feature", "properties": { "osm_id": 817417747, "building": "house", "street": "McBryan Drive", "area": "Hay River (other areas)", "flood_pixels": 10 }, "geometry": { "type": "Polygon", "coordinates": [ [ [ -115.794984900000017, 60.8016848 ], [ -115.7947133, 60.8016189 ], [ -115.794829799999988, 60.801504600000015 ], [ -115.794983, 60.8015418 ], [ -115.7949327, 60.8015912 ], [ -115.7950511, 60.8016199 ], [ -115.794984900000017, 60.8016848 ] ] ] } },
{ "type": "Feature", "properties": { "osm_id": 817417748, "building": "house", "street": "McBryan Drive", "area": "Hay River (other areas)", "flood_pixels": 16 }, "geometry": { "type": "Polygon", "coordinates": [ [ [ -115.7945896, 60.801936 ], [ -115.7946564, 60.801863499999989 ], [ -115.7946173, 60.8018445 ], [ -115.7946552, 60.801803300000017 ], [ -115.7944811, 60.8017652 ], [ -115.79436840000001, 60.8018876 ], [ -115.7945896, 60.801936 ] ] ] } },
{ "type": "Feature", "properties": { "osm_id": 817417749, "building": "house", "street": "McBryan Drive", "area": "Hay River (other areas)", "flood_pixels": 9 }, "geometry": { "type": "Polygon", "coordinates": [ [ [ -115.7945273, 60.8021701 ], [ -115.7943907, 60.8021389 ], [ -115.7943251, 60.8022071 ], [ -115.7941369, 60.8021641 ], [ -115.7942585, 60.8020375 ], [ -115.7945833, 60.802111699999983 ], [ -115.7945273, 60.8021701 ] ] ] } },
{ "type": "Feature", "properties": { "osm_id": 817417750, "building": "house", "street": "McRorie Road", "area": "Hay River (other areas)", "flood_pixels": 5 }, "geometry": { "type": "Polygon", "coordinates": [ [ [ -115.795205300000021, 60.8021657 ], [ -115.7953682, 60.802209700000013 ], [ -115.7954877, 60.8021044 ], [ -115.795294500000011, 60.8020522 ], [ -115.7952314, 60.8021078 ], [ -115.7952617, 60.802116 ], [ -115.795205300000021, 60.8021657 ] ] ] } },
{ "type": "Feature", "properties": { "osm_id": 817417751, "building": "house", "street": "McRorie Road", "area": "Hay River (other areas)", "flood_pixels": 9 }, "geometry": { "type": "Polygon", "coordinates": [ [ [ -115.795641100000012, 60.8022638 ], [ -115.795465599999986, 60.8022211 ], [ -115.79549560000001, 60.8021918 ], [ -115.795436199999983, 60.8021773 ], [ -115.795495200000019, 60.802119600000019 ], [ -115.7957301, 60.8021768 ], [ -115.795641100000012, 60.8022638 ] ] ] } },
{ "type": "Feature", "properties": { "osm_id": 817417752, "building": "house", "street": "McRorie Road", "area": "Hay River (other areas)", "flood_pixels": 4 }, "geometry": { "type": "Polygon", "coordinates": [ [ [ -115.795997, 60.80232190000001 ], [ -115.7960977, 60.802229 ], [ -115.7959622, 60.802194 ], [ -115.7959337, 60.802220299999988 ], [ -115.7957952, 60.8021847 ], [ -115.795723, 60.8022513 ], [ -115.795997, 60.80232190000001 ] ] ] } },
{ "type": "Feature", "properties": { "osm_id": 817417755, "building": "house", "street": "Abby Place", "area": "Hay River (other areas)", "flood_pixels": 10 }, "geometry": { "type": "Polygon", "coordinates": [ [ [ -115.7949742, 60.8025812 ], [ -115.7950994, 60.8024623 ], [ -115.7949416, 60.8024227 ], [ -115.7948165, 60.8025416 ], [ -115.7949742, 60.8025812 ] ] ] } },
{ "type": "Feature", "properties": { "osm_id": 817417769, "building": "house", "street": "Abby Place", "area": "New Town Hay River", "flood_pixels": 4 }, "geometry": { "type": "Polygon", "coordinates": [ [ [ -115.7945654, 60.8029032 ], [ -115.7944032, 60.8028596 ], [ -115.7944739, 60.802797 ], [ -115.7945108, 60.8028069 ], [ -115.7945654, 60.8027586 ], [ -115.7947325, 60.802803499999989 ], [ -115.794693800000019, 60.802837799999978 ], [ -115.794652, 60.8028266 ], [ -115.7945654, 60.8029032 ] ] ] } },
{ "type": "Feature", "properties": { "osm_id": 817417770, "building": "house", "street": "McBryan Drive", "area": "New Town Hay River", "flood_pixels": 3 }, "geometry": { "type": "Polygon", "coordinates": [ [ [ -115.793743400000011, 60.802730299999986 ], [ -115.79347540000002, 60.8026642 ], [ -115.793528800000018, 60.8026126 ], [ -115.7936362, 60.8026392 ], [ -115.7936872, 60.80259 ], [ -115.7938622, 60.80263320000001 ], [ -115.793879200000021, 60.8026168 ], [ -115.7940243, 60.8026526 ], [ -115.7939783, 60.802696899999987 ], [ -115.793818799999983, 60.8026575 ], [ -115.793743400000011, 60.802730299999986 ] ] ] } },
{ "type": "Feature", "properties": { "osm_id": 817417771, "building": "house", "street": "McBryan Drive", "area": "New Town Hay River", "flood_pixels": 6 }, "geometry": { "type": "Polygon", "coordinates": [ [ [ -115.7940668, 60.8026093 ], [ -115.794139, 60.802532 ], [ -115.7938717, 60.8024725 ], [ -115.7937994, 60.802549900000017 ], [ -115.7940668, 60.8026093 ] ] ] } },
{ "type": "Feature", "properties": { "osm_id": 817417772, "building": "house", "street": "McBryan Drive", "area": "New Town Hay River", "flood_pixels": 7 }, "geometry": { "type": "Polygon", "coordinates": [ [ [ -115.7938763, 60.8024253 ], [ -115.7941274, 60.802491099999983 ], [ -115.7942038, 60.8024218 ], [ -115.794073700000013, 60.8023877 ], [ -115.794103, 60.8023612 ], [ -115.7939819, 60.802329499999985 ], [ -115.7938763, 60.8024253 ] ] ] } },
{ "type": "Feature", "properties": { "osm_id": 817417773, "building": "house", "street": "McBryan Drive", "area": "Hay River (other areas)", "flood_pixels": 15 }, "geometry": { "type": "Polygon", "coordinates": [ [ [ -115.794100499999985, 60.80231710000001 ], [ -115.7942801, 60.802363100000015 ], [ -115.79439570000001, 60.8022557 ], [ -115.794150500000015, 60.8021929 ], [ -115.7941093, 60.8022312 ], [ -115.7941749, 60.802248 ], [ -115.794100499999985, 60.80231710000001 ] ] ] } },
{ "type": "Feature", "properties": { "osm_id": 817417782, "building": "house", "street": "McBryan Drive", "area": "New Town Hay River", "flood_pixels": 7 }, "geometry": { "type": "Polygon", "coordinates": [ [ [ -115.793702, 60.8028903 ], [ -115.7935452, 60.802854600000025 ], [ -115.7936443, 60.802751 ], [ -115.793801, 60.8027866 ], [ -115.793702, 60.8028903 ] ] ] } },
{ "type": "Feature", "properties": { "osm_id": 817417783, "building": "house", "street": "McBryan Drive", "area": "New Town Hay River", "flood_pixels": 7 }, "geometry": { "type": "Polygon", "coordinates": [ [ [ -115.7928249, 60.8033106 ], [ -115.7925088, 60.8034785 ], [ -115.7923774, 60.8034175 ], [ -115.792690399999984, 60.8032419 ], [ -115.7928249, 60.8033106 ] ] ] } },
{ "type": "Feature", "properties": { "osm_id": 817417784, "building": "house", "street": "McBryan Drive", "area": "New Town Hay River", "flood_pixels": 9 }, "geometry": { "type": "Polygon", "coordinates": [ [ [ -115.7931242, 60.803191599999984 ], [ -115.79295310000002, 60.8031089 ], [ -115.792798, 60.8031853 ], [ -115.7929691, 60.803268 ], [ -115.7931242, 60.803191599999984 ] ] ] } },
{ "type": "Feature", "properties": { "osm_id": 817417785, "building": "house", "street": "McBryan Drive", "area": "New Town Hay River", "flood_pixels": 9 }, "geometry": { "type": "Polygon", "coordinates": [ [ [ -115.793293099999985, 60.8031266 ], [ -115.793142, 60.8030629 ], [ -115.7933088, 60.8029688 ], [ -115.793459899999988, 60.8030325 ], [ -115.793293099999985, 60.8031266 ] ] ] } },
{ "type": "Feature", "properties": { "osm_id": 817417786, "building": "house", "street": "McBryan Drive", "area": "New Town Hay River", "flood_pixels": 16 }, "geometry": { "type": "Polygon", "coordinates": [ [ [ -115.79345170000002, 60.8029833 ], [ -115.7932868, 60.8029258 ], [ -115.7934203, 60.8028347 ], [ -115.7935852, 60.8028923 ], [ -115.79345170000002, 60.8029833 ] ] ] } },
{ "type": "Feature", "properties": { "osm_id": 817417792, "building": "house", "street": "McBryan Drive", "area": "New Town Hay River", "flood_pixels": 16 }, "geometry": { "type": "Polygon", "coordinates": [ [ [ -115.793006500000018, 60.8038631 ], [ -115.79282, 60.8037702 ], [ -115.7929314, 60.8037169 ], [ -115.793118, 60.803809799999989 ], [ -115.793006500000018, 60.8038631 ] ] ] } },
{ "type": "Feature", "properties": { "osm_id": 817417793, "building": "house", "street": "McBryan Drive", "area": "New Town Hay River", "flood_pixels": 12 }, "geometry": { "type": "Polygon", "coordinates": [ [ [ -115.7934881, 60.803595099999988 ], [ -115.793693300000015, 60.8034814 ], [ -115.7935854, 60.803435100000016 ], [ -115.7933801, 60.8035487 ], [ -115.7934881, 60.803595099999988 ] ] ] } },
{ "type": "Feature", "properties": { "osm_id": 817417798, "building": "house", "street": "McBryan Drive", "area": "New Town Hay River", "flood_pixels": 7 }, "geometry": { "type": "Polygon", "coordinates": [ [ [ -115.792170399999989, 60.803548899999988 ], [ -115.7922933, 60.803603099999989 ], [ -115.7924509, 60.8035182 ], [ -115.792328, 60.803464 ], [ -115.792170399999989, 60.803548899999988 ] ] ] } },
{ "type": "Feature", "properties": { "osm_id": 817417799, "building": "house", "street": "McBryan Drive", "area": "New Town Hay River", "flood_pixels": 8 }, "geometry": { "type": "Polygon", "coordinates": [ [ [ -115.7919929, 60.8036568 ], [ -115.792106499999989, 60.803704 ], [ -115.792263, 60.8036145 ], [ -115.792149400000014, 60.8035672 ], [ -115.7919929, 60.8036568 ] ] ] } },
{ "type": "Feature", "properties": { "osm_id": 817417800, "building": "house", "street": "McBryan Drive", "area": "New Town Hay River", "flood_pixels": 13 }, "geometry": { "type": "Polygon", "coordinates": [ [ [ -115.791553800000017, 60.803868 ], [ -115.791672600000012, 60.803917500000018 ], [ -115.7919487, 60.8037599 ], [ -115.79179, 60.8036938 ], [ -115.79171460000002, 60.80373680000001 ], [ -115.7917546, 60.8037535 ], [ -115.791553800000017, 60.803868 ] ] ] } },
{ "type": "Feature", "properties": { "osm_id": 817417801, "building": "house", "street": "McBryan Drive", "area": "New Town Hay River", "flood_pixels": 13 }, "geometry": { "type": "Polygon", "coordinates": [ [ [ -115.7913193, 60.8040873 ], [ -115.791158700000011, 60.8040156 ], [ -115.791416499999983, 60.803878199999986 ], [ -115.7915771, 60.8039499 ], [ -115.7913193, 60.8040873 ] ] ] } },
{ "type": "Feature", "properties": { "osm_id": 817417802, "building": "house", "street": "McBryan Drive", "area": "New Town Hay River", "flood_pixels": 12 }, "geometry": { "type": "Polygon", "coordinates": [ [ [ -115.7910477, 60.8042307 ], [ -115.7909057, 60.8041704 ], [ -115.79113839999998, 60.8040399 ], [ -115.791280500000013, 60.8041002 ], [ -115.7910477, 60.8042307 ] ] ] } },
{ "type": "Feature", "properties": { "osm_id": 817417806, "building": "house", "street": "Woodland Drive", "area": "New Town Hay River", "flood_pixels": 9 }, "geometry": { "type": "Polygon", "coordinates": [ [ [ -115.79235060000002, 60.8042407 ], [ -115.7922203, 60.8041864 ], [ -115.7924377, 60.804062200000011 ], [ -115.792568, 60.8041165 ], [ -115.79235060000002, 60.8042407 ] ] ] } },
{ "type": "Feature", "properties": { "osm_id": 817417808, "building": "house", "street": "McBryan Drive", "area": "New Town Hay River", "flood_pixels": 6 }, "geometry": { "type": "Polygon", "coordinates": [ [ [ -115.7920054, 60.8044915 ], [ -115.791806100000016, 60.8043992 ], [ -115.7920304, 60.804284 ], [ -115.7921339, 60.804332 ], [ -115.7920776, 60.8043609 ], [ -115.79217340000001, 60.8044053 ], [ -115.7920054, 60.8044915 ] ] ] } },
{ "type": "Feature", "properties": { "osm_id": 817419784, "building": "house", "street": "McBryan Drive", "area": "New Town Hay River", "flood_pixels": 6 }, "geometry": { "type": "Polygon", "coordinates": [ [ [ -115.790508800000012, 60.8052112 ], [ -115.7903632, 60.8051813 ], [ -115.790438600000016, 60.8050938 ], [ -115.790584199999984, 60.8051237 ], [ -115.790508800000012, 60.8052112 ] ] ] } },
{ "type": "Feature", "properties": { "osm_id": 817419785, "building": "house", "street": "McBryan Drive", "area": "New Town Hay River", "flood_pixels": 8 }, "geometry": { "type": "Polygon", "coordinates": [ [ [ -115.790882600000018, 60.805127700000014 ], [ -115.790678600000021, 60.8050282 ], [ -115.790782799999988, 60.8049773 ], [ -115.790986800000013, 60.8050769 ], [ -115.790882600000018, 60.805127700000014 ] ] ] } },
{ "type": "Feature", "properties": { "osm_id": 817419786, "building": "house", "street": "McBryan Drive", "area": "New Town Hay River", "flood_pixels": 13 }, "geometry": { "type": "Polygon", "coordinates": [ [ [ -115.7911831, 60.8049728 ], [ -115.7911224, 60.8049465 ], [ -115.791065, 60.804978 ], [ -115.79088710000002, 60.8049009 ], [ -115.790964399999979, 60.8048585 ], [ -115.791012900000013, 60.8048795 ], [ -115.7911697, 60.8047934 ], [ -115.791359799999981, 60.804875799999984 ], [ -115.7911831, 60.8049728 ] ] ] } },
{ "type": "Feature", "properties": { "osm_id": 817419787, "building": "house", "street": "McBryan Drive", "area": "New Town Hay River", "flood_pixels": 6 }, "geometry": { "type": "Polygon", "coordinates": [ [ [ -115.7913292, 60.804787 ], [ -115.7915002, 60.804695 ], [ -115.7913655, 60.8046355 ], [ -115.7911946, 60.8047275 ], [ -115.7913292, 60.804787 ] ] ] } },
{ "type": "Feature", "properties": { "osm_id": 817419788, "building": "house", "street": "McBryan Drive", "area": "New Town Hay River", "flood_pixels": 16 }, "geometry": { "type": "Polygon", "coordinates": [ [ [ -115.7915087, 60.804675 ], [ -115.79171, 60.8045749 ], [ -115.791587100000015, 60.804516099999987 ], [ -115.791385800000015, 60.8046161 ], [ -115.7915087, 60.804675 ] ] ] } },
{ "type": "Feature", "properties": { "osm_id": 817419789, "building": "house", "street": "McBryan Drive", "area": "New Town Hay River", "flood_pixels": 6 }, "geometry": { "type": "Polygon", "coordinates": [ [ [ -115.7903986, 60.805525399999979 ], [ -115.7901232, 60.8054676 ], [ -115.7901883, 60.805393799999983 ], [ -115.7904637, 60.805451600000012 ], [ -115.7903986, 60.805525399999979 ] ] ] } },
{ "type": "Feature", "properties": { "osm_id": 817419801, "building": "house", "street": "McBryan Drive", "area": "New Town Hay River", "flood_pixels": 12 }, "geometry": { "type": "Polygon", "coordinates": [ [ [ -115.7898531, 60.805738600000012 ], [ -115.79001479999998, 60.8057702 ], [ -115.7901093, 60.805654799999985 ], [ -115.7901468, 60.8056621 ], [ -115.7902033, 60.8055931 ], [ -115.790047900000019, 60.805562800000011 ], [ -115.78999690000002, 60.8056252 ], [ -115.789953, 60.805616599999986 ], [ -115.7898531, 60.805738600000012 ] ] ] } },
{ "type": "Feature", "properties": { "osm_id": 817419802, "building": "house", "street": "McBryan Drive", "area": "New Town Hay River", "flood_pixels": 6 }, "geometry": { "type": "Polygon", "coordinates": [ [ [ -115.790898899999988, 60.804390199999986 ], [ -115.790769899999987, 60.804333 ], [ -115.7909257, 60.80424940000001 ], [ -115.7910547, 60.8043067 ], [ -115.790898899999988, 60.804390199999986 ] ] ] } },
{ "type": "Feature", "properties": { "osm_id": 817419803, "building": "house", "street": "McBryan Drive", "area": "New Town Hay River", "flood_pixels": 13 }, "geometry": { "type": "Polygon", "coordinates": [ [ [ -115.790889299999989, 60.804425 ], [ -115.790661200000017, 60.8043222 ], [ -115.7905702, 60.8043703 ], [ -115.7906259, 60.804395300000017 ], [ -115.7904316, 60.804498 ], [ -115.790604, 60.8045757 ], [ -115.790889299999989, 60.804425 ] ] ] } },
{ "type": "Feature", "properties": { "osm_id": 817419804, "building": "house", "street": "McBryan Drive", "area": "New Town Hay River", "flood_pixels": 6 }, "geometry": { "type": "Polygon", "coordinates": [ [ [ -115.790351300000012, 60.8047276 ], [ -115.79011060000002, 60.804611700000024 ], [ -115.7903149, 60.804510699999987 ], [ -115.7904295, 60.804565899999972 ], [ -115.790336600000018, 60.8046118 ], [ -115.7904627, 60.804672499999988 ], [ -115.790351300000012, 60.8047276 ] ] ] } },
{ "type": "Feature", "properties": { "osm_id": 817419805, "building": "house", "street": "McBryan Drive", "area": "New Town Hay River", "flood_pixels": 8 }, "geometry": { "type": "Polygon", "coordinates": [ [ [ -115.7901158, 60.8048506 ], [ -115.7899856, 60.80479110000001 ], [ -115.7900202, 60.8047731 ], [ -115.789916399999981, 60.8047257 ], [ -115.7900874, 60.8046365 ], [ -115.790218, 60.804696199999988 ], [ -115.7901666, 60.804723 ], [ -115.7902701, 60.804770199999986 ], [ -115.7901158, 60.8048506 ] ] ] } },
{ "type": "Feature", "properties": { "osm_id": 817419806, "building": "house", "street": "McBryan Drive", "area": "New Town Hay River", "flood_pixels": 10 }, "geometry": { "type": "Polygon", "coordinates": [ [ [ -115.7899302, 60.804967799999986 ], [ -115.7898084, 60.8049277 ], [ -115.7898486, 60.8048986 ], [ -115.789709300000013, 60.804852699999984 ], [ -115.7898255, 60.8047688 ], [ -115.7900671, 60.8048485 ], [ -115.7899738, 60.8049159 ], [ -115.7899932, 60.8049222 ], [ -115.7899302, 60.804967799999986 ] ] ] } },
{ "type": "Feature", "properties": { "osm_id": 817419807, "building": "house", "street": "McBryan Drive", "area": "New Town Hay River", "flood_pixels": 10 }, "geometry": { "type": "Polygon", "coordinates": [ [ [ -115.7897597, 60.80510120000001 ], [ -115.789570600000019, 60.8050703 ], [ -115.7896575, 60.8049437 ], [ -115.7899167, 60.804986 ], [ -115.78985950000002, 60.8050694 ], [ -115.789789399999989, 60.805058 ], [ -115.7897597, 60.80510120000001 ] ] ] } },
{ "type": "Feature", "properties": { "osm_id": 817419808, "building": "house", "street": "McBryan Drive", "area": "New Town Hay River", "flood_pixels": 19 }, "geometry": { "type": "Polygon", "coordinates": [ [ [ -115.789425400000013, 60.8053257 ], [ -115.7895951, 60.805108500000017 ], [ -115.7897633, 60.8051398 ], [ -115.7895936, 60.805357 ], [ -115.789425400000013, 60.8053257 ] ] ] } },
{ "type": "Feature", "properties": { "osm_id": 817419809, "building": "house", "street": "McBryan Drive", "area": "New Town Hay River", "flood_pixels": 15 }, "geometry": { "type": "Polygon", "coordinates": [ [ [ -115.78929140000001, 60.8056056 ], [ -115.7893724, 60.8054839 ], [ -115.7891592, 60.8054501 ], [ -115.7890782, 60.8055719 ], [ -115.78929140000001, 60.8056056 ] ] ] } },
{ "type": "Feature", "properties": { "osm_id": 817419810, "building": "house", "street": "McBryan Drive", "area": "New Town Hay River", "flood_pixels": 5 }, "geometry": { "type": "Polygon", "coordinates": [ [ [ -115.788963100000018, 60.80600230000001 ], [ -115.788881500000016, 60.8058626 ], [ -115.789091200000016, 60.8058334 ], [ -115.7891388, 60.805914900000019 ], [ -115.789070800000019, 60.8059243 ], [ -115.7891049, 60.8059826 ], [ -115.788963100000018, 60.80600230000001 ] ] ] } },
{ "type": "Feature", "properties": { "osm_id": 817419811, "building": "house", "street": "McBryan Drive", "area": "New Town Hay River", "flood_pixels": 15 }, "geometry": { "type": "Polygon", "coordinates": [ [ [ -115.7888015, 60.8058108 ], [ -115.7890836, 60.805806600000018 ], [ -115.789078600000011, 60.8057274 ], [ -115.7887965, 60.805731599999987 ], [ -115.7888015, 60.8058108 ] ] ] } },
{ "type": "Feature", "properties": { "osm_id": 817419812, "building": "house", "street": "McBryan Drive", "area": "New Town Hay River", "flood_pixels": 7 }, "geometry": { "type": "Polygon", "coordinates": [ [ [ -115.789330600000014, 60.806072199999981 ], [ -115.789586300000011, 60.8061253 ], [ -115.7896725, 60.8060265 ], [ -115.789416799999984, 60.8059733 ], [ -115.789330600000014, 60.806072199999981 ] ] ] } },
{ "type": "Feature", "properties": { "osm_id": 817419813, "building": "house", "street": "McBryan Drive", "area": "New Town Hay River", "flood_pixels": 4 }, "geometry": { "type": "Polygon", "coordinates": [ [ [ -115.7897274, 60.8061781 ], [ -115.7896504, 60.8062469 ], [ -115.7895156, 60.8062109 ], [ -115.7895926, 60.8061422 ], [ -115.7897274, 60.8061781 ] ] ] } },
{ "type": "Feature", "properties": { "osm_id": 817419817, "building": "house", "street": "McBryan Drive", "area": "New Town Hay River", "flood_pixels": 3 }, "geometry": { "type": "Polygon", "coordinates": [ [ [ -115.7909527, 60.8064429 ], [ -115.791080300000019, 60.8063051 ], [ -115.7909497, 60.806274 ], [ -115.7909102, 60.8063288 ], [ -115.790800799999985, 60.8063095 ], [ -115.7907188, 60.8063925 ], [ -115.7909527, 60.8064429 ] ] ] } },
{ "type": "Feature", "properties": { "osm_id": 823666251, "building": "yes", "street": "unnamed road", "area": "Old Town Hay River", "flood_pixels": 30 }, "geometry": { "type": "Polygon", "coordinates": [ [ [ -115.736229699999981, 60.8582861 ], [ -115.736050800000015, 60.8578973 ], [ -115.73647560000002, 60.85785090000001 ], [ -115.73665440000002, 60.8582397 ], [ -115.736229699999981, 60.8582861 ] ] ] } },
{ "type": "Feature", "properties": { "osm_id": 823666254, "building": "yes", "street": "Lakeshore Drive", "area": "Old Town Hay River", "flood_pixels": 3 }, "geometry": { "type": "Polygon", "coordinates": [ [ [ -115.749934100000019, 60.8666437 ], [ -115.74979949999998, 60.866645 ], [ -115.7497944, 60.8665238 ], [ -115.749929, 60.8665224 ], [ -115.749934100000019, 60.8666437 ] ] ] } },
{ "type": "Feature", "properties": { "osm_id": 823666255, "building": "yes", "street": "Lakeshore Drive", "area": "Old Town Hay River", "flood_pixels": 6 }, "geometry": { "type": "Polygon", "coordinates": [ [ [ -115.7487828, 60.8666173 ], [ -115.7485698, 60.8666267 ], [ -115.7485539, 60.8665412 ], [ -115.748767, 60.8665318 ], [ -115.7487828, 60.8666173 ] ] ] } },
{ "type": "Feature", "properties": { "osm_id": 823666256, "building": "yes", "street": "Lakeshore Drive", "area": "Old Town Hay River", "flood_pixels": 10 }, "geometry": { "type": "Polygon", "coordinates": [ [ [ -115.747701, 60.8665002 ], [ -115.7474889, 60.8664413 ], [ -115.7475967, 60.8663493 ], [ -115.747808799999987, 60.8664083 ], [ -115.747701, 60.8665002 ] ] ] } },
{ "type": "Feature", "properties": { "osm_id": 823666257, "building": "yes", "street": "Lakeshore Drive", "area": "Old Town Hay River", "flood_pixels": 6 }, "geometry": { "type": "Polygon", "coordinates": [ [ [ -115.7472096, 60.8662506 ], [ -115.747305, 60.8661673 ], [ -115.7470919, 60.8661095 ], [ -115.7469965, 60.8661927 ], [ -115.7472096, 60.8662506 ] ] ] } },
{ "type": "Feature", "properties": { "osm_id": 823666258, "building": "yes", "street": "Lakeshore Drive", "area": "Old Town Hay River", "flood_pixels": 20 }, "geometry": { "type": "Polygon", "coordinates": [ [ [ -115.7455281, 60.8660238 ], [ -115.7453031, 60.865947199999979 ], [ -115.745473, 60.865829 ], [ -115.745698, 60.8659056 ], [ -115.7455281, 60.8660238 ] ] ] } },
{ "type": "Feature", "properties": { "osm_id": 823666259, "building": "yes", "street": "Lakeshore Drive", "area": "Old Town Hay River", "flood_pixels": 4 }, "geometry": { "type": "Polygon", "coordinates": [ [ [ -115.7444627, 60.865407699999984 ], [ -115.7442497, 60.865326 ], [ -115.7443403, 60.865271899999989 ], [ -115.744555600000012, 60.8653492 ], [ -115.7444627, 60.865407699999984 ] ] ] } },
{ "type": "Feature", "properties": { "osm_id": 823666260, "building": "yes", "street": "104th Avenue", "area": "Old Town Hay River", "flood_pixels": 12 }, "geometry": { "type": "Polygon", "coordinates": [ [ [ -115.73706780000002, 60.857805499999976 ], [ -115.7369468, 60.8575937 ], [ -115.737148500000018, 60.857561 ], [ -115.7372696, 60.8577749 ], [ -115.73706780000002, 60.857805499999976 ] ] ] } },
{ "type": "Feature", "properties": { "osm_id": 823666282, "building": "yes", "street": "103rd Street", "area": "Old Town Hay River", "flood_pixels": 5 }, "geometry": { "type": "Polygon", "coordinates": [ [ [ -115.740261, 60.854944 ], [ -115.7402356, 60.8548831 ], [ -115.7406593, 60.854841200000024 ], [ -115.740684699999989, 60.8549021 ], [ -115.740261, 60.854944 ] ] ] } },
{ "type": "Feature", "properties": { "osm_id": 823666296, "building": "yes", "street": "103rd Street", "area": "Old Town Hay River", "flood_pixels": 15 }, "geometry": { "type": "Polygon", "coordinates": [ [ [ -115.740282600000015, 60.854745099999974 ], [ -115.740254, 60.8546907 ], [ -115.740660199999979, 60.8546434 ], [ -115.7406889, 60.854701899999988 ], [ -115.740282600000015, 60.854745099999974 ] ] ] } },
{ "type": "Feature", "properties": { "osm_id": 823666298, "building": "yes", "street": "103rd Avenue", "area": "Old Town Hay River", "flood_pixels": 5 }, "geometry": { "type": "Polygon", "coordinates": [ [ [ -115.7388592, 60.8541293 ], [ -115.738813100000016, 60.854042599999985 ], [ -115.7389516, 60.8540251 ], [ -115.7389389, 60.8540013 ], [ -115.739049599999987, 60.853987299999986 ], [ -115.7391084, 60.8540978 ], [ -115.7388592, 60.8541293 ] ] ] } },
{ "type": "Feature", "properties": { "osm_id": 824375613, "building": "yes", "street": "101st Street", "area": "Old Town Hay River", "flood_pixels": 5 }, "geometry": { "type": "Polygon", "coordinates": [ [ [ -115.736106, 60.8525861 ], [ -115.73594660000002, 60.852604299999989 ], [ -115.7358918, 60.8524907 ], [ -115.736167200000011, 60.8524592 ], [ -115.7361558, 60.8524355 ], [ -115.7362305, 60.852427 ], [ -115.736272299999982, 60.852513800000018 ], [ -115.73608160000002, 60.852535599999989 ], [ -115.736106, 60.8525861 ] ] ] } },
{ "type": "Feature", "properties": { "osm_id": 824375615, "building": "yes", "street": "101st Street", "area": "Old Town Hay River", "flood_pixels": 9 }, "geometry": { "type": "Polygon", "coordinates": [ [ [ -115.735676700000013, 60.8523044 ], [ -115.7356418, 60.8521881 ], [ -115.7358135, 60.8521724 ], [ -115.7358511, 60.8522887 ], [ -115.735676700000013, 60.8523044 ] ] ] } },
{ "type": "Feature", "properties": { "osm_id": 824375616, "building": "yes", "street": "101st Street", "area": "Old Town Hay River", "flood_pixels": 5 }, "geometry": { "type": "Polygon", "coordinates": [ [ [ -115.73553680000002, 60.8520234 ], [ -115.735501199999987, 60.8518621 ], [ -115.7356569, 60.851854 ], [ -115.7356925, 60.8520153 ], [ -115.73553680000002, 60.8520234 ] ] ] } },
{ "type": "Feature", "properties": { "osm_id": 824375657, "building": "yes", "street": "103rd Street", "area": "Old Town Hay River", "flood_pixels": 4 }, "geometry": { "type": "Polygon", "coordinates": [ [ [ -115.739858499999983, 60.8539017 ], [ -115.7398382, 60.8538601 ], [ -115.7402162, 60.8538163 ], [ -115.7402365, 60.8538579 ], [ -115.739858499999983, 60.8539017 ] ] ] } },
{ "type": "Feature", "properties": { "osm_id": 824375673, "building": "yes", "street": "105th Street", "area": "Old Town Hay River", "flood_pixels": 6 }, "geometry": { "type": "Polygon", "coordinates": [ [ [ -115.744288899999987, 60.852965499999989 ], [ -115.744245300000017, 60.852970199999987 ], [ -115.7442609, 60.853004699999985 ], [ -115.744092399999985, 60.853022699999968 ], [ -115.744083300000014, 60.8530027 ], [ -115.7439996, 60.853011599999988 ], [ -115.7439582, 60.8529197 ], [ -115.744254, 60.8528881 ], [ -115.744288899999987, 60.852965499999989 ] ] ] } },
{ "type": "Feature", "properties": { "osm_id": 824375675, "building": "yes", "street": "103rd Avenue", "area": "Old Town Hay River", "flood_pixels": 10 }, "geometry": { "type": "Polygon", "coordinates": [ [ [ -115.744192, 60.8535051 ], [ -115.7441914, 60.853423299999989 ], [ -115.7444364, 60.853423 ], [ -115.7444369, 60.8535047 ], [ -115.744192, 60.8535051 ] ] ] } },
{ "type": "Feature", "properties": { "osm_id": 824375691, "building": "yes", "street": "105th Street", "area": "Old Town Hay River", "flood_pixels": 16 }, "geometry": { "type": "Polygon", "coordinates": [ [ [ -115.7440373, 60.8531612 ], [ -115.744427, 60.8531109 ], [ -115.7443959, 60.853053599999988 ], [ -115.744006200000015, 60.853104 ], [ -115.7440373, 60.8531612 ] ] ] } },
{ "type": "Feature", "properties": { "osm_id": 824375695, "building": "yes", "street": "102nd Avenue", "area": "Old Town Hay River", "flood_pixels": 8 }, "geometry": { "type": "Polygon", "coordinates": [ [ [ -115.739767400000019, 60.8505121 ], [ -115.73953680000001, 60.8505367 ], [ -115.739506799999987, 60.8504702 ], [ -115.739304500000017, 60.8504919 ], [ -115.7391601, 60.8501718 ], [ -115.739598, 60.850124899999983 ], [ -115.7396771, 60.8503003 ], [ -115.739748500000019, 60.8502927 ], [ -115.7398223, 60.850456499999979 ], [ -115.739746, 60.8504647 ], [ -115.739767400000019, 60.8505121 ] ] ] } },
{ "type": "Feature", "properties": { "osm_id": 824375697, "building": "yes", "street": "102nd Avenue", "area": "Old Town Hay River", "flood_pixels": 13 }, "geometry": { "type": "Polygon", "coordinates": [ [ [ -115.732020299999988, 60.851225699999986 ], [ -115.73229090000001, 60.8512196 ], [ -115.7322844, 60.851152 ], [ -115.7320138, 60.8511582 ], [ -115.732020299999988, 60.851225699999986 ] ] ] } },
{ "type": "Feature", "properties": { "osm_id": 824375698, "building": "yes", "street": "102nd Avenue", "area": "Old Town Hay River", "flood_pixels": 4 }, "geometry": { "type": "Polygon", "coordinates": [ [ [ -115.7321612, 60.850822299999983 ], [ -115.73214950000002, 60.8508351 ], [ -115.7321467, 60.850849 ], [ -115.732153200000013, 60.8508626 ], [ -115.7321682, 60.8508746 ], [ -115.7321902, 60.8508836 ], [ -115.7322169, 60.8508887 ], [ -115.7322473, 60.8508894 ], [ -115.732276400000018, 60.850885 ], [ -115.7323008, 60.8508762 ], [ -115.732317699999982, 60.850863900000014 ], [ -115.7323252, 60.85084950000001 ], [ -115.732322300000021, 60.8508347 ], [ -115.732309500000014, 60.8508213 ], [ -115.732288100000019, 60.8508107 ], [ -115.73226240000001, 60.8508045 ], [ -115.732234, 60.8508026 ], [ -115.7322057, 60.8508051 ], [ -115.7321806, 60.8508119 ], [ -115.7321612, 60.850822299999983 ] ] ] } },
{ "type": "Feature", "properties": { "osm_id": 824375700, "building": "yes", "street": "102nd Avenue", "area": "Old Town Hay River", "flood_pixels": 14 }, "geometry": { "type": "Polygon", "coordinates": [ [ [ -115.731211799999983, 60.8514971 ], [ -115.7311712, 60.85143080000001 ], [ -115.7313448, 60.8514056 ], [ -115.7313854, 60.851472 ], [ -115.731211799999983, 60.8514971 ] ] ] } },
{ "type": "Feature", "properties": { "osm_id": 824375701, "building": "yes", "street": "100 Avenue", "area": "Old Town Hay River", "flood_pixels": 9 }, "geometry": { "type": "Polygon", "coordinates": [ [ [ -115.733208, 60.8502439 ], [ -115.7331505, 60.8501433 ], [ -115.7334504, 60.8501026 ], [ -115.7335079, 60.8502031 ], [ -115.733208, 60.8502439 ] ] ] } },
{ "type": "Feature", "properties": { "osm_id": 824375706, "building": "yes", "street": "Hay River Highway", "area": "Old Town Hay River", "flood_pixels": 38 }, "geometry": { "type": "Polygon", "coordinates": [ [ [ -115.7396399, 60.8488754 ], [ -115.7408586, 60.8487405 ], [ -115.7407314, 60.84846790000001 ], [ -115.73951270000002, 60.8486028 ], [ -115.7396399, 60.8488754 ] ] ] } },
{ "type": "Feature", "properties": { "osm_id": 824375714, "building": "yes", "street": "Hay River Highway", "area": "Old Town Hay River", "flood_pixels": 7 }, "geometry": { "type": "Polygon", "coordinates": [ [ [ -115.7421391, 60.8490308 ], [ -115.742016, 60.84879650000002 ], [ -115.742315600000012, 60.8487592 ], [ -115.7424055, 60.84893 ], [ -115.7424423, 60.848992899999985 ], [ -115.7421391, 60.8490308 ] ] ] } },
{ "type": "Feature", "properties": { "osm_id": 824375716, "building": "yes", "street": "Hay River Highway", "area": "Old Town Hay River", "flood_pixels": 11 }, "geometry": { "type": "Polygon", "coordinates": [ [ [ -115.741727800000021, 60.8491788 ], [ -115.741551, 60.8489615 ], [ -115.741706, 60.8489315 ], [ -115.7418828, 60.8491489 ], [ -115.741727800000021, 60.8491788 ] ] ] } },
{ "type": "Feature", "properties": { "osm_id": 824375717, "building": "yes", "street": "Hay River Highway", "area": "Old Town Hay River", "flood_pixels": 7 }, "geometry": { "type": "Polygon", "coordinates": [ [ [ -115.743210500000018, 60.8489446 ], [ -115.7434764, 60.8489153 ], [ -115.7434523, 60.848863299999984 ], [ -115.7431864, 60.848892600000013 ], [ -115.743210500000018, 60.8489446 ] ] ] } },
{ "type": "Feature", "properties": { "osm_id": 824375719, "building": "yes", "street": "106 Street", "area": "Old Town Hay River", "flood_pixels": 7 }, "geometry": { "type": "Polygon", "coordinates": [ [ [ -115.7446701, 60.849228800000013 ], [ -115.7443264, 60.8492659 ], [ -115.744179, 60.8489424 ], [ -115.7445228, 60.8489053 ], [ -115.744585300000011, 60.8490427 ], [ -115.744622899999982, 60.8491252 ], [ -115.7446701, 60.849228800000013 ] ] ] } },
{ "type": "Feature", "properties": { "osm_id": 824375720, "building": "yes", "street": "106 Street", "area": "Old Town Hay River", "flood_pixels": 6 }, "geometry": { "type": "Polygon", "coordinates": [ [ [ -115.744622899999982, 60.8491252 ], [ -115.7450022, 60.8490861 ], [ -115.744969800000021, 60.8490056 ], [ -115.744585300000011, 60.8490427 ], [ -115.744622899999982, 60.8491252 ] ] ] } },
{ "type": "Feature", "properties": { "osm_id": 824375721, "building": "yes", "street": "Hay River Highway", "area": "Old Town Hay River", "flood_pixels": 9 }, "geometry": { "type": "Polygon", "coordinates": [ [ [ -115.7448606, 60.848144499999982 ], [ -115.7446014, 60.848178 ], [ -115.7445486, 60.8480808 ], [ -115.744807699999981, 60.8480474 ], [ -115.7448606, 60.848144499999982 ] ] ] } },
{ "type": "Feature", "properties": { "osm_id": 824375722, "building": "yes", "street": "Hay River Highway", "area": "Old Town Hay River", "flood_pixels": 38 }, "geometry": { "type": "Polygon", "coordinates": [ [ [ -115.742915700000012, 60.8479077 ], [ -115.7424295, 60.8480253 ], [ -115.7425929, 60.8481857 ], [ -115.7427027, 60.8481591 ], [ -115.742620700000018, 60.848078500000014 ], [ -115.742772500000015, 60.8480419 ], [ -115.7429998, 60.8482654 ], [ -115.7422213, 60.8484532 ], [ -115.7421385, 60.8483718 ], [ -115.7422363, 60.8483482 ], [ -115.742052, 60.848167099999984 ], [ -115.742216900000017, 60.8481273 ], [ -115.7422956, 60.848204599999988 ], [ -115.7423368, 60.8481946 ], [ -115.74239630000001, 60.8482529 ], [ -115.7424373, 60.84824290000001 ], [ -115.7421724, 60.8479842 ], [ -115.7430917, 60.8477608 ], [ -115.7431775, 60.8478447 ], [ -115.7430658, 60.8478718 ], [ -115.743349, 60.8481486 ], [ -115.7431413, 60.848199 ], [ -115.7430553, 60.8481148 ], [ -115.7431127, 60.84810090000002 ], [ -115.742915700000012, 60.8479077 ] ] ] } },
{ "type": "Feature", "properties": { "osm_id": 824375723, "building": "yes", "street": "Hay River Highway", "area": "Old Town Hay River", "flood_pixels": 15 }, "geometry": { "type": "Polygon", "coordinates": [ [ [ -115.7436433, 60.8476609 ], [ -115.74358359999998, 60.8475282 ], [ -115.7437553, 60.847509900000013 ], [ -115.7438149, 60.8476426 ], [ -115.7436433, 60.8476609 ] ] ] } },
{ "type": "Feature", "properties": { "osm_id": 824375724, "building": "yes", "street": "Hay River Highway", "area": "Old Town Hay River", "flood_pixels": 17 }, "geometry": { "type": "Polygon", "coordinates": [ [ [ -115.7438578, 60.8479083 ], [ -115.7440691, 60.8478411 ], [ -115.7439948, 60.8477856 ], [ -115.743783399999984, 60.8478527 ], [ -115.7438578, 60.8479083 ] ] ] } },
{ "type": "Feature", "properties": { "osm_id": 824375729, "building": "yes", "street": "106 Street", "area": "Old Town Hay River", "flood_pixels": 16 }, "geometry": { "type": "Polygon", "coordinates": [ [ [ -115.7452072, 60.848112300000018 ], [ -115.74512630000001, 60.8479509 ], [ -115.7452793, 60.847932700000023 ], [ -115.7453602, 60.8480941 ], [ -115.7452072, 60.848112300000018 ] ] ] } },
{ "type": "Feature", "properties": { "osm_id": 824375731, "building": "yes", "street": "Hay River Highway", "area": "Old Town Hay River", "flood_pixels": 12 }, "geometry": { "type": "Polygon", "coordinates": [ [ [ -115.7469976, 60.8465237 ], [ -115.7469619, 60.8465245 ], [ -115.7469287, 60.8465311 ], [ -115.7469019, 60.8465426 ], [ -115.746884499999979, 60.8465579 ], [ -115.74687849999998, 60.84657510000001 ], [ -115.746884499999979, 60.8465923 ], [ -115.7469019, 60.8466075 ], [ -115.7469288, 60.846619 ], [ -115.7469597, 60.846625299999985 ], [ -115.7469931, 60.8466266 ], [ -115.7470256, 60.8466228 ], [ -115.7470541, 60.8466142 ], [ -115.7470757, 60.8466017 ], [ -115.747088199999979, 60.8465865 ], [ -115.747090299999982, 60.846570199999988 ], [ -115.7470811, 60.8465534 ], [ -115.747060800000014, 60.846539 ], [ -115.7470319, 60.8465287 ], [ -115.7469976, 60.8465237 ] ] ] } },
{ "type": "Feature", "properties": { "osm_id": 824375733, "building": "yes", "street": "Hay River Highway", "area": "Old Town Hay River", "flood_pixels": 8 }, "geometry": { "type": "Polygon", "coordinates": [ [ [ -115.74788820000002, 60.8463996 ], [ -115.74784360000001, 60.8464116 ], [ -115.747809100000012, 60.8464298 ], [ -115.7477882, 60.8464524 ], [ -115.747783, 60.8464771 ], [ -115.7477942, 60.8465013 ], [ -115.7478205, 60.846522499999985 ], [ -115.7478593, 60.8465386 ], [ -115.7479065, 60.846547799999989 ], [ -115.74796090000001, 60.8465491 ], [ -115.748013, 60.8465414 ], [ -115.7480567, 60.8465255 ], [ -115.7480867, 60.8465034 ], [ -115.7480996, 60.8464776 ], [ -115.7480939, 60.8464512 ], [ -115.7480702, 60.8464273 ], [ -115.7480342, 60.8464098 ], [ -115.7479887, 60.846398699999988 ], [ -115.747938300000015, 60.846395200000011 ], [ -115.74788820000002, 60.8463996 ] ] ] } },
{ "type": "Feature", "properties": { "osm_id": 824375737, "building": "yes", "street": "Hay River Highway", "area": "Old Town Hay River", "flood_pixels": 4 }, "geometry": { "type": "Polygon", "coordinates": [ [ [ -115.7488163, 60.846212800000011 ], [ -115.748867200000021, 60.8462307 ], [ -115.7489033, 60.8462557 ], [ -115.7489208, 60.8462851 ], [ -115.7489178, 60.8463157 ], [ -115.74889450000002, 60.8463441 ], [ -115.7488536, 60.8463673 ], [ -115.7487994, 60.8463828 ], [ -115.7487378, 60.8463888 ], [ -115.748675599999984, 60.846384799999989 ], [ -115.7486195, 60.8463712 ], [ -115.7485754, 60.846349399999987 ], [ -115.7485482, 60.846321899999971 ], [ -115.748540899999981, 60.8462915 ], [ -115.7485542, 60.8462616 ], [ -115.7485866, 60.8462355 ], [ -115.7486348, 60.846215800000024 ], [ -115.748693500000016, 60.8462049 ], [ -115.748756200000017, 60.8462038 ], [ -115.7488163, 60.846212800000011 ] ] ] } },
{ "type": "Feature", "properties": { "osm_id": 824375744, "building": "yes", "street": "Hay River Highway", "area": "Vale Island", "flood_pixels": 9 }, "geometry": { "type": "Polygon", "coordinates": [ [ [ -115.7533696, 60.8463618 ], [ -115.7535545, 60.8463431 ], [ -115.7534562, 60.846112 ], [ -115.7532712, 60.8461307 ], [ -115.7533696, 60.8463618 ] ] ] } },
{ "type": "Feature", "properties": { "osm_id": 824375748, "building": "yes", "street": "Hay River Highway", "area": "Vale Island", "flood_pixels": 3 }, "geometry": { "type": "Polygon", "coordinates": [ [ [ -115.7570953, 60.843406899999984 ], [ -115.75673519999998, 60.8433272 ], [ -115.75687360000002, 60.8431787 ], [ -115.7568996, 60.8431509 ], [ -115.757259800000014, 60.8432307 ], [ -115.7570953, 60.843406899999984 ] ] ] } },
{ "type": "Feature", "properties": { "osm_id": 825401342, "building": "yes", "street": "Airport Rd", "area": "Hay River (other areas)", "flood_pixels": 3 }, "geometry": { "type": "Polygon", "coordinates": [ [ [ -115.7790647, 60.8386162 ], [ -115.778845, 60.838669799999984 ], [ -115.778784, 60.8385925 ], [ -115.779003700000018, 60.838544900000016 ], [ -115.7790647, 60.8386162 ] ] ] } },
{ "type": "Feature", "properties": { "osm_id": 825401343, "building": "yes", "street": "Airport Rd", "area": "Hay River (other areas)", "flood_pixels": 4 }, "geometry": { "type": "Polygon", "coordinates": [ [ [ -115.7789236, 60.8384711 ], [ -115.7787164, 60.8385208 ], [ -115.778641400000012, 60.838446399999988 ], [ -115.778848600000018, 60.838396799999984 ], [ -115.7789236, 60.8384711 ] ] ] } },
{ "type": "Feature", "properties": { "osm_id": 825401345, "building": "yes", "street": "unnamed road", "area": "Hay River (other areas)", "flood_pixels": 4 }, "geometry": { "type": "Polygon", "coordinates": [ [ [ -115.778634299999979, 60.838214 ], [ -115.7784669, 60.8382592 ], [ -115.7783828, 60.8381852 ], [ -115.778550200000012, 60.83814 ], [ -115.778634299999979, 60.838214 ] ] ] } },
{ "type": "Feature", "properties": { "osm_id": 825401346, "building": "yes", "street": "unnamed road", "area": "Vale Island", "flood_pixels": 9 }, "geometry": { "type": "Polygon", "coordinates": [ [ [ -115.7693243, 60.8427554 ], [ -115.7689906, 60.8428298 ], [ -115.7687788, 60.8426044 ], [ -115.7691124, 60.84253 ], [ -115.7693243, 60.8427554 ] ] ] } },
{ "type": "Feature", "properties": { "osm_id": 825401347, "building": "yes", "street": "Buffalo Dr", "area": "Vale Island", "flood_pixels": 5 }, "geometry": { "type": "Polygon", "coordinates": [ [ [ -115.7674254, 60.8434718 ], [ -115.767344, 60.8435028 ], [ -115.7672622, 60.843534099999985 ], [ -115.767082099999982, 60.8434222 ], [ -115.767245299999985, 60.843359799999988 ], [ -115.7674254, 60.8434718 ] ] ] } },
{ "type": "Feature", "properties": { "osm_id": 826305169, "building": "yes", "street": "Saskatoon Drive", "area": "New Town Hay River", "flood_pixels": 4 }, "geometry": { "type": "Polygon", "coordinates": [ [ [ -115.783155, 60.821665899999985 ], [ -115.7830899, 60.8216193 ], [ -115.7831943, 60.821584599999987 ], [ -115.7831022, 60.8215187 ], [ -115.7833436, 60.8214386 ], [ -115.7835008, 60.8215511 ], [ -115.783155, 60.821665899999985 ] ] ] } },
{ "type": "Feature", "properties": { "osm_id": 826305171, "building": "yes", "street": "Wild Currant Court", "area": "New Town Hay River", "flood_pixels": 3 }, "geometry": { "type": "Polygon", "coordinates": [ [ [ -115.783043, 60.8212994 ], [ -115.7828216, 60.8212563 ], [ -115.782890699999982, 60.821172 ], [ -115.783112099999983, 60.8212151 ], [ -115.783043, 60.8212994 ] ] ] } },
{ "type": "Feature", "properties": { "osm_id": 826305174, "building": "yes", "street": "Wild Currant Court", "area": "New Town Hay River", "flood_pixels": 4 }, "geometry": { "type": "Polygon", "coordinates": [ [ [ -115.7833309, 60.8209101 ], [ -115.783507500000013, 60.8209053 ], [ -115.7834965, 60.820808099999979 ], [ -115.7833199, 60.8208128 ], [ -115.7833309, 60.8209101 ] ] ] } },
{ "type": "Feature", "properties": { "osm_id": 826305176, "building": "yes", "street": "Wild Currant Court", "area": "New Town Hay River", "flood_pixels": 7 }, "geometry": { "type": "Polygon", "coordinates": [ [ [ -115.7837617, 60.8211612 ], [ -115.7836679, 60.8211434 ], [ -115.7838291, 60.8209407 ], [ -115.783923, 60.8209585 ], [ -115.7837617, 60.8211612 ] ] ] } },
{ "type": "Feature", "properties": { "osm_id": 826305177, "building": "yes", "street": "Wild Currant Court", "area": "New Town Hay River", "flood_pixels": 6 }, "geometry": { "type": "Polygon", "coordinates": [ [ [ -115.7841223, 60.82106670000001 ], [ -115.7839594, 60.8210373 ], [ -115.7840534, 60.8209135 ], [ -115.78421640000002, 60.8209429 ], [ -115.7841223, 60.82106670000001 ] ] ] } },
{ "type": "Feature", "properties": { "osm_id": 827516843, "building": "yes", "street": "Riverview Drive", "area": "New Town Hay River", "flood_pixels": 7 }, "geometry": { "type": "Polygon", "coordinates": [ [ [ -115.7764933, 60.8223628 ], [ -115.776402500000017, 60.822412799999988 ], [ -115.776318, 60.8223764 ], [ -115.776297, 60.8223879 ], [ -115.7761115, 60.8223079 ], [ -115.776317400000011, 60.8221945 ], [ -115.776449, 60.822251299999984 ], [ -115.776355, 60.8223031 ], [ -115.7764933, 60.8223628 ] ] ] } },
{ "type": "Feature", "properties": { "osm_id": 827516844, "building": "yes", "street": "Woodland Drive", "area": "New Town Hay River", "flood_pixels": 5 }, "geometry": { "type": "Polygon", "coordinates": [ [ [ -115.7760725, 60.822105400000012 ], [ -115.7758949, 60.8222038 ], [ -115.7758003, 60.8221632 ], [ -115.7759779, 60.8220648 ], [ -115.7760725, 60.822105400000012 ] ] ] } },
{ "type": "Feature", "properties": { "osm_id": 827516845, "building": "yes", "street": "Woodland Drive", "area": "New Town Hay River", "flood_pixels": 6 }, "geometry": { "type": "Polygon", "coordinates": [ [ [ -115.7763308, 60.8221425 ], [ -115.7762527, 60.8221834 ], [ -115.776132, 60.8221286 ], [ -115.7762101, 60.8220877 ], [ -115.7763308, 60.8221425 ] ] ] } },
{ "type": "Feature", "properties": { "osm_id": 827516847, "building": "yes", "street": "Woodland Drive", "area": "New Town Hay River", "flood_pixels": 7 }, "geometry": { "type": "Polygon", "coordinates": [ [ [ -115.77622839999998, 60.822025300000021 ], [ -115.776100700000015, 60.8219735 ], [ -115.776285300000012, 60.8218654 ], [ -115.776413, 60.821917199999987 ], [ -115.77622839999998, 60.822025300000021 ] ] ] } },
{ "type": "Feature", "properties": { "osm_id": 827517462, "building": "yes", "street": "Hay River Highway", "area": "New Town Hay River", "flood_pixels": 37 }, "geometry": { "type": "Polygon", "coordinates": [ [ [ -115.7758525, 60.826475599999988 ], [ -115.776299499999979, 60.826530799999986 ], [ -115.776212699999988, 60.8266979 ], [ -115.7765876, 60.8267442 ], [ -115.7765403, 60.8268352 ], [ -115.7767925, 60.8268664 ], [ -115.7767622, 60.826924700000021 ], [ -115.776529100000019, 60.8268959 ], [ -115.776508899999982, 60.826934799999989 ], [ -115.77631479999998, 60.8269109 ], [ -115.776344099999989, 60.8268543 ], [ -115.7756972, 60.8267745 ], [ -115.7758525, 60.826475599999988 ] ] ] } },
{ "type": "Feature", "properties": { "osm_id": 827517463, "building": "yes", "street": "unnamed road", "area": "New Town Hay River", "flood_pixels": 19 }, "geometry": { "type": "Polygon", "coordinates": [ [ [ -115.7756089, 60.827253 ], [ -115.7753696, 60.8272282 ], [ -115.775444900000011, 60.827055799999989 ], [ -115.7756841, 60.8270806 ], [ -115.7756089, 60.827253 ] ] ] } },
{ "type": "Feature", "properties": { "osm_id": 827517464, "building": "yes", "street": "unnamed road", "area": "New Town Hay River", "flood_pixels": 3 }, "geometry": { "type": "Polygon", "coordinates": [ [ [ -115.7755875, 60.8267777 ], [ -115.7755264, 60.8268748 ], [ -115.7753752, 60.8268522 ], [ -115.775436299999981, 60.8267551 ], [ -115.7755875, 60.8267777 ] ] ] } },
{ "type": "Feature", "properties": { "osm_id": 827761207, "building": "yes", "street": "Sibbeston Road", "area": "New Town Hay River", "flood_pixels": 5 }, "geometry": { "type": "Polygon", "coordinates": [ [ [ -115.7791852, 60.8204691 ], [ -115.7792504, 60.820381099999985 ], [ -115.7789908, 60.8203354 ], [ -115.77892559999998, 60.8204233 ], [ -115.7791852, 60.8204691 ] ] ] } },
{ "type": "Feature", "properties": { "osm_id": 827761209, "building": "yes", "street": "Sibbeston Road", "area": "New Town Hay River", "flood_pixels": 3 }, "geometry": { "type": "Polygon", "coordinates": [ [ [ -115.778608300000016, 60.8203785 ], [ -115.7783796, 60.8203328 ], [ -115.7784842, 60.8202084 ], [ -115.7786764, 60.8202468 ], [ -115.7786211, 60.8203125 ], [ -115.778657599999988, 60.8203198 ], [ -115.778608300000016, 60.8203785 ] ] ] } },
{ "type": "Feature", "properties": { "osm_id": 827761210, "building": "yes", "street": "Woodland Drive", "area": "New Town Hay River", "flood_pixels": 5 }, "geometry": { "type": "Polygon", "coordinates": [ [ [ -115.7786641, 60.8202002 ], [ -115.77869920000002, 60.8201511 ], [ -115.77873, 60.8201564 ], [ -115.778781100000018, 60.8200851 ], [ -115.778581, 60.8200511 ], [ -115.7784948, 60.8201714 ], [ -115.7786641, 60.8202002 ] ] ] } },
{ "type": "Feature", "properties": { "osm_id": 827761212, "building": "yes", "street": "Robin Crescent", "area": "New Town Hay River", "flood_pixels": 7 }, "geometry": { "type": "Polygon", "coordinates": [ [ [ -115.7796023, 60.820179199999984 ], [ -115.7795182, 60.820167 ], [ -115.779498299999986, 60.8201995 ], [ -115.7793653, 60.820180199999989 ], [ -115.7793828, 60.8201517 ], [ -115.7793404, 60.8201455 ], [ -115.7793958, 60.820054800000015 ], [ -115.7796553, 60.8200925 ], [ -115.7796023, 60.820179199999984 ] ] ] } },
{ "type": "Feature", "properties": { "osm_id": 827761228, "building": "yes", "street": "Ptarmigan Cres", "area": "New Town Hay River", "flood_pixels": 10 }, "geometry": { "type": "Polygon", "coordinates": [ [ [ -115.780123, 60.8194456 ], [ -115.7801821, 60.819338 ], [ -115.7799476, 60.8193074 ], [ -115.7798885, 60.819415 ], [ -115.780123, 60.8194456 ] ] ] } },
{ "type": "Feature", "properties": { "osm_id": 827761229, "building": "yes", "street": "Ptarmigan Cres", "area": "New Town Hay River", "flood_pixels": 3 }, "geometry": { "type": "Polygon", "coordinates": [ [ [ -115.7805173, 60.8195611 ], [ -115.7805383, 60.8195212 ], [ -115.780356800000021, 60.8194984 ], [ -115.780335699999981, 60.8195384 ], [ -115.7805173, 60.8195611 ] ] ] } },
{ "type": "Feature", "properties": { "osm_id": 827761268, "building": "yes", "street": "Ptarmigan Cres", "area": "New Town Hay River", "flood_pixels": 6 }, "geometry": { "type": "Polygon", "coordinates": [ [ [ -115.780253900000019, 60.8191257 ], [ -115.780300299999979, 60.8190449 ], [ -115.780127100000016, 60.8190213 ], [ -115.7800808, 60.8191021 ], [ -115.780253900000019, 60.8191257 ] ] ] } },
{ "type": "Feature", "properties": { "osm_id": 827842699, "building": "yes", "street": "Woodland Drive", "area": "New Town Hay River", "flood_pixels": 8 }, "geometry": { "type": "Polygon", "coordinates": [ [ [ -115.7754654, 60.8218313 ], [ -115.7753837, 60.821875299999988 ], [ -115.7753161, 60.8218454 ], [ -115.775265499999989, 60.8218726 ], [ -115.7751528, 60.8218227 ], [ -115.775218400000014, 60.8217874 ], [ -115.7751435, 60.821754299999988 ], [ -115.775210200000018, 60.8217184 ], [ -115.7754654, 60.8218313 ] ] ] } },
{ "type": "Feature", "properties": { "osm_id": 827842700, "building": "yes", "street": "Riverview Drive", "area": "New Town Hay River", "flood_pixels": 5 }, "geometry": { "type": "Polygon", "coordinates": [ [ [ -115.77505739999998, 60.8217318 ], [ -115.775160400000019, 60.821683 ], [ -115.7750913, 60.8216484 ], [ -115.7749883, 60.821697299999983 ], [ -115.77505739999998, 60.8217318 ] ] ] } },
{ "type": "Feature", "properties": { "osm_id": 827842701, "building": "yes", "street": "Cameron Crescent", "area": "New Town Hay River", "flood_pixels": 15 }, "geometry": { "type": "Polygon", "coordinates": [ [ [ -115.7753212, 60.8216476 ], [ -115.775526, 60.8215372 ], [ -115.7753338, 60.8214524 ], [ -115.7752413, 60.8215023 ], [ -115.7752913, 60.8215244 ], [ -115.7752438, 60.82155 ], [ -115.775219, 60.8215391 ], [ -115.7751543, 60.821574 ], [ -115.7753212, 60.8216476 ] ] ] } },
{ "type": "Feature", "properties": { "osm_id": 827842702, "building": "yes", "street": "Cameron Crescent", "area": "New Town Hay River", "flood_pixels": 9 }, "geometry": { "type": "Polygon", "coordinates": [ [ [ -115.775178, 60.8213997 ], [ -115.774992400000016, 60.82143150000001 ], [ -115.7749405, 60.8213593 ], [ -115.7749875, 60.8213513 ], [ -115.774958, 60.8213102 ], [ -115.775096500000018, 60.8212865 ], [ -115.775178, 60.8213997 ] ] ] } },
{ "type": "Feature", "properties": { "osm_id": 827842703, "building": "yes", "street": "Cameron Crescent", "area": "New Town Hay River", "flood_pixels": 8 }, "geometry": { "type": "Polygon", "coordinates": [ [ [ -115.7751015, 60.8211943 ], [ -115.77524360000001, 60.821077 ], [ -115.7750708, 60.8210272 ], [ -115.7749287, 60.8211446 ], [ -115.7751015, 60.8211943 ] ] ] } },
{ "type": "Feature", "properties": { "osm_id": 827842704, "building": "yes", "street": "Cameron Crescent", "area": "New Town Hay River", "flood_pixels": 3 }, "geometry": { "type": "Polygon", "coordinates": [ [ [ -115.775172, 60.8209856 ], [ -115.775307200000015, 60.8210466 ], [ -115.7754811, 60.8209551 ], [ -115.7753408, 60.8208918 ], [ -115.7752946, 60.8209162 ], [ -115.775271500000017, 60.820905799999984 ], [ -115.7752248, 60.820930399999988 ], [ -115.775252800000018, 60.820943 ], [ -115.775172, 60.8209856 ] ] ] } },
{ "type": "Feature", "properties": { "osm_id": 827842705, "building": "yes", "street": "Cameron Crescent", "area": "New Town Hay River", "flood_pixels": 3 }, "geometry": { "type": "Polygon", "coordinates": [ [ [ -115.775228, 60.8208505 ], [ -115.775287100000014, 60.8208126 ], [ -115.7753764, 60.8208457 ], [ -115.7753173, 60.8208836 ], [ -115.775228, 60.8208505 ] ] ] } },
{ "type": "Feature", "properties": { "osm_id": 827842717, "building": "yes", "street": "Malcolm Crescent", "area": "New Town Hay River", "flood_pixels": 5 }, "geometry": { "type": "Polygon", "coordinates": [ [ [ -115.7772062, 60.8204519 ], [ -115.777304700000016, 60.8203648 ], [ -115.7771016, 60.8203102 ], [ -115.7770195, 60.8203828 ], [ -115.7771567, 60.8204196 ], [ -115.777140300000013, 60.8204342 ], [ -115.7772062, 60.8204519 ] ] ] } },
{ "type": "Feature", "properties": { "osm_id": 831551624, "building": "yes", "street": "Reserve Highway", "area": "Hay River (other areas)", "flood_pixels": 7 }, "geometry": { "type": "Polygon", "coordinates": [ [ [ -115.762169700000015, 60.832877699999969 ], [ -115.7618768, 60.8329045 ], [ -115.761846600000013, 60.832826199999971 ], [ -115.7617693, 60.832833299999983 ], [ -115.76170110000001, 60.8326569 ], [ -115.7621797, 60.832613 ], [ -115.7622421, 60.8327745 ], [ -115.7621337, 60.8327845 ], [ -115.762169700000015, 60.832877699999969 ] ] ] } },
{ "type": "Feature", "properties": { "osm_id": 831551670, "building": "yes", "street": "Wolf Dr", "area": "Hay River (other areas)", "flood_pixels": 8 }, "geometry": { "type": "Polygon", "coordinates": [ [ [ -115.7572108, 60.8371216 ], [ -115.757276300000015, 60.8370318 ], [ -115.757058, 60.8369939 ], [ -115.7569998, 60.837083800000023 ], [ -115.7572108, 60.8371216 ] ] ] } },
{ "type": "Feature", "properties": { "osm_id": 831551688, "building": "yes", "street": "Wolf Dr", "area": "Hay River (other areas)", "flood_pixels": 7 }, "geometry": { "type": "Polygon", "coordinates": [ [ [ -115.7590717, 60.8374289 ], [ -115.7588455, 60.8373703 ], [ -115.7589322, 60.8372908 ], [ -115.7591584, 60.8373495 ], [ -115.7590717, 60.8374289 ] ] ] } },
{ "type": "Feature", "properties": { "osm_id": 831551689, "building": "yes", "street": "Wolf Dr", "area": "Hay River (other areas)", "flood_pixels": 5 }, "geometry": { "type": "Polygon", "coordinates": [ [ [ -115.759607800000012, 60.837595899999982 ], [ -115.7597397, 60.8376077 ], [ -115.7597764, 60.8375112 ], [ -115.759644400000013, 60.8374994 ], [ -115.759607800000012, 60.837595899999982 ] ] ] } },
{ "type": "Feature", "properties": { "osm_id": 831551742, "building": "yes", "street": "Hay River Highway", "area": "Hay River (other areas)", "flood_pixels": 17 }, "geometry": { "type": "Polygon", "coordinates": [ [ [ -115.7775005, 60.8306436 ], [ -115.7773505, 60.830656399999988 ], [ -115.777307, 60.8305359 ], [ -115.7775176, 60.8305178 ], [ -115.7775433, 60.8305891 ], [ -115.7774827, 60.8305943 ], [ -115.7775005, 60.8306436 ] ] ] } },
{ "type": "Feature", "properties": { "osm_id": 831551743, "building": "yes", "street": "Hay River Highway", "area": "Hay River (other areas)", "flood_pixels": 16 }, "geometry": { "type": "Polygon", "coordinates": [ [ [ -115.7771225, 60.830189299999986 ], [ -115.777009, 60.830000499999983 ], [ -115.777187700000013, 60.829975 ], [ -115.777301200000011, 60.8301638 ], [ -115.7771225, 60.830189299999986 ] ] ] } },
{ "type": "Feature", "properties": { "osm_id": 831551744, "building": "yes", "street": "Hay River Highway", "area": "Hay River (other areas)", "flood_pixels": 15 }, "geometry": { "type": "Polygon", "coordinates": [ [ [ -115.7771798, 60.8298646 ], [ -115.77714730000001, 60.8298018 ], [ -115.777100100000013, 60.8298077 ], [ -115.777036899999985, 60.829686 ], [ -115.7772344, 60.8296617 ], [ -115.7773302, 60.829846 ], [ -115.7771798, 60.8298646 ] ] ] } },
{ "type": "Feature", "properties": { "osm_id": 831551745, "building": "yes", "street": "Hay River Highway", "area": "Hay River (other areas)", "flood_pixels": 14 }, "geometry": { "type": "Polygon", "coordinates": [ [ [ -115.7766602, 60.8295456 ], [ -115.776609500000021, 60.829432699999984 ], [ -115.776822699999983, 60.82941 ], [ -115.776861, 60.8294953 ], [ -115.776823899999982, 60.8294993 ], [ -115.7768362, 60.829526799999989 ], [ -115.7766602, 60.8295456 ] ] ] } },
{ "type": "Feature", "properties": { "osm_id": 831551746, "building": "yes", "street": "Hay River Highway", "area": "Hay River (other areas)", "flood_pixels": 15 }, "geometry": { "type": "Polygon", "coordinates": [ [ [ -115.7765188, 60.829192499999984 ], [ -115.7764441, 60.8290235 ], [ -115.7766007, 60.8290071 ], [ -115.7766753, 60.829176 ], [ -115.7765188, 60.829192499999984 ] ] ] } },
{ "type": "Feature", "properties": { "osm_id": 831551747, "building": "yes", "street": "Hay River Highway", "area": "Hay River (other areas)", "flood_pixels": 15 }, "geometry": { "type": "Polygon", "coordinates": [ [ [ -115.7770268, 60.829108 ], [ -115.7770199, 60.829023699999986 ], [ -115.7772268, 60.8290197 ], [ -115.777233700000011, 60.829104 ], [ -115.7770268, 60.829108 ] ] ] } },
{ "type": "Feature", "properties": { "osm_id": 831551748, "building": "yes", "street": "Hay River Highway", "area": "Hay River (other areas)", "flood_pixels": 14 }, "geometry": { "type": "Polygon", "coordinates": [ [ [ -115.7771285, 60.828538099999989 ], [ -115.7767747, 60.8285514 ], [ -115.7767555, 60.8284645 ], [ -115.777114800000021, 60.8284498 ], [ -115.7771285, 60.828538099999989 ] ] ] } },
{ "type": "Feature", "properties": { "osm_id": 831551749, "building": "yes", "street": "Hay River Highway", "area": "Hay River (other areas)", "flood_pixels": 9 }, "geometry": { "type": "Polygon", "coordinates": [ [ [ -115.776431, 60.8287693 ], [ -115.7761841, 60.8287777 ], [ -115.776178499999986, 60.828738900000012 ], [ -115.7762469, 60.8287366 ], [ -115.7762377, 60.8286721 ], [ -115.7765168, 60.8286626 ], [ -115.7765261, 60.8287273 ], [ -115.7764255, 60.8287307 ], [ -115.776431, 60.8287693 ] ] ] } },
{ "type": "Feature", "properties": { "osm_id": 831551750, "building": "yes", "street": "Hay River Highway", "area": "Hay River (other areas)", "flood_pixels": 18 }, "geometry": { "type": "Polygon", "coordinates": [ [ [ -115.776452400000011, 60.828557599999989 ], [ -115.776191, 60.8285605 ], [ -115.7761889, 60.8285175 ], [ -115.776121800000013, 60.8285182 ], [ -115.776118400000016, 60.8284479 ], [ -115.776447, 60.828444199999986 ], [ -115.776452400000011, 60.828557599999989 ] ] ] } },
{ "type": "Feature", "properties": { "osm_id": 831551759, "building": "yes", "street": "Caribou Crescent", "area": "New Town Hay River", "flood_pixels": 10 }, "geometry": { "type": "Polygon", "coordinates": [ [ [ -115.777136199999987, 60.813589299999983 ], [ -115.777282, 60.8136586 ], [ -115.777155600000015, 60.81372180000001 ], [ -115.776977799999983, 60.813637300000018 ], [ -115.7770346, 60.8136089 ], [ -115.77707820000002, 60.8136184 ], [ -115.777136199999987, 60.813589299999983 ] ] ] } },
{ "type": "Feature", "properties": { "osm_id": 831551764, "building": "yes", "street": "Riverview Drive", "area": "New Town Hay River", "flood_pixels": 5 }, "geometry": { "type": "Polygon", "coordinates": [ [ [ -115.777739299999979, 60.8133614 ], [ -115.7776048, 60.8132874 ], [ -115.7777317, 60.813232500000019 ], [ -115.7778662, 60.8133065 ], [ -115.777739299999979, 60.8133614 ] ] ] } },
{ "type": "Feature", "properties": { "osm_id": 831551768, "building": "yes", "street": "Riverview Drive", "area": "New Town Hay River", "flood_pixels": 3 }, "geometry": { "type": "Polygon", "coordinates": [ [ [ -115.776620100000017, 60.8139443 ], [ -115.776478, 60.8140208 ], [ -115.776350099999988, 60.8139643 ], [ -115.776492300000015, 60.813887799999989 ], [ -115.776620100000017, 60.8139443 ] ] ] } },
{ "type": "Feature", "properties": { "osm_id": 831551769, "building": "yes", "street": "Riverview Drive", "area": "New Town Hay River", "flood_pixels": 6 }, "geometry": { "type": "Polygon", "coordinates": [ [ [ -115.7767081, 60.813860600000019 ], [ -115.7769977, 60.8140156 ], [ -115.777089300000014, 60.8139749 ], [ -115.7767996, 60.8138199 ], [ -115.7767081, 60.813860600000019 ] ] ] } },
{ "type": "Feature", "properties": { "osm_id": 831551780, "building": "yes", "street": "Riverview Drive", "area": "New Town Hay River", "flood_pixels": 6 }, "geometry": { "type": "Polygon", "coordinates": [ [ [ -115.775175800000014, 60.815580099999984 ], [ -115.7750076, 60.815574 ], [ -115.7750229, 60.81547350000001 ], [ -115.775191199999981, 60.8154796 ], [ -115.775175800000014, 60.815580099999984 ] ] ] } },
{ "type": "Feature", "properties": { "osm_id": 831551781, "building": "yes", "street": "Riverview Drive", "area": "New Town Hay River", "flood_pixels": 11 }, "geometry": { "type": "Polygon", "coordinates": [ [ [ -115.7749825, 60.815711 ], [ -115.7749932, 60.8155986 ], [ -115.7751527, 60.8156022 ], [ -115.775142, 60.8157146 ], [ -115.7749825, 60.815711 ] ] ] } },
{ "type": "Feature", "properties": { "osm_id": 831551783, "building": "yes", "street": "Riverview Drive", "area": "New Town Hay River", "flood_pixels": 4 }, "geometry": { "type": "Polygon", "coordinates": [ [ [ -115.7748591, 60.8160864 ], [ -115.7748786, 60.815993699999986 ], [ -115.7750389, 60.8160017 ], [ -115.775019500000013, 60.8160944 ], [ -115.7748591, 60.8160864 ] ] ] } },
{ "type": "Feature", "properties": { "osm_id": 831551784, "building": "yes", "street": "Riverview Drive", "area": "New Town Hay River", "flood_pixels": 9 }, "geometry": { "type": "Polygon", "coordinates": [ [ [ -115.7750874, 60.8161656 ], [ -115.775257400000015, 60.8161788 ], [ -115.775286, 60.8160918 ], [ -115.775116, 60.81607850000001 ], [ -115.7750874, 60.8161656 ] ] ] } },
{ "type": "Feature", "properties": { "osm_id": 831551785, "building": "yes", "street": "Gaetz Drive", "area": "New Town Hay River", "flood_pixels": 5 }, "geometry": { "type": "Polygon", "coordinates": [ [ [ -115.774667599999987, 60.8164736 ], [ -115.7749155, 60.816501 ], [ -115.7749772, 60.816368099999984 ], [ -115.774729300000018, 60.816340699999984 ], [ -115.774667599999987, 60.8164736 ] ] ] } },
{ "type": "Feature", "properties": { "osm_id": 831551787, "building": "yes", "street": "Gaetz Drive", "area": "New Town Hay River", "flood_pixels": 7 }, "geometry": { "type": "Polygon", "coordinates": [ [ [ -115.7759, 60.8165892 ], [ -115.7760468, 60.8166008 ], [ -115.7760656, 60.816544 ], [ -115.7761437, 60.8165502 ], [ -115.7761783, 60.8164459 ], [ -115.77595340000002, 60.8164282 ], [ -115.7759, 60.8165892 ] ] ] } },
{ "type": "Feature", "properties": { "osm_id": 831551788, "building": "yes", "street": "Gaetz Drive", "area": "New Town Hay River", "flood_pixels": 10 }, "geometry": { "type": "Polygon", "coordinates": [ [ [ -115.7764385, 60.816607 ], [ -115.7763199, 60.8165915 ], [ -115.7762989, 60.8166295 ], [ -115.7761396, 60.8166086 ], [ -115.7762026, 60.8164944 ], [ -115.7764679, 60.8165272 ], [ -115.7764385, 60.816607 ] ] ] } },
{ "type": "Feature", "properties": { "osm_id": 831551789, "building": "yes", "street": "Gaetz Drive", "area": "New Town Hay River", "flood_pixels": 5 }, "geometry": { "type": "Polygon", "coordinates": [ [ [ -115.7746198, 60.8167165 ], [ -115.77460880000001, 60.816840199999987 ], [ -115.774771699999988, 60.8168436 ], [ -115.774782700000017, 60.8167199 ], [ -115.7746198, 60.8167165 ] ] ] } },
{ "type": "Feature", "properties": { "osm_id": 831551791, "building": "yes", "street": "Riverview Drive", "area": "New Town Hay River", "flood_pixels": 17 }, "geometry": { "type": "Polygon", "coordinates": [ [ [ -115.7747508, 60.8170567 ], [ -115.7747666, 60.816902499999983 ], [ -115.7745818, 60.816898 ], [ -115.774571800000018, 60.8169954 ], [ -115.7746281, 60.8169967 ], [ -115.7746223, 60.817053599999987 ], [ -115.7747508, 60.8170567 ] ] ] } },
{ "type": "Feature", "properties": { "osm_id": 831551792, "building": "yes", "street": "Gaetz Drive", "area": "New Town Hay River", "flood_pixels": 8 }, "geometry": { "type": "Polygon", "coordinates": [ [ [ -115.7751019, 60.8168644 ], [ -115.7751234, 60.8167837 ], [ -115.775311, 60.8167956 ], [ -115.775289599999979, 60.8168763 ], [ -115.7751019, 60.8168644 ] ] ] } },
{ "type": "Feature", "properties": { "osm_id": 831551793, "building": "yes", "street": "Gaetz Drive", "area": "New Town Hay River", "flood_pixels": 5 }, "geometry": { "type": "Polygon", "coordinates": [ [ [ -115.7751896, 60.8164612 ], [ -115.7750059, 60.8164433 ], [ -115.7750378, 60.816365400000016 ], [ -115.7752215, 60.8163833 ], [ -115.7751896, 60.8164612 ] ] ] } },
{ "type": "Feature", "properties": { "osm_id": 831551794, "building": "yes", "street": "Gaetz Drive", "area": "New Town Hay River", "flood_pixels": 15 }, "geometry": { "type": "Polygon", "coordinates": [ [ [ -115.7752017, 60.8165038 ], [ -115.775407, 60.816519899999989 ], [ -115.7754295, 60.8164519 ], [ -115.7753532, 60.8164459 ], [ -115.7753765, 60.8163755 ], [ -115.7752474, 60.8163653 ], [ -115.7752017, 60.8165038 ] ] ] } },
{ "type": "Feature", "properties": { "osm_id": 831551795, "building": "yes", "street": "Gaetz Drive", "area": "New Town Hay River", "flood_pixels": 3 }, "geometry": { "type": "Polygon", "coordinates": [ [ [ -115.775465699999984, 60.8169564 ], [ -115.7755045, 60.8168346 ], [ -115.775653, 60.8168459 ], [ -115.775614100000013, 60.816967700000014 ], [ -115.775465699999984, 60.8169564 ] ] ] } },
{ "type": "Feature", "properties": { "osm_id": 831551796, "building": "yes", "street": "Gaetz Drive", "area": "New Town Hay River", "flood_pixels": 3 }, "geometry": { "type": "Polygon", "coordinates": [ [ [ -115.775821400000012, 60.8169942 ], [ -115.7758405, 60.8169391 ], [ -115.7757088, 60.8169282 ], [ -115.7757329, 60.8168586 ], [ -115.775926400000017, 60.8168745 ], [ -115.7758831, 60.8169993 ], [ -115.775821400000012, 60.8169942 ] ] ] } },
{ "type": "Feature", "properties": { "osm_id": 831551797, "building": "yes", "street": "Gaetz Drive", "area": "New Town Hay River", "flood_pixels": 3 }, "geometry": { "type": "Polygon", "coordinates": [ [ [ -115.7759601, 60.8169068 ], [ -115.7759449, 60.8169575 ], [ -115.776013100000014, 60.8169624 ], [ -115.77599960000002, 60.81700750000001 ], [ -115.776145500000013, 60.817017899999989 ], [ -115.7761794, 60.8169046 ], [ -115.776079100000018, 60.816897499999982 ], [ -115.7760739, 60.816914899999986 ], [ -115.7759601, 60.8169068 ] ] ] } },
{ "type": "Feature", "properties": { "osm_id": 831551799, "building": "yes", "street": "Riverview Drive", "area": "New Town Hay River", "flood_pixels": 3 }, "geometry": { "type": "Polygon", "coordinates": [ [ [ -115.774555300000017, 60.8174749 ], [ -115.774516399999982, 60.817598700000012 ], [ -115.7743643, 60.8175873 ], [ -115.7744032, 60.817463599999989 ], [ -115.774555300000017, 60.8174749 ] ] ] } },
{ "type": "Feature", "properties": { "osm_id": 831551803, "building": "yes", "street": "Beaver Crescent", "area": "New Town Hay River", "flood_pixels": 3 }, "geometry": { "type": "Polygon", "coordinates": [ [ [ -115.7751078, 60.817814 ], [ -115.7748458, 60.8177897 ], [ -115.774892599999987, 60.8176693 ], [ -115.775154599999979, 60.817693599999984 ], [ -115.7751078, 60.817814 ] ] ] } },
{ "type": "Feature", "properties": { "osm_id": 834306972, "building": "yes", "street": "Riverview Drive", "area": "New Town Hay River", "flood_pixels": 6 }, "geometry": { "type": "Polygon", "coordinates": [ [ [ -115.774063, 60.81911 ], [ -115.7740673, 60.8190535 ], [ -115.774122100000014, 60.819054499999986 ], [ -115.774126699999982, 60.818994099999983 ], [ -115.773918099999989, 60.8189903 ], [ -115.773909100000012, 60.819107199999983 ], [ -115.774063, 60.81911 ] ] ] } },
{ "type": "Feature", "properties": { "osm_id": 834306973, "building": "yes", "street": "Beaver Crescent", "area": "New Town Hay River", "flood_pixels": 6 }, "geometry": { "type": "Polygon", "coordinates": [ [ [ -115.7739367, 60.8189313 ], [ -115.7740859, 60.81893680000001 ], [ -115.7740897, 60.818912 ], [ -115.7741733, 60.8189151 ], [ -115.774187500000011, 60.81882370000001 ], [ -115.7739547, 60.8188151 ], [ -115.7739367, 60.8189313 ] ] ] } },
{ "type": "Feature", "properties": { "osm_id": 834306974, "building": "yes", "street": "Beaver Crescent", "area": "New Town Hay River", "flood_pixels": 11 }, "geometry": { "type": "Polygon", "coordinates": [ [ [ -115.77427950000002, 60.8189135 ], [ -115.7744255, 60.818926099999985 ], [ -115.7744499, 60.8188591 ], [ -115.7743039, 60.8188465 ], [ -115.77427950000002, 60.8189135 ] ] ] } },
{ "type": "Feature", "properties": { "osm_id": 834306975, "building": "yes", "street": "Beaver Crescent", "area": "New Town Hay River", "flood_pixels": 5 }, "geometry": { "type": "Polygon", "coordinates": [ [ [ -115.775108300000014, 60.8189718 ], [ -115.775192600000011, 60.8190447 ], [ -115.775411300000016, 60.818984599999986 ], [ -115.775327, 60.8189117 ], [ -115.775108300000014, 60.8189718 ] ] ] } },
{ "type": "Feature", "properties": { "osm_id": 834306979, "building": "yes", "street": "Beaver Crescent", "area": "New Town Hay River", "flood_pixels": 5 }, "geometry": { "type": "Polygon", "coordinates": [ [ [ -115.7746584, 60.81868450000001 ], [ -115.7747007, 60.818550899999984 ], [ -115.774667599999987, 60.8185484 ], [ -115.7746923, 60.8184703 ], [ -115.774912, 60.8184868 ], [ -115.7748873, 60.8185647 ], [ -115.7748636, 60.8185629 ], [ -115.7748213, 60.818696700000018 ], [ -115.7746584, 60.81868450000001 ] ] ] } },
{ "type": "Feature", "properties": { "osm_id": 834306981, "building": "yes", "street": "Beaver Crescent", "area": "New Town Hay River", "flood_pixels": 4 }, "geometry": { "type": "Polygon", "coordinates": [ [ [ -115.77505840000002, 60.8183831 ], [ -115.774898, 60.818372 ], [ -115.7749351, 60.8182444 ], [ -115.7750955, 60.8182555 ], [ -115.77505840000002, 60.8183831 ] ] ] } },
{ "type": "Feature", "properties": { "osm_id": 834306984, "building": "yes", "street": "Riverview Drive", "area": "New Town Hay River", "flood_pixels": 8 }, "geometry": { "type": "Polygon", "coordinates": [ [ [ -115.77437230000001, 60.8182464 ], [ -115.774407100000019, 60.8181648 ], [ -115.7742104, 60.8181449 ], [ -115.7741756, 60.8182264 ], [ -115.77437230000001, 60.8182464 ] ] ] } },
{ "type": "Feature", "properties": { "osm_id": 834306985, "building": "yes", "street": "Beaver Crescent", "area": "New Town Hay River", "flood_pixels": 12 }, "geometry": { "type": "Polygon", "coordinates": [ [ [ -115.774479700000015, 60.8186293 ], [ -115.7744987, 60.8185652 ], [ -115.7745507, 60.8185689 ], [ -115.774558900000017, 60.8185412 ], [ -115.774417900000017, 60.8185313 ], [ -115.774390699999984, 60.818623 ], [ -115.774479700000015, 60.8186293 ] ] ] } },
{ "type": "Feature", "properties": { "osm_id": 834306986, "building": "yes", "street": "Beaver Crescent", "area": "New Town Hay River", "flood_pixels": 6 }, "geometry": { "type": "Polygon", "coordinates": [ [ [ -115.774691500000017, 60.8181013 ], [ -115.7745986, 60.818093300000015 ], [ -115.774628800000016, 60.8180105 ], [ -115.7747217, 60.8180186 ], [ -115.774691500000017, 60.8181013 ] ] ] } },
{ "type": "Feature", "properties": { "osm_id": 834306987, "building": "yes", "street": "Beaver Crescent", "area": "New Town Hay River", "flood_pixels": 11 }, "geometry": { "type": "Polygon", "coordinates": [ [ [ -115.7748462, 60.8181746 ], [ -115.775225, 60.8181873 ], [ -115.7752375, 60.818099099999984 ], [ -115.774858600000016, 60.8180864 ], [ -115.7748462, 60.8181746 ] ] ] } },
{ "type": "Feature", "properties": { "osm_id": 834306988, "building": "yes", "street": "Beaver Crescent", "area": "New Town Hay River", "flood_pixels": 9 }, "geometry": { "type": "Polygon", "coordinates": [ [ [ -115.7746392, 60.8177965 ], [ -115.7747051, 60.8176607 ], [ -115.774617, 60.8176505 ], [ -115.7745511, 60.8177863 ], [ -115.7746392, 60.8177965 ] ] ] } },
{ "type": "Feature", "properties": { "osm_id": 834306990, "building": "yes", "street": "Riverview Drive", "area": "New Town Hay River", "flood_pixels": 9 }, "geometry": { "type": "Polygon", "coordinates": [ [ [ -115.7747737, 60.8175392 ], [ -115.7747989, 60.817457400000023 ], [ -115.7746508, 60.8174466 ], [ -115.7746256, 60.8175284 ], [ -115.7747737, 60.8175392 ] ] ] } },
{ "type": "Feature", "properties": { "osm_id": 834306991, "building": "yes", "street": "Riverview Drive", "area": "New Town Hay River", "flood_pixels": 9 }, "geometry": { "type": "Polygon", "coordinates": [ [ [ -115.774099699999979, 60.8195121 ], [ -115.773863800000015, 60.819506300000022 ], [ -115.7738768, 60.8193789 ], [ -115.7739614, 60.819381 ], [ -115.7739578, 60.8194166 ], [ -115.7741091, 60.819420300000012 ], [ -115.774099699999979, 60.8195121 ] ] ] } },
{ "type": "Feature", "properties": { "osm_id": 834306993, "building": "yes", "street": "Riverview Drive", "area": "New Town Hay River", "flood_pixels": 12 }, "geometry": { "type": "Polygon", "coordinates": [ [ [ -115.773863800000015, 60.8197289 ], [ -115.7740328, 60.8197325 ], [ -115.7740436, 60.819610499999982 ], [ -115.773874699999979, 60.819607 ], [ -115.773863800000015, 60.8197289 ] ] ] } },
{ "type": "Feature", "properties": { "osm_id": 834306994, "building": "yes", "street": "Riverview Drive", "area": "New Town Hay River", "flood_pixels": 5 }, "geometry": { "type": "Polygon", "coordinates": [ [ [ -115.773882, 60.8199262 ], [ -115.7738855, 60.8200477 ], [ -115.7740677, 60.820046399999988 ], [ -115.774064200000012, 60.819924899999982 ], [ -115.773882, 60.8199262 ] ] ] } },
{ "type": "Feature", "properties": { "osm_id": 834306995, "building": "yes", "street": "Riverview Drive", "area": "New Town Hay River", "flood_pixels": 20 }, "geometry": { "type": "Polygon", "coordinates": [ [ [ -115.7739083, 60.8202083 ], [ -115.7738991, 60.8201195 ], [ -115.7742608, 60.8201107 ], [ -115.7742699, 60.8201995 ], [ -115.7739083, 60.8202083 ] ] ] } },
{ "type": "Feature", "properties": { "osm_id": 876108346, "building": "yes", "street": "Miron Drive", "area": "Hay River (other areas)", "flood_pixels": 17 }, "geometry": { "type": "Polygon", "coordinates": [ [ [ -115.8213296, 60.7900037 ], [ -115.8211555, 60.7902506 ], [ -115.820917, 60.7902105 ], [ -115.821091, 60.7899637 ], [ -115.8213296, 60.7900037 ] ] ] } },
{ "type": "Feature", "properties": { "osm_id": 876189564, "building": "yes", "street": "unnamed road", "area": "New Town Hay River", "flood_pixels": 3 }, "geometry": { "type": "Polygon", "coordinates": [ [ [ -115.7753265, 60.826830799999989 ], [ -115.775381600000017, 60.8267615 ], [ -115.774976599999988, 60.826685 ], [ -115.7749215, 60.8267543 ], [ -115.7753265, 60.826830799999989 ] ] ] } },
{ "type": "Feature", "properties": { "osm_id": 876206655, "building": "yes", "street": "Capital Drive", "area": "New Town Hay River", "flood_pixels": 29 }, "geometry": { "type": "Polygon", "coordinates": [ [ [ -115.7866184, 60.8089146 ], [ -115.7865121, 60.8090307 ], [ -115.786048099999988, 60.8089298 ], [ -115.78594630000002, 60.809041 ], [ -115.7856734, 60.808981599999989 ], [ -115.7858814, 60.808754199999989 ], [ -115.7866184, 60.8089146 ] ] ] } },
{ "type": "Feature", "properties": { "osm_id": 876214444, "building": "yes", "street": "Capital Drive", "area": "New Town Hay River", "flood_pixels": 36 }, "geometry": { "type": "Polygon", "coordinates": [ [ [ -115.7863954, 60.8084118 ], [ -115.7860735, 60.8083437 ], [ -115.785979600000019, 60.808362 ], [ -115.785789200000011, 60.808591 ], [ -115.7858241, 60.8086459 ], [ -115.7861567, 60.808716599999983 ], [ -115.7862318, 60.8086237 ], [ -115.7861406, 60.8086067 ], [ -115.786242500000014, 60.80847450000001 ], [ -115.7863203, 60.8084929 ], [ -115.7863954, 60.8084118 ] ] ] } },
{ "type": "Feature", "properties": { "osm_id": 876214445, "building": "yes", "street": "Capital Drive", "area": "New Town Hay River", "flood_pixels": 42 }, "geometry": { "type": "Polygon", "coordinates": [ [ [ -115.7858442, 60.8096434 ], [ -115.785877699999986, 60.8097075 ], [ -115.7857624, 60.80984620000001 ], [ -115.7856323, 60.8098658 ], [ -115.7854995, 60.8098252 ], [ -115.7854968, 60.8098056 ], [ -115.784989900000014, 60.8096715 ], [ -115.785173599999979, 60.8094524 ], [ -115.7858442, 60.8096434 ] ] ] } },
{ "type": "Feature", "properties": { "osm_id": 876214463, "building": "yes", "street": "Ash Road", "area": "New Town Hay River", "flood_pixels": 5 }, "geometry": { "type": "Polygon", "coordinates": [ [ [ -115.792250100000018, 60.8165894 ], [ -115.792393200000021, 60.8164193 ], [ -115.792210800000021, 60.8163828 ], [ -115.7921796, 60.8164199 ], [ -115.7920826, 60.816400499999986 ], [ -115.7920478, 60.816442 ], [ -115.792139799999987, 60.816460399999983 ], [ -115.7920628, 60.816551899999986 ], [ -115.792250100000018, 60.8165894 ] ] ] } },
{ "type": "Feature", "properties": { "osm_id": 876365696, "building": "yes", "street": "Hay River Highway", "area": "Hay River (other areas)", "flood_pixels": 15 }, "geometry": { "type": "Polygon", "coordinates": [ [ [ -115.772190899999984, 60.8385142 ], [ -115.772111399999986, 60.8384302 ], [ -115.7717956, 60.8385013 ], [ -115.7718751, 60.8385852 ], [ -115.772190899999984, 60.8385142 ] ] ] } },
{ "type": "Feature", "properties": { "osm_id": 876365700, "building": "yes", "street": "unnamed road", "area": "Hay River (other areas)", "flood_pixels": 13 }, "geometry": { "type": "Polygon", "coordinates": [ [ [ -115.756746799999988, 60.8410946 ], [ -115.7566983, 60.8412514 ], [ -115.75676390000001, 60.8412562 ], [ -115.756756, 60.8412817 ], [ -115.756897400000014, 60.8412921 ], [ -115.756905700000019, 60.841265 ], [ -115.757027600000015, 60.8412739 ], [ -115.7570755, 60.8411187 ], [ -115.756746799999988, 60.8410946 ] ] ] } },
{ "type": "Feature", "properties": { "osm_id": 876365701, "building": "yes", "street": "unnamed road", "area": "Hay River (other areas)", "flood_pixels": 8 }, "geometry": { "type": "Polygon", "coordinates": [ [ [ -115.75671490000002, 60.841024 ], [ -115.7566782, 60.841128 ], [ -115.756447600000016, 60.8411087 ], [ -115.7564844, 60.8410047 ], [ -115.75671490000002, 60.841024 ] ] ] } },
{ "type": "Feature", "properties": { "osm_id": 876365702, "building": "yes", "street": "unnamed road", "area": "Hay River (other areas)", "flood_pixels": 5 }, "geometry": { "type": "Polygon", "coordinates": [ [ [ -115.7565474, 60.840987 ], [ -115.7566044, 60.8408361 ], [ -115.756325800000013, 60.8408111 ], [ -115.756268800000015, 60.840962 ], [ -115.7565474, 60.840987 ] ] ] } },
{ "type": "Feature", "properties": { "osm_id": 876365726, "building": "yes", "street": "unnamed road", "area": "Old Town Hay River", "flood_pixels": 7 }, "geometry": { "type": "Polygon", "coordinates": [ [ [ -115.740499899999989, 60.8602677 ], [ -115.740446799999987, 60.8601718 ], [ -115.740236100000018, 60.8601995 ], [ -115.740289200000021, 60.8602954 ], [ -115.740499899999989, 60.8602677 ] ] ] } },
{ "type": "Feature", "properties": { "osm_id": 876365751, "building": "yes", "street": "Lakeshore Drive", "area": "Old Town Hay River", "flood_pixels": 10 }, "geometry": { "type": "Polygon", "coordinates": [ [ [ -115.7438975, 60.8652482 ], [ -115.7437991, 60.8653133 ], [ -115.743517200000014, 60.86521230000001 ], [ -115.743615600000012, 60.86514720000001 ], [ -115.7438975, 60.8652482 ] ] ] } },
{ "type": "Feature", "properties": { "osm_id": 876365752, "building": "yes", "street": "Lakeshore Drive", "area": "Old Town Hay River", "flood_pixels": 5 }, "geometry": { "type": "Polygon", "coordinates": [ [ [ -115.7437426, 60.865016799999985 ], [ -115.7436533, 60.8650743 ], [ -115.7435286, 60.8650284 ], [ -115.7436179, 60.8649709 ], [ -115.7437426, 60.865016799999985 ] ] ] } },
{ "type": "Feature", "properties": { "osm_id": 876365753, "building": "yes", "street": "Lakeshore Drive", "area": "Old Town Hay River", "flood_pixels": 17 }, "geometry": { "type": "Polygon", "coordinates": [ [ [ -115.7427542, 60.8646539 ], [ -115.7426725, 60.8647136 ], [ -115.7424571, 60.8646437 ], [ -115.74253880000002, 60.864584 ], [ -115.7427542, 60.8646539 ] ] ] } },
{ "type": "Feature", "properties": { "osm_id": 876365768, "building": "yes", "street": "unnamed road", "area": "Vale Island", "flood_pixels": 7 }, "geometry": { "type": "Polygon", "coordinates": [ [ [ -115.769896200000019, 60.8648822 ], [ -115.769892699999986, 60.8647745 ], [ -115.77014010000002, 60.8647726 ], [ -115.7701436, 60.86488030000001 ], [ -115.769896200000019, 60.8648822 ] ] ] } },
{ "type": "Feature", "properties": { "osm_id": 1171705760, "building": "yes", "street": "Studney Drive", "area": "Hay River (other areas)", "flood_pixels": 17 }, "geometry": { "type": "Polygon", "coordinates": [ [ [ -115.8023545, 60.805256199999988 ], [ -115.80278370000002, 60.8053439 ], [ -115.802709, 60.805430899999983 ], [ -115.80227979999998, 60.8053432 ], [ -115.8023545, 60.805256199999988 ] ] ] } },
{ "type": "Feature", "properties": { "osm_id": 1171705761, "building": "yes", "street": "Studney Drive", "area": "Hay River (other areas)", "flood_pixels": 8 }, "geometry": { "type": "Polygon", "coordinates": [ [ [ -115.8035481, 60.8045314 ], [ -115.8034582, 60.8046292 ], [ -115.802836, 60.8044931 ], [ -115.8029258, 60.8043953 ], [ -115.8035481, 60.8045314 ] ] ] } }
]
}
