year,date_utc,title,record_id,product_type,beam,beam_description,polarization,pol_mode,orbit,resolution_m,river_km_covered,km_from,km_to,covers_mouth_reach,orderable,already_downloaded
2020,2020-03-16T13:56:41,RCM2_OK1060934_PK1062864_2_SC30MCPD_20200316_135623_CH_CV_GRD,6989312,GRD,SC30MCPD,Compact-Pol ScanSAR 30m Resolution 125km Swath D,CH CV,Compact,Descending,30,55.25,0.0,55.0,True,True,False
2020,2020-03-18T14:12:31,RCM2_OK1060934_PK1063832_1_SC30MCPC_20200318_141232_CH_CV_GRD,6994774,GRD,SC30MCPC,Compact-Pol ScanSAR 30m Resolution 125km Swath C,CH CV,Compact,Descending,30,22.5,32.75,55.0,False,True,False
2020,2020-03-18T14:12:50,RCM2_OK1060934_PK1063832_2_SC30MCPC_20200318_141232_CH_CV_GRD,6995015,GRD,SC30MCPC,Compact-Pol ScanSAR 30m Resolution 125km Swath C,CH CV,Compact,Descending,30,14.25,39.0,55.0,False,True,False
2020,2020-03-24T01:21:00,RCM3_OK1060935_PK1065704_1_SC30MCPC_20200324_012100_CH_CV_GRD,7005309,GRD,SC30MCPC,Compact-Pol ScanSAR 30m Resolution 125km Swath C,CH CV,Compact,Ascending,30,55.25,0.0,55.0,True,True,False
2020,2020-03-25T01:28:54,RCM3_OK1060935_PK1065850_1_SC30MCPD_20200325_012855_CH_CV_GRD,7006523,GRD,SC30MCPD,Compact-Pol ScanSAR 30m Resolution 125km Swath D,CH CV,Compact,Ascending,30,0.0,,,False,True,False
2020,2020-03-26T01:04:25,RCM1_OK1060935_PK1066564_2_SC30MCPA_20200326_010407_CH_CV_GRD,7009439,GRD,SC30MCPA,Compact-Pol ScanSAR 30m Resolution 125km Swath A,CH CV,Compact,Ascending,30,55.25,0.0,55.0,True,True,False
2020,2020-03-26T01:04:43,RCM1_OK1060935_PK1066564_3_SC30MCPA_20200326_010407_CH_CV_GRD,7009477,GRD,SC30MCPA,Compact-Pol ScanSAR 30m Resolution 125km Swath A,CH CV,Compact,Ascending,30,5.25,0.0,5.0,False,True,False
2020,2020-04-06T14:04:31,RCM1_OK1068987_PK1071384_6_SC30MCPD_20200406_140256_CH_CV_GRD,7033899,GRD,SC30MCPD,Compact-Pol ScanSAR 30m Resolution 125km Swath D,CH CV,Compact,Descending,30,55.25,0.0,55.0,True,True,False
2020,2020-04-08T14:20:20,RCM1_OK1068987_PK1072193_3_SC30MCPA_20200408_141944_CH_CV_GRD,7038097,GRD,SC30MCPA,Compact-Pol ScanSAR 30m Resolution 125km Swath A,CH CV,Compact,Descending,30,55.25,0.0,55.0,True,True,False
2020,2020-04-08T14:20:38,RCM1_OK1068987_PK1072193_4_SC30MCPA_20200408_141944_CH_CV_GRD,7038098,GRD,SC30MCPA,Compact-Pol ScanSAR 30m Resolution 125km Swath A,CH CV,Compact,Descending,30,2.25,53.0,55.0,False,True,False
2020,2020-04-09T13:56:38,RCM2_OK1068987_PK1072531_2_SC30MCPD_20200409_135620_CH_CV_GRD,7040256,GRD,SC30MCPD,Compact-Pol ScanSAR 30m Resolution 125km Swath D,CH CV,Compact,Descending,30,55.25,0.0,55.0,True,True,False
2020,2020-04-16T01:12:41,RCM3_OK1069205_PK1074676_1_SC30MCPB_20200416_011241_CH_CV_GRD,7054394,GRD,SC30MCPB,Compact-Pol ScanSAR 30m Resolution 125km Swath B,CH CV,Compact,Ascending,30,0.0,,,False,True,False
2020,2020-04-16T01:13:00,RCM3_OK1069205_PK1074676_2_SC30MCPB_20200416_011241_CH_CV_GRD,7054389,GRD,SC30MCPB,Compact-Pol ScanSAR 30m Resolution 125km Swath B,CH CV,Compact,Ascending,30,55.25,0.0,55.0,True,True,False
2020,2020-04-19T01:04:41,RCM1_OK1069205_PK1076173_1_SC30MCPA_20200419_010441_CH_CV_GRD,7061883,GRD,SC30MCPA,Compact-Pol ScanSAR 30m Resolution 125km Swath A,CH CV,Compact,Ascending,30,55.25,0.0,55.0,True,True,False
2020,2020-04-20T01:12:30,RCM1_OK1069205_PK1076417_2_SC30MCPB_20200420_011212_CH_CV_GRD,7063290,GRD,SC30MCPB,Compact-Pol ScanSAR 30m Resolution 125km Swath B,CH CV,Compact,Ascending,30,55.25,0.0,55.0,True,True,False
2020,2020-04-20T14:20:23,RCM1_OK1068987_PK1076790_23_SC30MCPA_20200420_141342_CH_CV_GRD,7064591,GRD,SC30MCPA,Compact-Pol ScanSAR 30m Resolution 125km Swath A,CH CV,Compact,Descending,30,55.25,0.0,55.0,True,True,False
2020,2020-04-25T13:56:50,RCM3_OK1068987_PK1079827_2_SC30MCPD_20200425_135631_CH_CV_GRD,7077204,GRD,SC30MCPD,Compact-Pol ScanSAR 30m Resolution 125km Swath D,CH CV,Compact,Descending,30,55.25,0.0,55.0,True,True,False
2020,2020-04-29T01:21:04,RCM3_OK1069509_PK1085721_1_SCLNB_20200429_012059_HH_HV_GRD,7083835,GRD,SCLNB,ScanSAR Low Noise 100m Resolution 350km Swath B,HH HV,Dual Co/Cross,Ascending,100,22.75,0.0,22.5,True,True,False
2020,2020-04-30T01:29:02,RCM3_OK1069509_PK1086476_1_SCLNB_20200430_012859_HH_HV_GRD,7086498,GRD,SCLNB,ScanSAR Low Noise 100m Resolution 350km Swath B,HH HV,Dual Co/Cross,Ascending,100,55.25,0.0,55.0,True,True,False
2020,2020-05-01T14:12:34,RCM1_OK1084928_PK1088816_1_16MCP8_20200501_141234_CH_CV_SLC,7089179,SLC,16MCP8,Compact-Pol Stripmap 16m Resolution 30km Swath 8,CH CV,Compact,Descending,16,12.75,0.0,12.5,False,True,False
2020,2020-05-02T14:20:34,RCM1_OK1084928_PK1089538_1_16MCP4_20200502_142034_CH_CV_SLC,7093629,SLC,16MCP4,Compact-Pol Stripmap 16m Resolution 30km Swath 4,CH CV,Compact,Descending,16,55.25,0.0,55.0,True,True,False
2020,2020-05-04T14:04:49,RCM2_OK1084928_PK1090762_1_16MCP14_20200504_140449_CH_CV_SLC,7100106,SLC,16MCP14,Compact-Pol Stripmap 16m Resolution 30km Swath 14,CH CV,Compact,Descending,16,18.25,36.5,55.0,False,True,False
2020,2020-05-05T14:12:47,RCM2_OK1084928_PK1093203_1_16MCP8_20200505_141246_CH_CV_SLC,7102993,SLC,16MCP8,Compact-Pol Stripmap 16m Resolution 30km Swath 8,CH CV,Compact,Descending,16,24.0,0.0,23.75,True,True,False
2020,2020-05-06T01:12:50,RCM2_OK1084929_PK1093441_1_16M7_20200506_011249_HH_HV_SLC,7105235,SLC,16M7,Stripmap 16m Resolution 30km Swath 7,HH HV,Dual Co/Cross,Ascending,16,6.0,49.25,55.0,False,True,False
2020,2020-05-06T01:12:54,RCM2_OK1069509_PK1093433_1_SCLNB_20200506_011254_HH_HV_GRD,7105426,GRD,SCLNB,ScanSAR Low Noise 100m Resolution 350km Swath B,HH HV,Dual Co/Cross,Ascending,100,23.0,0.0,22.75,True,True,False
2020,2020-05-06T14:20:49,RCM2_OK1084928_PK1093793_1_16MCP4_20200506_142049_CH_CV_SLC,7107138,SLC,16MCP4,Compact-Pol Stripmap 16m Resolution 30km Swath 4,CH CV,Compact,Descending,16,36.0,19.25,55.0,False,True,False
2020,2020-05-07T13:56:58,RCM3_OK1084928_PK1094340_1_16MCP17_20200507_135657_CH_CV_SLC,7109997,SLC,16MCP17,Compact-Pol Stripmap 16m Resolution 30km Swath 17,CH CV,Compact,Descending,16,0.0,,,False,True,False
2020,2020-05-09T14:12:57,RCM3_OK1084928_PK1095347_1_16MCP8_20200509_141257_CH_CV_SLC,7118800,SLC,16MCP8,Compact-Pol Stripmap 16m Resolution 30km Swath 8,CH CV,Compact,Descending,16,13.0,0.0,12.75,False,True,False
2020,2020-05-10T01:13:02,RCM3_OK1084929_PK1095573_1_16M7_20200510_011300_HH_HV_SLC,7119951,SLC,16M7,Stripmap 16m Resolution 30km Swath 7,HH HV,Dual Co/Cross,Ascending,16,53.0,2.25,55.0,False,True,False
2020,2020-05-11T01:21:05,RCM3_OK1084929_PK1096112_1_16M13_20200511_012105_HH_HV_SLC,7122781,SLC,16M13,Stripmap 16m Resolution 30km Swath 13,HH HV,Dual Co/Cross,Ascending,16,7.25,0.0,7.0,False,True,False
2020,2020-05-11T13:56:27,RCM1_OK1068987_PK1096649_1_SC30MCPD_20200511_135628_CH_CV_GRD,7124618,GRD,SC30MCPD,Compact-Pol ScanSAR 30m Resolution 125km Swath D,CH CV,Compact,Descending,30,1.5,0.0,1.25,False,True,False
2020,2020-05-12T01:29:03,RCM3_OK1084929_PK1097322_1_16M17_20200512_012903_HH_HV_SLC,7125755,SLC,16M17,Stripmap 16m Resolution 30km Swath 17,HH HV,Dual Co/Cross,Ascending,16,50.0,1.5,51.25,False,True,False
2020,2020-05-12T14:04:32,RCM1_OK1068987_PK1098004_2_SC30MCPD_20200512_140414_CH_CV_GRD,7129001,GRD,SC30MCPD,Compact-Pol ScanSAR 30m Resolution 125km Swath D,CH CV,Compact,Descending,30,1.25,0.0,1.0,False,True,False
2020,2020-05-12T14:04:38,RCM1_OK1084928_PK1097995_1_16MCP14_20200512_140437_CH_CV_SLC,7128960,SLC,16MCP14,Compact-Pol Stripmap 16m Resolution 30km Swath 14,CH CV,Compact,Descending,16,18.75,36.5,55.0,False,True,False
2020,2020-05-13T14:12:19,RCM1_OK1069509_PK1099658_1_SCLNB_20200513_141219_HH_HV_GRD,7131714,GRD,SCLNB,ScanSAR Low Noise 100m Resolution 350km Swath B,HH HV,Dual Co/Cross,Descending,100,34.5,0.0,34.25,True,True,False
2020,2020-05-14T01:12:39,RCM1_OK1084929_PK1101272_1_16M7_20200514_011237_HH_HV_SLC,7133271,SLC,16M7,Stripmap 16m Resolution 30km Swath 7,HH HV,Dual Co/Cross,Ascending,16,6.25,49.0,55.0,False,True,False
2020,2020-05-14T01:12:43,RCM1_OK1069509_PK1101269_1_SCLNB_20200514_011243_HH_HV_GRD,7133462,GRD,SCLNB,ScanSAR Low Noise 100m Resolution 350km Swath B,HH HV,Dual Co/Cross,Ascending,100,23.0,0.0,22.75,True,True,False
2020,2020-05-14T14:20:35,RCM1_OK1084928_PK1101988_1_16MCP4_20200514_142034_CH_CV_SLC,7133876,SLC,16MCP4,Compact-Pol Stripmap 16m Resolution 30km Swath 4,CH CV,Compact,Descending,16,55.25,0.0,55.0,True,True,False
2020,2020-05-15T01:20:43,RCM1_OK1084929_PK1102403_1_16M12_20200515_012042_HH_HV_SLC,7138304,SLC,16M12,Stripmap 16m Resolution 30km Swath 12,HH HV,Dual Co/Cross,Ascending,16,17.0,0.0,16.75,True,True,False
2020,2020-05-15T13:56:48,RCM2_OK1084928_PK1102617_1_16MCP17_20200515_135646_CH_CV_SLC,7140101,SLC,16MCP17,Compact-Pol Stripmap 16m Resolution 30km Swath 17,CH CV,Compact,Descending,16,0.0,,,False,True,False
2020,2020-05-17T14:12:48,RCM2_OK1084928_PK1105838_1_16MCP8_20200517_141246_CH_CV_SLC,7148380,SLC,16MCP8,Compact-Pol Stripmap 16m Resolution 30km Swath 8,CH CV,Compact,Descending,16,24.0,0.0,23.75,True,True,False
2020,2020-05-18T01:12:51,RCM2_OK1084929_PK1106198_1_16M7_20200518_011249_HH_HV_SLC,7149578,SLC,16M7,Stripmap 16m Resolution 30km Swath 7,HH HV,Dual Co/Cross,Ascending,16,53.0,2.25,55.0,False,True,False
2020,2020-05-18T14:20:47,RCM2_OK1084928_PK1106791_1_16MCP4_20200518_142046_CH_CV_SLC,7150042,SLC,16MCP4,Compact-Pol Stripmap 16m Resolution 30km Swath 4,CH CV,Compact,Descending,16,55.25,0.0,55.0,True,True,False
2020,2020-05-19T01:20:56,RCM2_OK1084929_PK1107211_1_16M13_20200519_012055_HH_HV_SLC,7150713,SLC,16M13,Stripmap 16m Resolution 30km Swath 13,HH HV,Dual Co/Cross,Ascending,16,5.25,0.0,5.0,False,True,False
2020,2020-05-20T01:28:54,RCM2_OK1069509_PK1108916_1_SCLNB_20200520_012855_HH_HV_GRD,7156258,GRD,SCLNB,ScanSAR Low Noise 100m Resolution 350km Swath B,HH HV,Dual Co/Cross,Ascending,100,22.25,0.0,22.0,True,True,False
2020,2020-05-20T14:04:27,RCM3_OK1069509_PK1109201_1_SCLNB_20200520_140427_HH_HV_GRD,7157109,GRD,SCLNB,ScanSAR Low Noise 100m Resolution 350km Swath B,HH HV,Dual Co/Cross,Descending,100,0.0,,,False,True,False
2020,2020-05-20T14:05:03,RCM3_OK1069509_PK1109202_1_SCLNB_20200520_140503_HH_HV_GRD,7156980,GRD,SCLNB,ScanSAR Low Noise 100m Resolution 350km Swath B,HH HV,Dual Co/Cross,Descending,100,24.25,31.0,55.0,False,True,False
2020,2020-05-27T01:20:43,RCM1_OK1069509_PK1122392_1_SCLNB_20200527_012038_HH_HV_GRD,7173735,GRD,SCLNB,ScanSAR Low Noise 100m Resolution 350km Swath B,HH HV,Dual Co/Cross,Ascending,100,22.75,0.0,22.5,True,True,False
2020,2020-05-28T01:28:40,RCM1_OK1069509_PK1124756_1_SCLNB_20200528_012841_HH_HV_GRD,7184961,GRD,SCLNB,ScanSAR Low Noise 100m Resolution 350km Swath B,HH HV,Dual Co/Cross,Ascending,100,55.25,0.0,55.0,True,True,False
2020,2020-06-01T14:04:51,RCM3_OK1122212_PK1127490_1_SC30MCPD_20200601_140452_CH_CV_GRD,7194709,GRD,SC30MCPD,Compact-Pol ScanSAR 30m Resolution 125km Swath D,CH CV,Compact,Descending,30,55.25,0.0,55.0,True,True,False
2020,2020-06-02T14:12:18,RCM3_OK1094424_PK1128168_1_SCLNB_20200602_141216_HH_HV_GRD,7197119,GRD,SCLNB,ScanSAR Low Noise 100m Resolution 350km Swath B,HH HV,Dual Co/Cross,Descending,100,55.25,0.0,55.0,True,True,False
2020,2020-06-03T01:13:06,RCM3_OK1094424_PK1130002_1_SCLNB_20200603_011304_HH_HV_GRD,7198971,GRD,SCLNB,ScanSAR Low Noise 100m Resolution 350km Swath B,HH HV,Dual Co/Cross,Ascending,100,36.25,0.0,41.25,True,True,False
2020,2020-06-03T14:20:55,RCM3_OK1094424_PK1130387_1_SCLNA_20200603_142055_HH_HV_GRD,7199744,GRD,SCLNA,ScanSAR Low Noise 100m Resolution 350km Swath A,HH HV,Dual Co/Cross,Descending,100,51.5,0.0,51.25,True,True,False
2020,2020-06-04T01:21:07,RCM3_OK1094424_PK1130879_1_SCLNB_20200604_012107_HH_HV_GRD,7202169,GRD,SCLNB,ScanSAR Low Noise 100m Resolution 350km Swath B,HH HV,Dual Co/Cross,Ascending,100,14.5,0.0,14.25,False,True,False
2020,2020-06-04T13:56:20,RCM1_OK1480398_PK1480436_2_SC30MCPD_20200604_135602_CH_CV_SLC,8119145,SLC,SC30MCPD,Compact-Pol ScanSAR 30m Resolution 125km Swath D,CH CV,Compact,Descending,30,45.75,0.0,47.25,True,True,False
2020,2020-06-04T13:56:21,RCM1_OK1802548_PK1802555_2_SC30MCPD_20200604_135602_CH_CV_SLC,12555242,SLC,SC30MCPD,Compact-Pol ScanSAR 30m Resolution 125km Swath D,CH CV,Compact,Descending,30,55.25,0.0,55.0,True,True,False
2020,2020-06-04T13:56:21,RCM1_OK1122212_PK1131911_2_SC30MCPD_20200604_135602_CH_CV_GRD,7203629,GRD,SC30MCPD,Compact-Pol ScanSAR 30m Resolution 125km Swath D,CH CV,Compact,Descending,30,55.25,0.0,55.0,True,True,False
2020,2020-06-04T13:56:38,RCM1_OK1480398_PK1480436_3_SC30MCPD_20200604_135602_CH_CV_SLC,8119275,SLC,SC30MCPD,Compact-Pol ScanSAR 30m Resolution 125km Swath D,CH CV,Compact,Descending,30,55.25,0.0,55.0,True,True,False
2020,2020-06-04T13:56:40,RCM1_OK1122212_PK1131911_3_SC30MCPD_20200604_135602_CH_CV_GRD,7203632,GRD,SC30MCPD,Compact-Pol ScanSAR 30m Resolution 125km Swath D,CH CV,Compact,Descending,30,39.75,15.5,55.0,False,True,False
2020,2020-06-04T13:56:40,RCM1_OK1802548_PK1802555_3_SC30MCPD_20200604_135602_CH_CV_SLC,12555361,SLC,SC30MCPD,Compact-Pol ScanSAR 30m Resolution 125km Swath D,CH CV,Compact,Descending,30,39.25,16.0,55.0,False,True,False
2020,2020-06-09T14:04:06,RCM2_OK1094424_PK1135300_1_SCLNB_20200609_140405_HH_HV_GRD,7221536,GRD,SCLNB,ScanSAR Low Noise 100m Resolution 350km Swath B,HH HV,Dual Co/Cross,Descending,100,55.25,0.0,55.0,True,True,False
2020,2020-06-15T01:12:50,RCM3_OK1122213_PK1139559_2_SC30MCPB_20200615_011232_CH_CV_GRD,7233240,GRD,SC30MCPB,Compact-Pol ScanSAR 30m Resolution 125km Swath B,CH CV,Compact,Ascending,30,55.25,0.0,55.0,True,True,False
2020,2020-06-15T01:13:08,RCM3_OK1122213_PK1139559_3_SC30MCPB_20200615_011232_CH_CV_GRD,7233346,GRD,SC30MCPB,Compact-Pol ScanSAR 30m Resolution 125km Swath B,CH CV,Compact,Ascending,30,12.75,0.0,12.5,False,True,False
2020,2020-06-15T14:20:45,RCM3_OK1480398_PK1480448_7_SC30MCPA_20200615_141902_CH_CV_SLC,8119917,SLC,SC30MCPA,Compact-Pol ScanSAR 30m Resolution 125km Swath A,CH CV,Compact,Descending,30,55.25,0.0,55.0,True,True,False
2020,2020-06-15T14:20:50,RCM3_OK1122212_PK1139857_7_SC30MCPA_20200615_141902_CH_CV_GRD,7233863,GRD,SC30MCPA,Compact-Pol ScanSAR 30m Resolution 125km Swath A,CH CV,Compact,Descending,30,55.25,0.0,55.0,True,True,False
2020,2020-06-15T14:20:50,RCM3_OK1802548_PK1802565_7_SC30MCPA_20200615_141902_CH_CV_SLC,12558003,SLC,SC30MCPA,Compact-Pol ScanSAR 30m Resolution 125km Swath A,CH CV,Compact,Descending,30,55.25,0.0,55.0,True,True,False
2020,2020-06-15T14:21:02,RCM3_OK1480398_PK1480448_8_SC30MCPA_20200615_141902_CH_CV_SLC,8119823,SLC,SC30MCPA,Compact-Pol ScanSAR 30m Resolution 125km Swath A,CH CV,Compact,Descending,30,40.0,15.25,55.0,False,True,False
2021,2021-04-01T01:28:47,RCM3_OK1454475_PK1538215_1_SC30MCPD_20210401_012846_CH_CV_SLC,8552616,SLC,SC30MCPD,Compact-Pol ScanSAR 30m Resolution 125km Swath D,CH CV,Compact,Ascending,30,2.0,53.25,55.0,False,True,False
2021,2021-04-13T01:28:47,RCM3_OK1454475_PK1574579_1_SC30MCPD_20210413_012846_CH_CV_SLC,8664366,SLC,SC30MCPD,Compact-Pol ScanSAR 30m Resolution 125km Swath D,CH CV,Compact,Ascending,30,1.75,53.5,55.0,False,True,False
2021,2021-04-16T01:20:41,RCM1_OK1533377_PK1577211_1_16M11_20210416_012039_HH_HV_GRD,8718611,GRD,16M11,Stripmap 16m Resolution 30km Swath 11,HH HV,Dual Co/Cross,Ascending,16,13.5,40.0,55.0,False,True,False
2021,2021-04-17T01:28:45,RCM1_OK1533377_PK1578411_1_16M17_20210417_012845_HH_HV_GRD,8728696,GRD,16M17,Stripmap 16m Resolution 30km Swath 17,HH HV,Dual Co/Cross,Ascending,16,51.5,0.0,51.25,True,True,True
2021,2021-04-17T14:04:54,RCM2_OK1533377_PK1578910_1_16M13_20210417_140454_HH_HV_GRD,8732263,GRD,16M13,Stripmap 16m Resolution 30km Swath 13,HH HV,Dual Co/Cross,Descending,16,43.5,7.75,51.0,False,True,False
2021,2021-04-18T14:12:56,RCM2_OK1533377_PK1579936_1_16M9_20210418_141256_HH_HV_GRD,8742785,GRD,16M9,Stripmap 16m Resolution 30km Swath 9,HH HV,Dual Co/Cross,Descending,16,23.5,31.75,55.0,False,True,False
2021,2021-04-20T01:20:57,RCM2_OK1533377_PK1581178_1_16M12_20210420_012057_HH_HV_GRD,8762766,GRD,16M12,Stripmap 16m Resolution 30km Swath 12,HH HV,Dual Co/Cross,Ascending,16,55.25,0.0,55.0,True,True,False
2021,2021-04-21T14:05:07,RCM3_OK1533377_PK1583823_1_16M14_20210421_140507_HH_HV_GRD,8785406,GRD,16M14,Stripmap 16m Resolution 30km Swath 14,HH HV,Dual Co/Cross,Descending,16,18.75,36.5,55.0,False,True,False
2021,2021-04-24T01:21:07,RCM3_OK1533377_PK1586543_1_16M12_20210424_012105_HH_HV_GRD,8807656,GRD,16M12,Stripmap 16m Resolution 30km Swath 12,HH HV,Dual Co/Cross,Ascending,16,55.25,0.0,55.0,True,True,False
2021,2021-04-25T01:28:46,RCM3_OK1997878_PK1998274_1_SC30MCPD_20210425_012846_CH_CV_GRD,13160065,GRD,SC30MCPD,Compact-Pol ScanSAR 30m Resolution 125km Swath D,CH CV,Compact,Ascending,30,49.5,5.75,55.0,False,True,False
2021,2021-04-25T01:28:47,RCM3_OK1454475_PK1587431_1_SC30MCPD_20210425_012846_CH_CV_SLC,8810714,SLC,SC30MCPD,Compact-Pol ScanSAR 30m Resolution 125km Swath D,CH CV,Compact,Ascending,30,1.75,53.5,55.0,False,True,False
2021,2021-04-25T14:04:41,RCM1_OK1533377_PK1587805_1_16M13_20210425_140439_HH_HV_GRD,8810933,GRD,16M13,Stripmap 16m Resolution 30km Swath 13,HH HV,Dual Co/Cross,Descending,16,55.25,0.0,55.0,True,True,False
2021,2021-04-26T14:12:44,RCM1_OK1533377_PK1588761_1_16M9_20210426_141244_HH_HV_GRD,8833665,GRD,16M9,Stripmap 16m Resolution 30km Swath 9,HH HV,Dual Co/Cross,Descending,16,22.25,32.0,55.0,False,True,False
2021,2021-04-28T01:20:48,RCM1_OK1533377_PK1593282_1_16M12_20210428_012047_HH_HV_GRD,8854236,GRD,16M12,Stripmap 16m Resolution 30km Swath 12,HH HV,Dual Co/Cross,Ascending,16,18.25,0.0,18.25,True,True,False
2021,2021-04-29T01:28:41,RCM1_OK1533377_PK1602011_1_16M16_20210429_012840_HH_HV_GRD,8864947,GRD,16M16,Stripmap 16m Resolution 30km Swath 16,HH HV,Dual Co/Cross,Ascending,16,23.25,32.0,55.0,False,True,False
2021,2021-04-29T01:28:47,RCM1_OK1533377_PK1602011_2_16M16_20210429_012840_HH_HV_GRD,8863623,GRD,16M16,Stripmap 16m Resolution 30km Swath 16,HH HV,Dual Co/Cross,Ascending,16,0.0,,,False,True,False
2021,2021-04-29T14:04:54,RCM2_OK1533377_PK1602421_1_16M13_20210429_140454_HH_HV_GRD,8874789,GRD,16M13,Stripmap 16m Resolution 30km Swath 13,HH HV,Dual Co/Cross,Descending,16,43.5,7.5,50.75,False,True,False
2021,2021-04-30T14:12:56,RCM2_OK1533377_PK1603789_1_16M9_20210430_141256_HH_HV_GRD,8886505,GRD,16M9,Stripmap 16m Resolution 30km Swath 9,HH HV,Dual Co/Cross,Descending,16,23.25,31.75,55.0,False,True,False
2021,2021-05-05T01:13:09,RCM3_OK1456963_PK1610811_1_SCLNB_20210505_011308_HH_HV_GRD,8926388,GRD,SCLNB,ScanSAR Low Noise 100m Resolution 350km Swath B,HH HV,Dual Co/Cross,Ascending,100,55.25,0.0,55.0,True,True,False
2021,2021-05-06T01:21:07,RCM3_OK1456963_PK1611879_1_SCLNB_20210506_012106_HH_HV_GRD,8938595,GRD,SCLNB,ScanSAR Low Noise 100m Resolution 350km Swath B,HH HV,Dual Co/Cross,Ascending,100,55.25,0.0,55.0,True,True,False
2021,2021-05-07T01:29:11,RCM3_OK1533377_PK1613552_1_16M17_20210507_012911_HH_HV_GRD,8956791,GRD,16M17,Stripmap 16m Resolution 30km Swath 17,HH HV,Dual Co/Cross,Ascending,16,14.75,0.0,14.5,False,True,True
2021,2021-05-07T01:29:11,RCM3_OK1610206_PK1613553_1_16M17_20210507_012911_HH_HV_GRD,8957217,GRD,16M17,Stripmap 16m Resolution 30km Swath 17,HH HV,Dual Co/Cross,Ascending,16,14.75,0.0,14.5,False,True,False
2021,2021-05-07T14:04:46,RCM1_OK1610206_PK1614718_1_16M14_20210507_140446_HH_HV_GRD,8964086,GRD,16M14,Stripmap 16m Resolution 30km Swath 14,HH HV,Dual Co/Cross,Descending,16,6.75,48.5,55.0,False,True,False
2021,2021-05-07T14:04:46,RCM1_OK1533377_PK1614717_1_16M14_20210507_140446_HH_HV_GRD,8964085,GRD,16M14,Stripmap 16m Resolution 30km Swath 14,HH HV,Dual Co/Cross,Descending,16,6.75,48.5,55.0,False,True,False
2021,2021-05-08T14:12:45,RCM1_OK1610206_PK1615953_1_16M9_20210508_141245_HH_HV_GRD,8978576,GRD,16M9,Stripmap 16m Resolution 30km Swath 9,HH HV,Dual Co/Cross,Descending,16,22.75,32.0,55.0,False,True,False
2021,2021-05-09T14:20:46,RCM1_OK1454475_PK1617125_1_SC30MCPA_20210509_142046_CH_CV_SLC,9004926,SLC,SC30MCPA,Compact-Pol ScanSAR 30m Resolution 125km Swath A,CH CV,Compact,Descending,30,1.75,53.5,55.0,False,True,False
2021,2021-05-10T01:20:46,RCM1_OK1610206_PK1618000_1_16M12_20210510_012046_HH_HV_GRD,9000183,GRD,16M12,Stripmap 16m Resolution 30km Swath 12,HH HV,Dual Co/Cross,Ascending,16,55.25,0.0,55.0,True,True,True
2021,2021-05-11T01:28:46,RCM1_OK1610206_PK1619809_1_16M17_20210511_012846_HH_HV_GRD,9010410,GRD,16M17,Stripmap 16m Resolution 30km Swath 17,HH HV,Dual Co/Cross,Ascending,16,51.25,0.0,51.0,True,True,True
2021,2021-05-11T14:04:57,RCM2_OK1610206_PK1620300_1_16M14_20210511_140457_HH_HV_GRD,9013890,GRD,16M14,Stripmap 16m Resolution 30km Swath 14,HH HV,Dual Co/Cross,Descending,16,18.25,36.5,55.0,False,True,False
2021,2021-05-12T14:12:57,RCM2_OK1610206_PK1621287_1_16M9_20210512_141257_HH_HV_GRD,9027758,GRD,16M9,Stripmap 16m Resolution 30km Swath 9,HH HV,Dual Co/Cross,Descending,16,23.5,31.75,55.0,False,True,False
2021,2021-05-15T01:28:51,RCM2_OK1454475_PK1625341_1_SC30MCPD_20210515_012852_CH_CV_SLC,9061533,SLC,SC30MCPD,Compact-Pol ScanSAR 30m Resolution 125km Swath D,CH CV,Compact,Ascending,30,0.0,,,False,True,False
2021,2021-05-15T01:29:00,RCM2_OK1622169_PK1625329_1_SC30MD_20210515_012900_HH_HV_GRD,9057850,GRD,SC30MD,ScanSAR 30m Resolution 125km Swath D,HH HV,Dual Co/Cross,Ascending,30,21.0,0.0,20.75,True,True,False
2021,2021-05-15T14:04:57,RCM3_OK1622169_PK1626513_1_SC30MD_20210515_140457_HH_HV_GRD,9063466,GRD,SC30MD,ScanSAR 30m Resolution 125km Swath D,HH HV,Dual Co/Cross,Descending,30,39.25,0.0,41.25,True,True,False
2021,2021-05-16T14:12:57,RCM3_OK1622169_PK1627640_1_SC30MC_20210516_141257_HH_HV_GRD,9072229,GRD,SC30MC,ScanSAR 30m Resolution 125km Swath C,HH HV,Dual Co/Cross,Descending,30,15.5,32.75,48.0,False,True,False
2021,2021-05-18T01:21:13,RCM3_OK1622169_PK1629120_1_SC30MC_20210518_012112_HH_HV_GRD,9085007,GRD,SC30MC,ScanSAR 30m Resolution 125km Swath C,HH HV,Dual Co/Cross,Ascending,30,2.25,0.0,2.0,False,True,False
2021,2021-05-18T13:56:46,RCM1_OK1454475_PK1629589_1_SC30MCPD_20210518_135646_CH_CV_SLC,9098346,SLC,SC30MCPD,Compact-Pol ScanSAR 30m Resolution 125km Swath D,CH CV,Compact,Descending,30,19.25,34.75,55.0,False,True,False
2021,2021-05-19T01:28:49,RCM3_OK1454475_PK1630307_1_SC30MCPD_20210519_012848_CH_CV_SLC,9099087,SLC,SC30MCPD,Compact-Pol ScanSAR 30m Resolution 125km Swath D,CH CV,Compact,Ascending,30,0.0,,,False,True,False
2021,2021-05-19T01:29:11,RCM3_OK1622169_PK1630287_1_SC30MD_20210519_012912_HH_HV_GRD,9094759,GRD,SC30MD,ScanSAR 30m Resolution 125km Swath D,HH HV,Dual Co/Cross,Ascending,30,21.0,0.0,20.75,True,True,False
2021,2021-05-19T14:04:34,RCM1_OK1622169_PK1630781_1_SC30MD_20210519_140434_HH_HV_GRD,9100011,GRD,SC30MD,ScanSAR 30m Resolution 125km Swath D,HH HV,Dual Co/Cross,Descending,30,39.25,0.0,41.25,True,True,False
2021,2021-05-21T14:20:44,RCM1_OK1454475_PK1633211_1_SC30MCPA_20210521_142043_CH_CV_SLC,9131283,SLC,SC30MCPA,Compact-Pol ScanSAR 30m Resolution 125km Swath A,CH CV,Compact,Descending,30,36.0,19.25,55.0,False,True,False
2021,2021-05-26T01:20:57,RCM2_OK1456963_PK1639186_1_SCLNB_20210526_012055_HH_HV_GRD,9163352,GRD,SCLNB,ScanSAR Low Noise 100m Resolution 350km Swath B,HH HV,Dual Co/Cross,Ascending,100,55.25,0.0,55.0,True,True,False
2021,2021-05-27T01:28:56,RCM2_OK1456963_PK1640115_1_SCLNB_20210527_012855_HH_HV_GRD,9177667,GRD,SCLNB,ScanSAR Low Noise 100m Resolution 350km Swath B,HH HV,Dual Co/Cross,Ascending,100,55.25,0.0,55.0,True,True,False
2021,2021-05-31T01:28:51,RCM3_OK1454475_PK1644315_1_SC30MCPD_20210531_012851_CH_CV_SLC,9431966,SLC,SC30MCPD,Compact-Pol ScanSAR 30m Resolution 125km Swath D,CH CV,Compact,Ascending,30,4.0,51.25,55.0,False,True,False
2021,2021-06-01T14:12:08,RCM1_OK1456963_PK1645744_1_SCLNB_20210601_141208_HH_HV_GRD,9524943,GRD,SCLNB,ScanSAR Low Noise 100m Resolution 350km Swath B,HH HV,Dual Co/Cross,Descending,100,55.25,0.0,55.0,True,True,False
2021,2021-06-02T01:12:48,RCM1_OK1456963_PK1646281_1_SCLNB_20210602_011247_HH_HV_GRD,9545767,GRD,SCLNB,ScanSAR Low Noise 100m Resolution 350km Swath B,HH HV,Dual Co/Cross,Ascending,100,55.25,0.0,55.0,True,True,False
2021,2021-06-03T01:20:46,RCM1_OK1456963_PK1647393_1_SCLNB_20210603_012044_HH_HV_GRD,9621445,GRD,SCLNB,ScanSAR Low Noise 100m Resolution 350km Swath B,HH HV,Dual Co/Cross,Ascending,100,55.25,0.0,55.0,True,True,False
2021,2021-06-03T13:56:19,RCM2_OK1456963_PK1648153_1_SCLNB_20210603_135620_HH_HV_GRD,9644351,GRD,SCLNB,ScanSAR Low Noise 100m Resolution 350km Swath B,HH HV,Dual Co/Cross,Descending,100,48.75,0.0,48.5,True,True,False
2021,2021-06-04T01:28:45,RCM1_OK1456963_PK1648788_1_SCLNB_20210604_012844_HH_HV_GRD,9668770,GRD,SCLNB,ScanSAR Low Noise 100m Resolution 350km Swath B,HH HV,Dual Co/Cross,Ascending,100,55.25,0.0,55.0,True,True,False
2021,2021-06-09T14:12:24,RCM3_OK1456963_PK1657987_1_SCLNB_20210609_141222_HH_HV_GRD,9942332,GRD,SCLNB,ScanSAR Low Noise 100m Resolution 350km Swath B,HH HV,Dual Co/Cross,Descending,100,55.25,0.0,55.0,True,True,False
2021,2021-06-12T01:28:50,RCM3_OK1454475_PK1662392_1_SC30MCPD_20210612_012849_CH_CV_SLC,10055355,SLC,SC30MCPD,Compact-Pol ScanSAR 30m Resolution 125km Swath D,CH CV,Compact,Ascending,30,4.0,51.25,55.0,False,True,False
2021,2021-06-13T01:04:45,RCM1_OK1454475_PK1663702_2_SC30MCPA_20210613_010403_CH_CV_SLC,10073594,SLC,SC30MCPA,Compact-Pol ScanSAR 30m Resolution 125km Swath A,CH CV,Compact,Ascending,30,0.0,,,False,True,False
2021,2021-06-15T13:56:12,RCM2_OK1456963_PK1666409_1_SCLNB_20210615_135612_HH_HV_GRD,10146814,GRD,SCLNB,ScanSAR Low Noise 100m Resolution 350km Swath B,HH HV,Dual Co/Cross,Descending,100,48.75,0.0,48.5,True,True,False
2022,2022-04-01T14:12:40,RCM2_OK1948107_PK2042484_2_SC30MCPB_20220401_141222_CH_CV_MLC,13318529,MLC,SC30MCPB,Compact-Pol ScanSAR 30m Resolution 125km Swath B,CH CV,Compact,Descending,30,50.25,0.0,50.0,True,True,False
2022,2022-04-01T14:12:56,RCM2_OK1936887_PK2042485_1_SC30MCPB_20220401_141222_CH_CV_MLC,13318532,MLC,SC30MCPB,Compact-Pol ScanSAR 30m Resolution 125km Swath B,CH CV,Compact,Descending,30,55.25,0.0,55.0,True,True,False
2022,2022-04-01T14:12:59,RCM2_OK1948107_PK2042484_3_SC30MCPB_20220401_141222_CH_CV_MLC,13318530,MLC,SC30MCPB,Compact-Pol ScanSAR 30m Resolution 125km Swath B,CH CV,Compact,Descending,30,47.0,8.25,55.0,False,True,False
2022,2022-04-01T14:12:59,RCM2_OK1937778_PK2042486_1_SC30MCPB_20220401_141222_CH_CV_MLC,13318533,MLC,SC30MCPB,Compact-Pol ScanSAR 30m Resolution 125km Swath B,CH CV,Compact,Descending,30,43.5,11.75,55.0,False,True,False
2022,2022-04-08T14:04:50,RCM1_OK1948107_PK2050778_1_SC30MCPD_20220408_140450_CH_CV_MLC,13339229,MLC,SC30MCPD,Compact-Pol ScanSAR 30m Resolution 125km Swath D,CH CV,Compact,Descending,30,25.25,30.0,55.0,False,True,False
2022,2022-04-09T14:12:41,RCM1_OK1948107_PK2051814_1_SC30MCPC_20220409_141241_CH_CV_MLC,13342124,MLC,SC30MCPC,Compact-Pol ScanSAR 30m Resolution 125km Swath C,CH CV,Compact,Descending,30,22.5,32.75,55.0,False,True,False
2022,2022-04-09T14:12:41,RCM1_OK1936886_PK2051815_1_SC30MCPC_20220409_141241_CH_CV_MLC,13342049,MLC,SC30MCPC,Compact-Pol ScanSAR 30m Resolution 125km Swath C,CH CV,Compact,Descending,30,0.0,,,False,True,False
2022,2022-04-09T14:12:45,RCM1_OK1936887_PK2051816_1_SC30MCPC_20220409_141241_CH_CV_MLC,13341953,MLC,SC30MCPC,Compact-Pol ScanSAR 30m Resolution 125km Swath C,CH CV,Compact,Descending,30,24.0,30.5,55.0,False,True,False
2022,2022-04-11T13:56:57,RCM2_OK1936887_PK2053776_1_SC30MCPD_20220411_135656_CH_CV_MLC,13347301,MLC,SC30MCPD,Compact-Pol ScanSAR 30m Resolution 125km Swath D,CH CV,Compact,Descending,30,55.25,0.0,55.0,True,True,False
2022,2022-04-14T01:12:53,RCM2_OK1937778_PK2056283_1_SC30MCPB_20220414_011216_CH_CV_MLC,13353947,MLC,SC30MCPB,Compact-Pol ScanSAR 30m Resolution 125km Swath B,CH CV,Compact,Ascending,30,27.5,27.75,55.0,False,True,False
2022,2022-04-15T13:57:04,RCM3_OK1948107_PK2057944_2_SC30MCPD_20220415_135646_CH_CV_MLC,13359489,MLC,SC30MCPD,Compact-Pol ScanSAR 30m Resolution 125km Swath D,CH CV,Compact,Descending,30,55.25,0.0,55.0,True,True,False
2022,2022-04-16T14:05:14,RCM3_OK1957306_PK2058881_1_16M14_20220416_140514_HH_HV_GRD,13360127,GRD,16M14,Stripmap 16m Resolution 30km Swath 14,HH HV,Dual Co/Cross,Descending,16,5.0,50.25,55.0,False,True,False
2022,2022-04-17T14:13:04,RCM3_OK1948107_PK2060262_1_SC30MCPC_20220417_141304_CH_CV_MLC,13366674,MLC,SC30MCPC,Compact-Pol ScanSAR 30m Resolution 125km Swath C,CH CV,Compact,Descending,30,23.75,30.5,55.0,False,True,False
2022,2022-04-17T14:13:04,RCM3_OK1936886_PK2060263_1_SC30MCPC_20220417_141304_CH_CV_MLC,13366713,MLC,SC30MCPC,Compact-Pol ScanSAR 30m Resolution 125km Swath C,CH CV,Compact,Descending,30,0.0,,,False,True,False
2022,2022-04-17T14:13:08,RCM3_OK1936887_PK2060264_1_SC30MCPC_20220417_141304_CH_CV_MLC,13366780,MLC,SC30MCPC,Compact-Pol ScanSAR 30m Resolution 125km Swath C,CH CV,Compact,Descending,30,23.75,30.5,55.0,False,True,False
2022,2022-04-18T01:13:09,RCM3_OK1957306_PK2060771_1_16M6_20220418_011307_HH_HV_GRD,13364639,GRD,16M6,Stripmap 16m Resolution 30km Swath 6,HH HV,Dual Co/Cross,Ascending,16,2.75,52.5,55.0,False,True,False
2022,2022-04-19T01:21:13,RCM3_OK1957306_PK2061802_1_16M12_20220419_012110_HH_HV_GRD,13367937,GRD,16M12,Stripmap 16m Resolution 30km Swath 12,HH HV,Dual Co/Cross,Ascending,16,49.5,5.75,55.0,False,True,False
2022,2022-04-19T13:56:45,RCM1_OK1957306_PK2062315_1_16M17_20220419_135645_HH_HV_GRD,13370012,GRD,16M17,Stripmap 16m Resolution 30km Swath 17,HH HV,Dual Co/Cross,Descending,16,0.0,,,False,True,False
2022,2022-04-19T13:56:50,RCM1_OK1936887_PK2062327_1_SC30MCPD_20220419_135651_CH_CV_MLC,13373240,MLC,SC30MCPD,Compact-Pol ScanSAR 30m Resolution 125km Swath D,CH CV,Compact,Descending,30,17.25,38.0,55.0,False,True,False
2022,2022-04-20T14:04:50,RCM1_OK1957306_PK2063468_1_16M14_20220420_140450_HH_HV_GRD,13373745,GRD,16M14,Stripmap 16m Resolution 30km Swath 14,HH HV,Dual Co/Cross,Descending,16,18.25,36.5,55.0,False,True,False
2022,2022-04-22T01:12:32,RCM1_OK1937778_PK2065365_1_SC30MCPB_20220422_011232_CH_CV_MLC,13380062,MLC,SC30MCPB,Compact-Pol ScanSAR 30m Resolution 125km Swath B,CH CV,Compact,Ascending,30,0.0,,,False,True,False
2022,2022-04-22T01:12:32,RCM1_OK1948107_PK2065364_1_SC30MCPB_20220422_011232_CH_CV_MLC,13380560,MLC,SC30MCPB,Compact-Pol ScanSAR 30m Resolution 125km Swath B,CH CV,Compact,Ascending,30,33.75,21.5,55.0,False,True,False
2022,2022-04-23T01:20:47,RCM1_OK1957306_PK2066661_1_16M11_20220423_012045_HH_HV_GRD,13383367,GRD,16M11,Stripmap 16m Resolution 30km Swath 11,HH HV,Dual Co/Cross,Ascending,16,13.5,40.0,55.0,False,True,False
2022,2022-04-23T13:56:57,RCM2_OK1957306_PK2067108_1_16M17_20220423_135657_HH_HV_GRD,13385691,GRD,16M17,Stripmap 16m Resolution 30km Swath 17,HH HV,Dual Co/Cross,Descending,16,0.0,,,False,True,False
2022,2022-04-24T14:05:02,RCM2_OK1957306_PK2068116_1_16M14_20220424_140502_HH_HV_GRD,13388057,GRD,16M14,Stripmap 16m Resolution 30km Swath 14,HH HV,Dual Co/Cross,Descending,16,18.25,36.5,55.0,False,True,False
2022,2022-04-25T14:12:42,RCM2_OK1948107_PK2069230_2_SC30MCPB_20220425_141223_CH_CV_MLC,13393767,MLC,SC30MCPB,Compact-Pol ScanSAR 30m Resolution 125km Swath B,CH CV,Compact,Descending,30,50.0,0.0,49.75,True,True,False
2022,2022-04-25T14:12:57,RCM2_OK1936887_PK2069232_1_SC30MCPB_20220425_141223_CH_CV_MLC,13393263,MLC,SC30MCPB,Compact-Pol ScanSAR 30m Resolution 125km Swath B,CH CV,Compact,Descending,30,55.25,0.0,55.0,True,True,False
2022,2022-04-25T14:13:00,RCM2_OK1948107_PK2069230_3_SC30MCPB_20220425_141223_CH_CV_MLC,13393377,MLC,SC30MCPB,Compact-Pol ScanSAR 30m Resolution 125km Swath B,CH CV,Compact,Descending,30,47.0,8.25,55.0,False,True,False
2022,2022-04-25T14:13:00,RCM2_OK1937778_PK2069231_1_SC30MCPB_20220425_141223_CH_CV_MLC,13393348,MLC,SC30MCPB,Compact-Pol ScanSAR 30m Resolution 125km Swath B,CH CV,Compact,Descending,30,43.5,11.75,55.0,False,True,False
2022,2022-04-28T14:05:14,RCM3_OK1957306_PK2072625_1_16M14_20220428_140514_HH_HV_GRD,13403591,GRD,16M14,Stripmap 16m Resolution 30km Swath 14,HH HV,Dual Co/Cross,Descending,16,5.0,50.25,55.0,False,True,False
2022,2022-04-29T01:05:19,RCM3_OK1948107_PK2073489_1_SC30MCPA_20220429_010519_CH_CV_MLC,13407628,MLC,SC30MCPA,Compact-Pol ScanSAR 30m Resolution 125km Swath A,CH CV,Compact,Ascending,30,0.0,,,False,True,False
2022,2022-04-30T01:13:10,RCM3_OK1957306_PK2074612_1_16M6_20220430_011308_HH_HV_GRD,13409051,GRD,16M6,Stripmap 16m Resolution 30km Swath 6,HH HV,Dual Co/Cross,Ascending,16,2.75,52.5,55.0,False,True,False
2022,2022-05-01T01:21:11,RCM3_OK1957306_PK2075939_1_16M11_20220501_012111_HH_HV_GRD,13412583,GRD,16M11,Stripmap 16m Resolution 30km Swath 11,HH HV,Dual Co/Cross,Ascending,16,14.25,39.75,55.0,False,True,False
2022,2022-05-02T14:04:51,RCM1_OK1957306_PK2077757_1_16M14_20220502_140450_HH_HV_GRD,13418767,GRD,16M14,Stripmap 16m Resolution 30km Swath 14,HH HV,Dual Co/Cross,Descending,16,17.25,36.5,55.0,False,True,False
2022,2022-05-04T01:12:48,RCM1_OK1948107_PK2079279_1_SC30MCPB_20220504_011248_CH_CV_MLC,13427264,MLC,SC30MCPB,Compact-Pol ScanSAR 30m Resolution 125km Swath B,CH CV,Compact,Ascending,30,55.25,0.0,55.0,True,True,False
2022,2022-05-04T01:12:50,RCM1_OK1936887_PK2079280_1_SC30MCPB_20220504_011248_CH_CV_MLC,13427570,MLC,SC30MCPB,Compact-Pol ScanSAR 30m Resolution 125km Swath B,CH CV,Compact,Ascending,30,55.25,0.0,55.0,True,True,False
2022,2022-05-06T14:05:03,RCM2_OK1957306_PK2081942_1_16M14_20220506_140502_HH_HV_GRD,13444824,GRD,16M14,Stripmap 16m Resolution 30km Swath 14,HH HV,Dual Co/Cross,Descending,16,18.25,36.5,55.0,False,True,False
2022,2022-05-08T01:12:44,RCM2_OK1937778_PK2083513_1_SC30MCPB_20220508_011112_CH_CV_MLC,13465446,MLC,SC30MCPB,Compact-Pol ScanSAR 30m Resolution 125km Swath B,CH CV,Compact,Ascending,30,0.0,,,False,True,False
2022,2022-05-08T01:12:44,RCM2_OK1948107_PK2083510_6_SC30MCPB_20220508_011112_CH_CV_MLC,13465760,MLC,SC30MCPB,Compact-Pol ScanSAR 30m Resolution 125km Swath B,CH CV,Compact,Ascending,30,33.5,21.75,55.0,False,True,False
2022,2022-05-08T14:20:58,RCM2_OK2083047_PK2084100_1_16M4_20220508_142058_HH_HV_GRD,13453179,GRD,16M4,Stripmap 16m Resolution 30km Swath 4,HH HV,Dual Co/Cross,Descending,16,44.75,0.0,46.75,True,True,False
2022,2022-05-09T01:20:59,RCM2_OK2083047_PK2084549_1_16M11_20220509_012057_HH_HV_GRD,13463887,GRD,16M11,Stripmap 16m Resolution 30km Swath 11,HH HV,Dual Co/Cross,Ascending,16,13.5,40.0,55.0,False,True,False
2022,2022-05-09T13:57:09,RCM3_OK2083047_PK2084997_1_16M17_20220509_135709_HH_HV_GRD,13463260,GRD,16M17,Stripmap 16m Resolution 30km Swath 17,HH HV,Dual Co/Cross,Descending,16,0.0,,,False,True,False
2022,2022-05-09T13:57:14,RCM3_OK1948107_PK2085010_1_SC30MCPD_20220509_135714_CH_CV_MLC,13467665,MLC,SC30MCPD,Compact-Pol ScanSAR 30m Resolution 125km Swath D,CH CV,Compact,Descending,30,24.75,30.5,55.0,False,True,False
2022,2022-05-10T01:29:05,RCM2_OK2083047_PK2085529_1_16M17_20220510_012905_HH_HV_GRD,13465789,GRD,16M17,Stripmap 16m Resolution 30km Swath 17,HH HV,Dual Co/Cross,Ascending,16,16.75,0.0,16.5,True,True,True
2022,2022-05-10T14:05:09,RCM3_OK2083047_PK2085925_1_16M13_20220510_140509_HH_HV_GRD,13468283,GRD,16M13,Stripmap 16m Resolution 30km Swath 13,HH HV,Dual Co/Cross,Descending,16,11.25,0.0,11.0,False,True,True
2022,2022-05-10T14:05:15,RCM3_OK2083047_PK2085926_1_16M14_20220510_140515_HH_HV_GRD,13468288,GRD,16M14,Stripmap 16m Resolution 30km Swath 14,HH HV,Dual Co/Cross,Descending,16,5.0,50.25,55.0,False,True,False
2022,2022-05-11T01:05:14,RCM3_OK2083047_PK2086452_1_16M2_20220511_010511_HH_HV_GRD,13469764,GRD,16M2,Stripmap 16m Resolution 30km Swath 2,HH HV,Dual Co/Cross,Ascending,16,43.25,12.0,55.0,False,True,True
2022,2022-05-11T14:13:10,RCM3_OK2083047_PK2087044_1_16M9_20220511_141309_HH_HV_GRD,13471604,GRD,16M9,Stripmap 16m Resolution 30km Swath 9,HH HV,Dual Co/Cross,Descending,16,38.5,12.75,55.0,False,True,True
2022,2022-05-12T01:13:17,RCM3_OK2083047_PK2087497_1_16M7_20220512_011316_HH_HV_GRD,13473270,GRD,16M7,Stripmap 16m Resolution 30km Swath 7,HH HV,Dual Co/Cross,Ascending,16,29.0,2.25,31.0,False,True,True
2022,2022-05-12T14:21:09,RCM3_OK2083047_PK2088024_1_16M4_20220512_142109_HH_HV_GRD,13473966,GRD,16M4,Stripmap 16m Resolution 30km Swath 4,HH HV,Dual Co/Cross,Descending,16,55.25,0.0,55.0,True,True,True
2022,2022-05-12T14:21:15,RCM3_OK2083047_PK2088024_2_16M4_20220512_142109_HH_HV_GRD,13473967,GRD,16M4,Stripmap 16m Resolution 30km Swath 4,HH HV,Dual Co/Cross,Descending,16,0.0,,,False,True,False
2022,2022-05-13T01:21:18,RCM3_OK2083047_PK2088501_1_16M12_20220513_012118_HH_HV_GRD,13476557,GRD,16M12,Stripmap 16m Resolution 30km Swath 12,HH HV,Dual Co/Cross,Ascending,16,7.75,0.0,7.5,False,True,True
2022,2022-05-13T13:56:46,RCM1_OK2083047_PK2089001_1_16M17_20220513_135646_HH_HV_GRD,13478211,GRD,16M17,Stripmap 16m Resolution 30km Swath 17,HH HV,Dual Co/Cross,Descending,16,0.0,,,False,True,True
2022,2022-05-14T01:29:18,RCM3_OK2083047_PK2089783_1_16M17_20220514_012917_HH_HV_GRD,13480392,GRD,16M17,Stripmap 16m Resolution 30km Swath 17,HH HV,Dual Co/Cross,Ascending,16,6.5,0.0,6.25,False,True,False
2022,2022-05-14T14:04:46,RCM1_OK2083047_PK2090150_1_16M13_20220514_140446_HH_HV_GRD,13481724,GRD,16M13,Stripmap 16m Resolution 30km Swath 13,HH HV,Dual Co/Cross,Descending,16,22.75,0.0,22.5,True,True,False
2022,2022-05-14T14:04:52,RCM1_OK2083047_PK2090148_1_16M14_20220514_140452_HH_HV_GRD,13481726,GRD,16M14,Stripmap 16m Resolution 30km Swath 14,HH HV,Dual Co/Cross,Descending,16,4.5,50.75,55.0,False,True,False
2022,2022-05-15T01:04:51,RCM1_OK2083047_PK2090671_1_16M2_20220515_010449_HH_HV_GRD,13483084,GRD,16M2,Stripmap 16m Resolution 30km Swath 2,HH HV,Dual Co/Cross,Ascending,16,43.25,12.0,55.0,False,True,False
2022,2022-05-15T14:12:39,RCM1_OK2363455_PK2363502_1_SC30MCPB_20220515_141240_CH_CV_MLC,15202601,MLC,SC30MCPB,Compact-Pol ScanSAR 30m Resolution 125km Swath B,CH CV,Compact,Descending,30,55.25,0.0,55.0,True,True,False
2022,2022-05-15T14:12:40,RCM1_OK1948107_PK2091138_1_SC30MCPB_20220515_141240_CH_CV_MLC,13487480,MLC,SC30MCPB,Compact-Pol ScanSAR 30m Resolution 125km Swath B,CH CV,Compact,Descending,30,55.25,0.0,55.0,True,True,False
2022,2022-05-15T14:12:47,RCM1_OK1936887_PK2091139_1_SC30MCPB_20220515_141240_CH_CV_MLC,13487348,MLC,SC30MCPB,Compact-Pol ScanSAR 30m Resolution 125km Swath B,CH CV,Compact,Descending,30,55.25,0.0,55.0,True,True,False
2022,2022-05-16T01:12:54,RCM1_OK2089035_PK2091564_1_16M7_20220516_011254_HH_HV_GRD,13485976,GRD,16M7,Stripmap 16m Resolution 30km Swath 7,HH HV,Dual Co/Cross,Ascending,16,29.0,2.25,31.0,False,True,False
2022,2022-05-16T14:20:46,RCM1_OK2089035_PK2092099_1_16M4_20220516_142046_HH_HV_GRD,13486325,GRD,16M4,Stripmap 16m Resolution 30km Swath 4,HH HV,Dual Co/Cross,Descending,16,55.25,0.0,55.0,True,True,False
2022,2022-05-16T14:20:52,RCM1_OK2089035_PK2092099_2_16M4_20220516_142046_HH_HV_GRD,13486291,GRD,16M4,Stripmap 16m Resolution 30km Swath 4,HH HV,Dual Co/Cross,Descending,16,0.0,,,False,True,False
2022,2022-05-17T01:20:54,RCM1_OK2089035_PK2092574_1_16M12_20220517_012054_HH_HV_GRD,13489688,GRD,16M12,Stripmap 16m Resolution 30km Swath 12,HH HV,Dual Co/Cross,Ascending,16,21.0,0.0,20.75,True,True,False
2022,2022-05-18T01:28:54,RCM1_OK2089035_PK2093584_1_16M17_20220518_012854_HH_HV_GRD,13493413,GRD,16M17,Stripmap 16m Resolution 30km Swath 17,HH HV,Dual Co/Cross,Ascending,16,16.0,0.0,15.75,True,True,False
2022,2022-05-18T14:05:01,RCM2_OK2089035_PK2093947_1_16M14_20220518_140501_HH_HV_GRD,13494783,GRD,16M14,Stripmap 16m Resolution 30km Swath 14,HH HV,Dual Co/Cross,Descending,16,18.25,36.5,55.0,False,True,False
2022,2022-05-19T01:05:04,RCM2_OK2089035_PK2094354_1_16M2_20220519_010501_HH_HV_GRD,13496003,GRD,16M2,Stripmap 16m Resolution 30km Swath 2,HH HV,Dual Co/Cross,Ascending,16,43.25,12.0,55.0,False,True,False
2022,2022-05-19T14:12:59,RCM2_OK2089035_PK2094853_1_16M8_20220519_141258_HH_HV_GRD,13497472,GRD,16M8,Stripmap 16m Resolution 30km Swath 8,HH HV,Dual Co/Cross,Descending,16,51.75,0.0,51.5,True,True,False
2022,2022-05-20T01:13:07,RCM2_OK2089035_PK2095576_1_16M7_20220520_011307_HH_HV_GRD,13499746,GRD,16M7,Stripmap 16m Resolution 30km Swath 7,HH HV,Dual Co/Cross,Ascending,16,11.5,2.25,13.5,False,True,False
2022,2022-05-20T14:20:59,RCM2_OK2089035_PK2096337_1_16M4_20220520_142058_HH_HV_GRD,13501802,GRD,16M4,Stripmap 16m Resolution 30km Swath 4,HH HV,Dual Co/Cross,Descending,16,55.25,0.0,55.0,True,True,False
2022,2022-05-20T14:21:04,RCM2_OK2089035_PK2096337_2_16M4_20220520_142058_HH_HV_GRD,13501803,GRD,16M4,Stripmap 16m Resolution 30km Swath 4,HH HV,Dual Co/Cross,Descending,16,0.0,,,False,True,False
2022,2022-05-21T13:56:57,RCM3_OK1948107_PK2097561_1_SC30MCPD_20220521_135657_CH_CV_MLC,13507707,MLC,SC30MCPD,Compact-Pol ScanSAR 30m Resolution 125km Swath D,CH CV,Compact,Descending,30,55.25,0.0,55.0,True,True,False
2022,2022-05-21T13:57:10,RCM3_OK1936887_PK2097562_1_SC30MCPD_20220521_135657_CH_CV_MLC,13507755,MLC,SC30MCPD,Compact-Pol ScanSAR 30m Resolution 125km Swath D,CH CV,Compact,Descending,30,55.25,0.0,55.0,True,True,False
2022,2022-05-21T13:57:14,RCM3_OK1937778_PK2097563_1_SC30MCPD_20220521_135657_CH_CV_MLC,13507760,MLC,SC30MCPD,Compact-Pol ScanSAR 30m Resolution 125km Swath D,CH CV,Compact,Descending,30,37.75,17.25,55.0,False,True,False
2022,2022-05-21T13:57:16,RCM3_OK1948107_PK2097561_2_SC30MCPD_20220521_135657_CH_CV_MLC,13507767,MLC,SC30MCPD,Compact-Pol ScanSAR 30m Resolution 125km Swath D,CH CV,Compact,Descending,30,1.25,54.0,55.0,False,True,False
2022,2022-05-22T01:29:06,RCM2_OK2089035_PK2097907_1_16M17_20220522_012906_HH_HV_GRD,13506336,GRD,16M17,Stripmap 16m Resolution 30km Swath 17,HH HV,Dual Co/Cross,Ascending,16,17.0,0.0,16.75,True,True,False
2022,2022-05-22T14:05:13,RCM3_OK2089035_PK2098436_1_16M14_20220522_140512_HH_HV_GRD,13508323,GRD,16M14,Stripmap 16m Resolution 30km Swath 14,HH HV,Dual Co/Cross,Descending,16,18.25,36.5,55.0,False,True,False
2022,2022-05-23T14:13:03,RCM3_OK1948107_PK2099534_1_SC30MCPB_20220523_141303_CH_CV_MLC,13513802,MLC,SC30MCPB,Compact-Pol ScanSAR 30m Resolution 125km Swath B,CH CV,Compact,Descending,30,55.25,0.0,55.0,True,True,False
2022,2022-05-23T14:13:10,RCM3_OK1936887_PK2099535_1_SC30MCPB_20220523_141303_CH_CV_MLC,13513765,MLC,SC30MCPB,Compact-Pol ScanSAR 30m Resolution 125km Swath B,CH CV,Compact,Descending,30,55.25,0.0,55.0,True,True,False
2022,2022-05-27T14:12:43,RCM1_OK1936886_PK2103865_1_SC30MCPC_20220527_141243_CH_CV_MLC,13527733,MLC,SC30MCPC,Compact-Pol ScanSAR 30m Resolution 125km Swath C,CH CV,Compact,Descending,30,0.0,,,False,True,False
2022,2022-05-27T14:12:47,RCM1_OK1936887_PK2103864_1_SC30MCPC_20220527_141243_CH_CV_MLC,13527734,MLC,SC30MCPC,Compact-Pol ScanSAR 30m Resolution 125km Swath C,CH CV,Compact,Descending,30,23.5,30.75,55.0,False,True,False
2022,2022-05-30T14:04:59,RCM2_OK1936887_PK2106789_1_SC30MCPC_20220530_140458_CH_CV_MLC,13534094,MLC,SC30MCPC,Compact-Pol ScanSAR 30m Resolution 125km Swath C,CH CV,Compact,Descending,30,55.25,0.0,55.0,True,True,False
2022,2022-06-01T01:12:46,RCM2_OK1937778_PK2109808_1_SC30MCPB_20220601_011032_CH_CV_MLC,13536569,MLC,SC30MCPB,Compact-Pol ScanSAR 30m Resolution 125km Swath B,CH CV,Compact,Ascending,30,0.0,,,False,True,False
2022,2022-06-01T01:12:59,RCM2_OK1948107_PK2109813_9_SC30MCPB_20220601_011032_CH_CV_MLC,13536026,MLC,SC30MCPB,Compact-Pol ScanSAR 30m Resolution 125km Swath B,CH CV,Compact,Ascending,30,55.25,0.0,55.0,True,True,False
2022,2022-06-04T14:13:00,RCM3_OK1948107_PK2114322_1_SC30MCPC_20220604_141301_CH_CV_MLC,13553627,MLC,SC30MCPC,Compact-Pol ScanSAR 30m Resolution 125km Swath C,CH CV,Compact,Descending,30,22.5,32.75,55.0,False,True,False
2022,2022-06-04T14:13:07,RCM3_OK1936886_PK2114323_1_SC30MCPC_20220604_141301_CH_CV_MLC,13553058,MLC,SC30MCPC,Compact-Pol ScanSAR 30m Resolution 125km Swath C,CH CV,Compact,Descending,30,0.0,,,False,True,False
2022,2022-06-04T14:13:11,RCM3_OK1936887_PK2114324_1_SC30MCPC_20220604_141301_CH_CV_MLC,13553059,MLC,SC30MCPC,Compact-Pol ScanSAR 30m Resolution 125km Swath C,CH CV,Compact,Descending,30,23.75,30.5,55.0,False,True,False
2022,2022-06-06T13:56:41,RCM1_OK1948107_PK2116859_1_SC30MCPD_20220606_135641_CH_CV_MLC,13559522,MLC,SC30MCPD,Compact-Pol ScanSAR 30m Resolution 125km Swath D,CH CV,Compact,Descending,30,55.25,0.0,55.0,True,True,False
2022,2022-06-06T13:56:48,RCM1_OK1936887_PK2116860_1_SC30MCPD_20220606_135641_CH_CV_MLC,13559520,MLC,SC30MCPD,Compact-Pol ScanSAR 30m Resolution 125km Swath D,CH CV,Compact,Descending,30,55.25,0.0,55.0,True,True,False
2022,2022-06-12T14:12:44,RCM2_OK1948107_PK2125210_2_SC30MCPB_20220612_141226_CH_CV_MLC,13577600,MLC,SC30MCPB,Compact-Pol ScanSAR 30m Resolution 125km Swath B,CH CV,Compact,Descending,30,50.0,0.0,49.75,True,True,False
2022,2022-06-12T14:13:00,RCM2_OK1936887_PK2125212_1_SC30MCPB_20220612_141226_CH_CV_MLC,13577626,MLC,SC30MCPB,Compact-Pol ScanSAR 30m Resolution 125km Swath B,CH CV,Compact,Descending,30,55.25,0.0,55.0,True,True,False
2022,2022-06-12T14:13:02,RCM2_OK1948107_PK2125210_3_SC30MCPB_20220612_141226_CH_CV_MLC,13577633,MLC,SC30MCPB,Compact-Pol ScanSAR 30m Resolution 125km Swath B,CH CV,Compact,Descending,30,47.0,8.25,55.0,False,True,False
2022,2022-06-12T14:13:03,RCM2_OK1937778_PK2125211_1_SC30MCPB_20220612_141226_CH_CV_MLC,13577629,MLC,SC30MCPB,Compact-Pol ScanSAR 30m Resolution 125km Swath B,CH CV,Compact,Descending,30,40.25,15.0,55.0,False,True,False
2022,2022-06-15T14:05:04,RCM3_OK1948107_PK2128170_1_SC30MCPD_20220615_140504_CH_CV_MLC,13592089,MLC,SC30MCPD,Compact-Pol ScanSAR 30m Resolution 125km Swath D,CH CV,Compact,Descending,30,55.25,0.0,55.0,True,True,False
2023,2023-03-21T01:21:16,RCM3_OK2274648_PK2487531_1_SC30MCPC_20230321_012115_CH_CV_MLC,16001084,MLC,SC30MCPC,Compact-Pol ScanSAR 30m Resolution 125km Swath C,CH CV,Compact,Ascending,30,55.25,0.0,55.0,True,True,False
2023,2023-04-02T01:21:15,RCM3_OK2436649_PK2499127_1_SC30MCPC_20230402_012115_CH_CV_MLC,16071084,MLC,SC30MCPC,Compact-Pol ScanSAR 30m Resolution 125km Swath C,CH CV,Compact,Ascending,30,55.25,0.0,55.0,True,True,False
2023,2023-04-02T01:21:16,RCM3_OK2387970_PK2499128_1_SC30MCPC_20230402_012115_CH_CV_MLC,16070759,MLC,SC30MCPC,Compact-Pol ScanSAR 30m Resolution 125km Swath C,CH CV,Compact,Ascending,30,55.25,0.0,55.0,True,True,False
2023,2023-04-02T13:56:55,RCM1_OK2436649_PK2499615_1_SC30MCPD_20230402_135655_CH_CV_MLC,16081480,MLC,SC30MCPD,Compact-Pol ScanSAR 30m Resolution 125km Swath D,CH CV,Compact,Descending,30,17.25,38.0,55.0,False,True,False
2023,2023-04-04T01:04:49,RCM1_OK2436649_PK2501388_1_SC30MCPA_20230404_010449_CH_CV_MLC,16086582,MLC,SC30MCPA,Compact-Pol ScanSAR 30m Resolution 125km Swath A,CH CV,Compact,Ascending,30,55.25,0.0,55.0,True,True,False
2023,2023-04-05T01:12:35,RCM1_OK2392038_PK2502423_1_SC30MCPB_20230405_011234_CH_CV_MLC,16091760,MLC,SC30MCPB,Compact-Pol ScanSAR 30m Resolution 125km Swath B,CH CV,Compact,Ascending,30,6.25,49.0,55.0,False,True,False
2023,2023-04-05T01:12:49,RCM1_OK2436649_PK2502422_1_SC30MCPB_20230405_011234_CH_CV_MLC,16091783,MLC,SC30MCPB,Compact-Pol ScanSAR 30m Resolution 125km Swath B,CH CV,Compact,Ascending,30,34.0,21.25,55.0,False,True,False
2023,2023-04-10T01:21:05,RCM2_OK2387970_PK2509412_1_SC30MCPC_20230410_012104_CH_CV_MLC,16114756,MLC,SC30MCPC,Compact-Pol ScanSAR 30m Resolution 125km Swath C,CH CV,Compact,Ascending,30,55.25,0.0,55.0,True,True,False
2023,2023-04-14T13:56:29,RCM1_OK2436649_PK2514220_1_SC30MCPD_20230414_135629_CH_CV_MLC,16137904,MLC,SC30MCPD,Compact-Pol ScanSAR 30m Resolution 125km Swath D,CH CV,Compact,Descending,30,55.25,0.0,55.0,True,True,False
2023,2023-04-15T01:28:48,RCM3_OK2436649_PK2514882_1_SC30MCPD_20230415_012848_CH_CV_MLC,16137382,MLC,SC30MCPD,Compact-Pol ScanSAR 30m Resolution 125km Swath D,CH CV,Compact,Ascending,30,24.0,31.25,55.0,False,True,False
2023,2023-04-15T01:29:17,RCM3_OK2436649_PK2514882_2_SC30MCPD_20230415_012848_CH_CV_MLC,16137407,MLC,SC30MCPD,Compact-Pol ScanSAR 30m Resolution 125km Swath D,CH CV,Compact,Ascending,30,55.25,0.0,55.0,True,True,False
2023,2023-04-16T14:12:51,RCM1_OK2389074_PK2516745_1_16M8_20230416_141250_HH_HV_GRD,16141118,GRD,16M8,Stripmap 16m Resolution 30km Swath 8,HH HV,Dual Co/Cross,Descending,16,52.75,0.0,55.0,True,True,False
2023,2023-04-17T01:12:52,RCM1_OK2389074_PK2517274_1_16M6_20230417_011250_HH_HV_GRD,16142977,GRD,16M6,Stripmap 16m Resolution 30km Swath 6,HH HV,Dual Co/Cross,Ascending,16,3.0,52.25,55.0,False,True,False
2023,2023-04-18T01:20:53,RCM1_OK2389074_PK2518657_1_16M11_20230418_012053_HH_HV_GRD,16149688,GRD,16M11,Stripmap 16m Resolution 30km Swath 11,HH HV,Dual Co/Cross,Ascending,16,14.5,39.5,55.0,False,True,False
2023,2023-04-18T13:57:02,RCM2_OK2389074_PK2519207_1_16M17_20230418_135702_HH_HV_GRD,16155396,GRD,16M17,Stripmap 16m Resolution 30km Swath 17,HH HV,Dual Co/Cross,Descending,16,0.0,,,False,True,False
2023,2023-04-18T13:57:07,RCM2_OK2392038_PK2519254_1_SC30MCPD_20230418_135707_CH_CV_MLC,16179292,MLC,SC30MCPD,Compact-Pol ScanSAR 30m Resolution 125km Swath D,CH CV,Compact,Descending,30,24.75,30.5,55.0,False,True,False
2023,2023-04-19T01:28:52,RCM1_OK2389074_PK2519946_1_16M16_20230419_012850_HH_HV_GRD,16168310,GRD,16M16,Stripmap 16m Resolution 30km Swath 16,HH HV,Dual Co/Cross,Ascending,16,24.5,30.75,55.0,False,True,False
2023,2023-04-20T14:13:03,RCM2_OK2389074_PK2521857_1_16M8_20230420_141302_HH_HV_GRD,16185660,GRD,16M8,Stripmap 16m Resolution 30km Swath 8,HH HV,Dual Co/Cross,Descending,16,53.25,0.0,55.0,True,True,False
2023,2023-04-21T01:13:06,RCM2_OK2387970_PK2522525_1_SC30MCPB_20230421_011304_CH_CV_MLC,16193996,MLC,SC30MCPB,Compact-Pol ScanSAR 30m Resolution 125km Swath B,CH CV,Compact,Ascending,30,55.25,0.0,55.0,True,True,False
2023,2023-04-22T01:21:04,RCM2_OK2389074_PK2523778_1_16M11_20230422_012102_HH_HV_GRD,16198839,GRD,16M11,Stripmap 16m Resolution 30km Swath 11,HH HV,Dual Co/Cross,Ascending,16,14.25,39.75,55.0,False,True,False
2023,2023-04-23T01:29:07,RCM2_OK2389074_PK2524842_1_16M17_20230423_012907_HH_HV_GRD,16205310,GRD,16M17,Stripmap 16m Resolution 30km Swath 17,HH HV,Dual Co/Cross,Ascending,16,51.25,0.0,51.0,True,True,False
2023,2023-04-24T14:13:15,RCM3_OK2389074_PK2526632_1_16M8_20230424_141314_HH_HV_GRD,16211813,GRD,16M8,Stripmap 16m Resolution 30km Swath 8,HH HV,Dual Co/Cross,Descending,16,52.75,0.0,55.0,True,True,False
2023,2023-04-25T01:13:16,RCM3_OK2389074_PK2527151_1_16M6_20230425_011313_HH_HV_GRD,16213400,GRD,16M6,Stripmap 16m Resolution 30km Swath 6,HH HV,Dual Co/Cross,Ascending,16,3.0,52.25,55.0,False,True,False
2023,2023-04-26T01:21:17,RCM3_OK2389074_PK2528211_1_16M11_20230426_012116_HH_HV_GRD,16217022,GRD,16M11,Stripmap 16m Resolution 30km Swath 11,HH HV,Dual Co/Cross,Ascending,16,14.25,39.75,55.0,False,True,False
2023,2023-04-28T01:04:38,RCM1_OK2436649_PK2530628_2_SC30MCPA_20230428_010411_CH_CV_MLC,16230786,MLC,SC30MCPA,Compact-Pol ScanSAR 30m Resolution 125km Swath A,CH CV,Compact,Ascending,30,55.25,0.0,55.0,True,True,False
2023,2023-04-28T14:12:52,RCM1_OK2389074_PK2531369_1_16M8_20230428_141251_HH_HV_GRD,16233400,GRD,16M8,Stripmap 16m Resolution 30km Swath 8,HH HV,Dual Co/Cross,Descending,16,52.75,0.0,55.0,True,True,False
2023,2023-04-29T01:12:53,RCM1_OK2389074_PK2531871_1_16M6_20230429_011251_HH_HV_GRD,16237289,GRD,16M6,Stripmap 16m Resolution 30km Swath 6,HH HV,Dual Co/Cross,Ascending,16,3.0,52.25,55.0,False,True,False
2023,2023-04-30T01:20:54,RCM1_OK2389074_PK2533259_1_16M11_20230430_012054_HH_HV_GRD,16245269,GRD,16M11,Stripmap 16m Resolution 30km Swath 11,HH HV,Dual Co/Cross,Ascending,16,14.25,39.75,55.0,False,True,False
2023,2023-04-30T13:57:03,RCM2_OK2389074_PK2533849_1_16M17_20230430_135702_HH_HV_GRD,16248178,GRD,16M17,Stripmap 16m Resolution 30km Swath 17,HH HV,Dual Co/Cross,Descending,16,0.0,,,False,True,False
2023,2023-04-30T13:57:07,RCM2_OK2436649_PK2533869_1_SC30MCPD_20230430_135708_CH_CV_MLC,16257434,MLC,SC30MCPD,Compact-Pol ScanSAR 30m Resolution 125km Swath D,CH CV,Compact,Descending,30,24.75,30.5,55.0,False,True,False
2023,2023-04-30T13:57:07,RCM2_OK2392038_PK2533870_1_SC30MCPD_20230430_135708_CH_CV_MLC,16257398,MLC,SC30MCPD,Compact-Pol ScanSAR 30m Resolution 125km Swath D,CH CV,Compact,Descending,30,24.75,30.5,55.0,False,True,False
2023,2023-05-01T01:28:53,RCM1_OK2389074_PK2534396_1_16M16_20230501_012851_HH_HV_GRD,16252215,GRD,16M16,Stripmap 16m Resolution 30km Swath 16,HH HV,Dual Co/Cross,Ascending,16,24.25,30.75,55.0,False,True,False
2023,2023-05-02T14:13:03,RCM2_OK2389074_PK2536844_1_16M8_20230502_141302_HH_HV_GRD,16263525,GRD,16M8,Stripmap 16m Resolution 30km Swath 8,HH HV,Dual Co/Cross,Descending,16,53.25,0.0,55.0,True,True,False
2023,2023-05-03T01:13:10,RCM2_OK2311800_PK2537488_1_SC30MB_20230503_011308_HH_HV_GRD,16285450,GRD,SC30MB,ScanSAR 30m Resolution 125km Swath B,HH HV,Dual Co/Cross,Ascending,30,46.75,0.0,48.0,True,True,False
2023,2023-05-04T01:21:04,RCM2_OK2389074_PK2539071_1_16M11_20230504_012102_HH_HV_GRD,16309682,GRD,16M11,Stripmap 16m Resolution 30km Swath 11,HH HV,Dual Co/Cross,Ascending,16,14.5,39.5,55.0,False,True,False
2023,2023-05-04T13:56:32,RCM3_OK2311800_PK2539638_1_SCLNB_20230504_135632_HH_HV_GRD,16313015,GRD,SCLNB,ScanSAR Low Noise 100m Resolution 350km Swath B,HH HV,Dual Co/Cross,Descending,100,46.75,0.0,47.5,True,True,False
2023,2023-05-05T01:29:08,RCM2_OK2389074_PK2540211_1_16M17_20230505_012907_HH_HV_GRD,16316868,GRD,16M17,Stripmap 16m Resolution 30km Swath 17,HH HV,Dual Co/Cross,Ascending,16,51.25,0.0,51.0,True,True,False
2023,2023-05-07T01:13:17,RCM3_OK2389074_PK2542787_1_16M6_20230507_011314_HH_HV_GRD,16329499,GRD,16M6,Stripmap 16m Resolution 30km Swath 6,HH HV,Dual Co/Cross,Ascending,16,3.0,52.25,55.0,False,True,False
2023,2023-05-08T01:21:17,RCM3_OK2389074_PK2544054_1_16M11_20230508_012117_HH_HV_GRD,16335147,GRD,16M11,Stripmap 16m Resolution 30km Swath 11,HH HV,Dual Co/Cross,Ascending,16,14.25,39.75,55.0,False,True,False
2023,2023-05-10T01:04:36,RCM1_OK2436649_PK2547268_2_SC30MCPA_20230510_010409_CH_CV_MLC,16353550,MLC,SC30MCPA,Compact-Pol ScanSAR 30m Resolution 125km Swath A,CH CV,Compact,Ascending,30,55.25,0.0,55.0,True,True,False
2023,2023-05-10T14:12:52,RCM1_OK2389074_PK2547871_1_16M8_20230510_141252_HH_HV_GRD,16354112,GRD,16M8,Stripmap 16m Resolution 30km Swath 8,HH HV,Dual Co/Cross,Descending,16,52.75,0.0,55.0,True,True,False
2023,2023-05-11T01:12:54,RCM1_OK2389074_PK2548551_1_16M6_20230511_011251_HH_HV_GRD,16357980,GRD,16M6,Stripmap 16m Resolution 30km Swath 6,HH HV,Dual Co/Cross,Ascending,16,3.0,52.25,55.0,False,True,False
2023,2023-05-11T01:13:02,RCM1_OK2311800_PK2548552_1_SC30MB_20230511_011302_HH_HV_GRD,16358155,GRD,SC30MB,ScanSAR 30m Resolution 125km Swath B,HH HV,Dual Co/Cross,Ascending,30,1.0,0.0,0.75,False,True,False
2023,2023-05-12T01:20:57,RCM1_OK2389074_PK2550315_1_16M11_20230512_012056_HH_HV_GRD,16377026,GRD,16M11,Stripmap 16m Resolution 30km Swath 11,HH HV,Dual Co/Cross,Ascending,16,14.25,39.75,55.0,False,True,False
2023,2023-05-14T14:13:06,RCM2_OK2389074_PK2553278_1_16M9_20230514_141303_HH_HV_GRD,16442743,GRD,16M9,Stripmap 16m Resolution 30km Swath 9,HH HV,Dual Co/Cross,Descending,16,38.25,13.0,55.0,False,True,False
2023,2023-05-15T01:13:11,RCM2_OK2389074_PK2553960_1_16M8_20230515_011309_HH_HV_GRD,16446783,GRD,16M8,Stripmap 16m Resolution 30km Swath 8,HH HV,Dual Co/Cross,Ascending,16,17.5,0.0,17.25,True,True,False
2023,2023-05-15T14:21:09,RCM2_OK2392038_PK2554538_1_SC30MCPA_20230515_142109_CH_CV_MLC,16455106,MLC,SC30MCPA,Compact-Pol ScanSAR 30m Resolution 125km Swath A,CH CV,Compact,Descending,30,0.5,54.75,55.0,False,True,False
2023,2023-05-16T13:56:33,RCM3_OK2311800_PK2557413_1_SCLNB_20230516_135633_HH_HV_GRD,16457680,GRD,SCLNB,ScanSAR Low Noise 100m Resolution 350km Swath B,HH HV,Dual Co/Cross,Descending,100,46.75,0.0,47.5,True,True,False
2023,2023-05-17T01:29:06,RCM2_OK2311800_PK2557939_1_SCLNB_20230517_012906_HH_HV_GRD,16461853,GRD,SCLNB,ScanSAR Low Noise 100m Resolution 350km Swath B,HH HV,Dual Co/Cross,Ascending,100,55.25,0.0,55.0,True,True,False
2023,2023-05-18T14:13:14,RCM3_OK2436649_PK2561377_1_SC30MCPC_20230518_141309_CH_CV_MLC,16477696,MLC,SC30MCPC,Compact-Pol ScanSAR 30m Resolution 125km Swath C,CH CV,Compact,Descending,30,22.5,32.75,55.0,False,True,False
2023,2023-05-18T14:13:15,RCM3_OK2387970_PK2561379_1_SC30MCPC_20230518_141309_CH_CV_MLC,16477852,MLC,SC30MCPC,Compact-Pol ScanSAR 30m Resolution 125km Swath C,CH CV,Compact,Descending,30,23.5,30.75,55.0,False,True,False
2023,2023-05-19T01:13:21,RCM3_OK2311800_PK2561901_1_SCLNB_20230519_011321_HH_HV_GRD,16476365,GRD,SCLNB,ScanSAR Low Noise 100m Resolution 350km Swath B,HH HV,Dual Co/Cross,Ascending,100,55.25,0.0,55.0,True,True,False
2023,2023-05-20T01:21:17,RCM3_OK2436649_PK2563965_1_SC30MCPC_20230520_012118_CH_CV_MLC,16482093,MLC,SC30MCPC,Compact-Pol ScanSAR 30m Resolution 125km Swath C,CH CV,Compact,Ascending,30,55.25,0.0,55.0,True,True,False
2023,2023-05-20T01:21:17,RCM3_OK2392038_PK2563966_1_SC30MCPC_20230520_012118_CH_CV_MLC,16481669,MLC,SC30MCPC,Compact-Pol ScanSAR 30m Resolution 125km Swath C,CH CV,Compact,Ascending,30,44.0,11.25,55.0,False,True,False
2023,2023-05-20T01:21:18,RCM3_OK2387970_PK2563967_1_SC30MCPC_20230520_012118_CH_CV_MLC,16481627,MLC,SC30MCPC,Compact-Pol ScanSAR 30m Resolution 125km Swath C,CH CV,Compact,Ascending,30,55.25,0.0,55.0,True,True,False
2023,2023-05-21T01:29:04,RCM3_OK2436649_PK2565210_2_SC30MCPD_20230521_012835_CH_CV_MLC,16485116,MLC,SC30MCPD,Compact-Pol ScanSAR 30m Resolution 125km Swath D,CH CV,Compact,Ascending,30,1.0,54.25,55.0,False,True,False
2023,2023-05-22T01:04:52,RCM1_OK2436649_PK2566635_2_SC30MCPA_20230522_010425_CH_CV_MLC,16489163,MLC,SC30MCPA,Compact-Pol ScanSAR 30m Resolution 125km Swath A,CH CV,Compact,Ascending,30,55.25,0.0,55.0,True,True,False
2023,2023-05-24T01:20:56,RCM1_OK2311800_PK2569156_1_SCLNB_20230524_012055_HH_HV_GRD,16504291,GRD,SCLNB,ScanSAR Low Noise 100m Resolution 350km Swath B,HH HV,Dual Co/Cross,Ascending,100,55.25,0.0,55.0,True,True,True
2023,2023-05-24T13:56:42,RCM2_OK2311800_PK2569834_1_SCLNB_20230524_135643_HH_HV_GRD,16506330,GRD,SCLNB,ScanSAR Low Noise 100m Resolution 350km Swath B,HH HV,Dual Co/Cross,Descending,100,39.0,0.0,41.25,True,True,True
2023,2023-05-25T01:28:56,RCM1_OK2311800_PK2570439_1_SCLNB_20230525_012855_HH_HV_GRD,16507899,GRD,SCLNB,ScanSAR Low Noise 100m Resolution 350km Swath B,HH HV,Dual Co/Cross,Ascending,100,55.25,0.0,55.0,True,True,False
2023,2023-05-26T14:13:10,RCM2_OK2392038_PK2572261_1_SC30MCPB_20230526_141310_CH_CV_MLC,16631081,MLC,SC30MCPB,Compact-Pol ScanSAR 30m Resolution 125km Swath B,CH CV,Compact,Descending,30,8.75,45.0,55.0,False,True,False
2023,2023-05-28T01:21:07,RCM2_OK2387970_PK2574038_1_SC30MCPC_20230528_012107_CH_CV_MLC,16634791,MLC,SC30MCPC,Compact-Pol ScanSAR 30m Resolution 125km Swath C,CH CV,Compact,Ascending,30,55.25,0.0,55.0,True,True,False
2023,2023-05-30T14:12:35,RCM3_OK2311800_PK2577213_1_SCLNB_20230530_141234_HH_HV_GRD,16654213,GRD,SCLNB,ScanSAR Low Noise 100m Resolution 350km Swath B,HH HV,Dual Co/Cross,Descending,100,55.25,0.0,55.0,True,True,False
2023,2023-05-31T01:13:22,RCM3_OK2311800_PK2577956_1_SCLNB_20230531_011321_HH_HV_GRD,16679092,GRD,SCLNB,ScanSAR Low Noise 100m Resolution 350km Swath B,HH HV,Dual Co/Cross,Ascending,100,55.25,0.0,55.0,True,True,False
2023,2023-06-01T13:56:30,RCM1_OK2436649_PK2579793_1_SC30MCPD_20230601_135631_CH_CV_MLC,16689697,MLC,SC30MCPD,Compact-Pol ScanSAR 30m Resolution 125km Swath D,CH CV,Compact,Descending,30,55.25,0.0,55.0,True,True,False
2023,2023-06-01T13:56:59,RCM1_OK2436649_PK2579793_2_SC30MCPD_20230601_135631_CH_CV_MLC,16689694,MLC,SC30MCPD,Compact-Pol ScanSAR 30m Resolution 125km Swath D,CH CV,Compact,Descending,30,1.25,54.0,55.0,False,True,False
2023,2023-06-03T14:12:49,RCM1_OK2436649_PK2584007_1_SC30MCPB_20230603_141249_CH_CV_MLC,16697037,MLC,SC30MCPB,Compact-Pol ScanSAR 30m Resolution 125km Swath B,CH CV,Compact,Descending,30,55.25,0.0,55.0,True,True,False
2023,2023-06-03T14:12:49,RCM1_OK2803410_PK2804381_1_SC30MCPB_20230603_141249_CH_CV_SLC,17600329,SLC,SC30MCPB,Compact-Pol ScanSAR 30m Resolution 125km Swath B,CH CV,Compact,Descending,30,55.25,0.0,55.0,True,True,False
2023,2023-06-03T14:12:56,RCM1_OK2392038_PK2584008_1_SC30MCPB_20230603_141249_CH_CV_MLC,16697149,MLC,SC30MCPB,Compact-Pol ScanSAR 30m Resolution 125km Swath B,CH CV,Compact,Descending,30,43.5,11.75,55.0,False,True,False
2023,2023-06-07T14:13:01,RCM2_OK2311800_PK2591356_1_SCLNB_20230607_141302_HH_HV_GRD,16711090,GRD,SCLNB,ScanSAR Low Noise 100m Resolution 350km Swath B,HH HV,Dual Co/Cross,Descending,100,55.25,0.0,55.0,True,True,False
2023,2023-06-13T01:21:07,RCM3_OK2436649_PK2602401_1_SC30MCPC_20230613_012107_CH_CV_MLC,16733678,MLC,SC30MCPC,Compact-Pol ScanSAR 30m Resolution 125km Swath C,CH CV,Compact,Ascending,30,55.25,0.0,55.0,True,True,False
2023,2023-06-13T01:21:20,RCM3_OK2387970_PK2602402_1_SC30MCPC_20230613_012107_CH_CV_MLC,16733675,MLC,SC30MCPC,Compact-Pol ScanSAR 30m Resolution 125km Swath C,CH CV,Compact,Ascending,30,55.25,0.0,55.0,True,True,False
2024,2024-03-21T14:13:03,RCM2_OK2776500_PK2994093_1_SC30MCPC_20240321_141303_CH_CV_MLC,19527461,MLC,SC30MCPC,Compact-Pol ScanSAR 30m Resolution 125km Swath C,CH CV,Compact,Descending,30,0.0,,,False,True,False
2024,2024-03-21T14:13:07,RCM2_OK2776507_PK2994094_1_SC30MCPC_20240321_141303_CH_CV_MLC,19527004,MLC,SC30MCPC,Compact-Pol ScanSAR 30m Resolution 125km Swath C,CH CV,Compact,Descending,30,23.5,30.75,55.0,False,True,False
2024,2024-03-25T14:13:18,RCM3_OK2776507_PK2998636_1_SC30MCPB_20240325_141318_CH_CV_MLC,19649429,MLC,SC30MCPB,Compact-Pol ScanSAR 30m Resolution 125km Swath B,CH CV,Compact,Descending,30,55.25,0.0,55.0,True,True,False
2024,2024-04-01T14:04:45,RCM2_OK2894366_PK3006325_1_SC30MCPC_20240401_140445_CH_CV_MLC,19700882,MLC,SC30MCPC,Compact-Pol ScanSAR 30m Resolution 125km Swath C,CH CV,Compact,Descending,30,55.25,0.0,55.0,True,True,False
2024,2024-04-01T14:05:08,RCM2_OK2878567_PK3006323_1_SC30MCPC_20240401_140445_CH_CV_MLC,19700877,MLC,SC30MCPC,Compact-Pol ScanSAR 30m Resolution 125km Swath C,CH CV,Compact,Descending,30,55.25,0.0,55.0,True,True,False
2024,2024-04-01T14:05:11,RCM2_OK2879921_PK3006324_1_SC30MCPC_20240401_140445_CH_CV_MLC,19700878,MLC,SC30MCPC,Compact-Pol ScanSAR 30m Resolution 125km Swath C,CH CV,Compact,Descending,30,43.25,12.0,55.0,False,True,False
2024,2024-04-01T14:05:13,RCM2_OK2894366_PK3006325_2_SC30MCPC_20240401_140445_CH_CV_MLC,19700881,MLC,SC30MCPC,Compact-Pol ScanSAR 30m Resolution 125km Swath C,CH CV,Compact,Descending,30,5.75,49.5,55.0,False,True,False
2024,2024-04-05T01:29:08,RCM2_OK2881015_PK3011007_1_16M16_20240405_012907_HH_HV_GRD,19712372,GRD,16M16,Stripmap 16m Resolution 30km Swath 16,HH HV,Dual Co/Cross,Ascending,16,23.75,30.75,55.0,False,True,False
2024,2024-04-05T14:05:22,RCM3_OK2881015_PK3011683_1_16M13_20240405_140522_HH_HV_GRD,19715936,GRD,16M13,Stripmap 16m Resolution 30km Swath 13,HH HV,Dual Co/Cross,Descending,16,46.25,9.0,55.0,False,True,False
2024,2024-04-07T01:13:20,RCM3_OK2881015_PK3013603_1_16M6_20240407_011318_HH_HV_GRD,19809157,GRD,16M6,Stripmap 16m Resolution 30km Swath 6,HH HV,Dual Co/Cross,Ascending,16,3.25,52.0,55.0,False,True,False
2024,2024-04-08T01:21:15,RCM3_OK2894366_PK3014764_1_SC30MCPC_20240408_012115_CH_CV_MLC,19844114,MLC,SC30MCPC,Compact-Pol ScanSAR 30m Resolution 125km Swath C,CH CV,Compact,Ascending,30,55.25,0.0,55.0,True,True,False
2024,2024-04-08T13:56:57,RCM1_OK2881015_PK3015344_1_16M17_20240408_135655_HH_HV_GRD,19844520,GRD,16M17,Stripmap 16m Resolution 30km Swath 17,HH HV,Dual Co/Cross,Descending,16,0.25,1.25,1.25,False,True,False
2024,2024-04-09T01:29:20,RCM3_OK2881015_PK3016832_1_16M16_20240409_012918_HH_HV_GRD,19907927,GRD,16M16,Stripmap 16m Resolution 30km Swath 16,HH HV,Dual Co/Cross,Ascending,16,24.25,30.75,55.0,False,True,False
2024,2024-04-09T14:04:57,RCM1_OK2881015_PK3017429_1_16M13_20240409_140456_HH_HV_GRD,19963044,GRD,16M13,Stripmap 16m Resolution 30km Swath 13,HH HV,Dual Co/Cross,Descending,16,55.25,0.0,55.0,True,True,False
2024,2024-04-09T14:05:03,RCM1_OK2881015_PK3017429_2_16M13_20240409_140456_HH_HV_GRD,19961627,GRD,16M13,Stripmap 16m Resolution 30km Swath 13,HH HV,Dual Co/Cross,Descending,16,0.0,,,False,True,False
2024,2024-04-10T14:12:52,RCM1_OK2894366_PK3019683_1_SC30MCPC_20240410_141252_CH_CV_MLC,19990877,MLC,SC30MCPC,Compact-Pol ScanSAR 30m Resolution 125km Swath C,CH CV,Compact,Descending,30,0.0,,,False,True,False
2024,2024-04-10T14:12:52,RCM1_OK2878565_PK3019681_1_SC30MCPC_20240410_141252_CH_CV_MLC,19990864,MLC,SC30MCPC,Compact-Pol ScanSAR 30m Resolution 125km Swath C,CH CV,Compact,Descending,30,0.0,,,False,True,False
2024,2024-04-10T14:12:55,RCM1_OK2878567_PK3019682_1_SC30MCPC_20240410_141252_CH_CV_MLC,19990888,MLC,SC30MCPC,Compact-Pol ScanSAR 30m Resolution 125km Swath C,CH CV,Compact,Descending,30,17.0,32.75,49.5,False,True,False
2024,2024-04-12T01:21:00,RCM1_OK2881015_PK3021585_1_16M12_20240412_012058_HH_HV_GRD,20102768,GRD,16M12,Stripmap 16m Resolution 30km Swath 12,HH HV,Dual Co/Cross,Ascending,16,55.25,0.0,55.0,True,True,False
2024,2024-04-12T13:57:07,RCM2_OK2881015_PK3022118_1_16M17_20240412_135707_HH_HV_GRD,20109838,GRD,16M17,Stripmap 16m Resolution 30km Swath 17,HH HV,Dual Co/Cross,Descending,16,0.0,,,False,True,False
2024,2024-04-13T14:05:10,RCM2_OK2878567_PK3023450_1_SC30MCPC_20240413_140510_CH_CV_MLC,20160937,MLC,SC30MCPC,Compact-Pol ScanSAR 30m Resolution 125km Swath C,CH CV,Compact,Descending,30,54.5,0.75,55.0,True,True,False
2024,2024-04-13T14:05:11,RCM2_OK2879921_PK3023451_1_SC30MCPC_20240413_140510_CH_CV_MLC,20160938,MLC,SC30MCPC,Compact-Pol ScanSAR 30m Resolution 125km Swath C,CH CV,Compact,Descending,30,39.5,15.75,55.0,False,True,False
2024,2024-04-14T14:13:09,RCM2_OK2881015_PK3024611_1_16M9_20240414_141307_HH_HV_GRD,20176578,GRD,16M9,Stripmap 16m Resolution 30km Swath 9,HH HV,Dual Co/Cross,Descending,16,37.25,17.75,55.0,False,True,False
2024,2024-04-17T01:29:12,RCM2_OK2881015_PK3027791_1_16M17_20240417_012910_HH_HV_GRD,20358835,GRD,16M17,Stripmap 16m Resolution 30km Swath 17,HH HV,Dual Co/Cross,Ascending,16,51.25,0.0,51.0,True,True,False
2024,2024-04-17T14:05:25,RCM3_OK2881015_PK3028376_1_16M14_20240417_140525_HH_HV_GRD,20423378,GRD,16M14,Stripmap 16m Resolution 30km Swath 14,HH HV,Dual Co/Cross,Descending,16,4.75,50.5,55.0,False,True,False
2024,2024-04-18T14:13:21,RCM3_OK2881015_PK3029879_1_16M8_20240418_141321_HH_HV_GRD,20656343,GRD,16M8,Stripmap 16m Resolution 30km Swath 8,HH HV,Dual Co/Cross,Descending,16,50.0,2.5,55.0,False,True,False
2024,2024-04-19T01:13:23,RCM3_OK2881015_PK3030575_1_16M7_20240419_011322_HH_HV_GRD,20751818,GRD,16M7,Stripmap 16m Resolution 30km Swath 7,HH HV,Dual Co/Cross,Ascending,16,53.25,2.0,55.0,False,True,False
2024,2024-04-21T01:29:23,RCM3_OK2881015_PK3033059_1_16M17_20240421_012921_HH_HV_GRD,21137404,GRD,16M17,Stripmap 16m Resolution 30km Swath 17,HH HV,Dual Co/Cross,Ascending,16,51.25,0.0,51.0,True,True,True
2024,2024-04-21T14:05:02,RCM1_OK2881015_PK3033707_1_16M14_20240421_140502_HH_HV_GRD,21139563,GRD,16M14,Stripmap 16m Resolution 30km Swath 14,HH HV,Dual Co/Cross,Descending,16,4.5,50.75,55.0,False,True,False
2024,2024-04-22T14:12:58,RCM1_OK2881015_PK3035072_1_16M8_20240422_141258_HH_HV_GRD,21147687,GRD,16M8,Stripmap 16m Resolution 30km Swath 8,HH HV,Dual Co/Cross,Descending,16,50.25,2.5,55.0,False,True,False
2024,2024-04-23T01:13:00,RCM1_OK2881015_PK3035564_1_16M7_20240423_011259_HH_HV_GRD,21156201,GRD,16M7,Stripmap 16m Resolution 30km Swath 7,HH HV,Dual Co/Cross,Ascending,16,53.25,2.0,55.0,False,True,False
2024,2024-04-24T01:21:00,RCM1_OK2881015_PK3036975_1_16M12_20240424_012059_HH_HV_GRD,21169105,GRD,16M12,Stripmap 16m Resolution 30km Swath 12,HH HV,Dual Co/Cross,Ascending,16,49.5,5.75,55.0,False,True,False
2024,2024-04-24T13:57:08,RCM2_OK2881015_PK3037608_1_16M17_20240424_135708_HH_HV_GRD,21174155,GRD,16M17,Stripmap 16m Resolution 30km Swath 17,HH HV,Dual Co/Cross,Descending,16,0.0,,,False,True,False
2024,2024-04-25T14:05:10,RCM2_OK2878567_PK3038839_1_SC30MCPC_20240425_140510_CH_CV_MLC,21203521,MLC,SC30MCPC,Compact-Pol ScanSAR 30m Resolution 125km Swath C,CH CV,Compact,Descending,30,55.25,0.0,55.0,True,True,False
2024,2024-04-25T14:05:11,RCM2_OK2879921_PK3038840_1_SC30MCPC_20240425_140510_CH_CV_MLC,21203262,MLC,SC30MCPC,Compact-Pol ScanSAR 30m Resolution 125km Swath C,CH CV,Compact,Descending,30,43.25,12.0,55.0,False,True,False
2024,2024-04-26T14:13:09,RCM2_OK2881015_PK3040258_1_16M9_20240426_141308_HH_HV_GRD,21201434,GRD,16M9,Stripmap 16m Resolution 30km Swath 9,HH HV,Dual Co/Cross,Descending,16,36.75,18.0,55.0,False,True,False
2024,2024-04-28T01:21:12,RCM2_OK2881015_PK3042183_1_16M12_20240428_012110_HH_HV_GRD,21230236,GRD,16M12,Stripmap 16m Resolution 30km Swath 12,HH HV,Dual Co/Cross,Ascending,16,55.25,0.0,55.0,True,True,True
2024,2024-04-28T13:57:20,RCM3_OK2881015_PK3042749_1_16M17_20240428_135720_HH_HV_GRD,21232950,GRD,16M17,Stripmap 16m Resolution 30km Swath 17,HH HV,Dual Co/Cross,Descending,16,0.0,,,False,True,False
2024,2024-04-29T14:05:26,RCM3_OK2881015_PK3043965_1_16M14_20240429_140526_HH_HV_GRD,21236916,GRD,16M14,Stripmap 16m Resolution 30km Swath 14,HH HV,Dual Co/Cross,Descending,16,5.0,50.25,55.0,False,True,False
2024,2024-04-30T14:13:10,RCM3_OK2879707_PK3045615_1_SC30MC_20240430_141310_HH_HV_GRD,21242372,GRD,SC30MC,ScanSAR 30m Resolution 125km Swath C,HH HV,Dual Co/Cross,Descending,30,17.0,32.5,49.25,False,True,False
2024,2024-04-30T14:13:13,RCM3_OK2880968_PK3045616_1_SC30MC_20240430_141310_HH_HV_GRD,21242353,GRD,SC30MC,ScanSAR 30m Resolution 125km Swath C,HH HV,Dual Co/Cross,Descending,30,0.0,,,False,True,False
2024,2024-05-01T01:13:27,RCM3_OK2879707_PK3046234_1_SC30MB_20240501_011325_HH_HV_GRD,21243978,GRD,SC30MB,ScanSAR 30m Resolution 125km Swath B,HH HV,Dual Co/Cross,Ascending,30,54.5,0.0,54.25,True,True,False
2024,2024-05-02T13:56:31,RCM1_OK2978561_PK3048421_2_SC30MCPD_20240502_135602_CH_CV_MLC,21670683,MLC,SC30MCPD,Compact-Pol ScanSAR 30m Resolution 125km Swath D,CH CV,Compact,Descending,30,51.5,0.0,51.25,True,True,False
2024,2024-05-02T13:57:00,RCM1_OK2978561_PK3048421_3_SC30MCPD_20240502_135602_CH_CV_MLC,21670701,MLC,SC30MCPD,Compact-Pol ScanSAR 30m Resolution 125km Swath D,CH CV,Compact,Descending,30,46.5,8.75,55.0,False,True,False
2024,2024-05-03T01:29:27,RCM3_OK2879707_PK3049170_1_SC30MD_20240503_012928_HH_HV_GRD,21253704,GRD,SC30MD,ScanSAR 30m Resolution 125km Swath D,HH HV,Dual Co/Cross,Ascending,30,23.0,0.0,22.75,True,True,False
2024,2024-05-03T01:29:27,RCM3_OK2880968_PK3049171_1_SC30MD_20240503_012928_HH_HV_GRD,21253692,GRD,SC30MD,ScanSAR 30m Resolution 125km Swath D,HH HV,Dual Co/Cross,Ascending,30,23.0,0.0,22.75,True,True,False
2024,2024-05-03T14:04:47,RCM1_OK2978561_PK3050071_1_SC30MCPC_20240503_140447_CH_CV_MLC,21669382,MLC,SC30MCPC,Compact-Pol ScanSAR 30m Resolution 125km Swath C,CH CV,Compact,Descending,30,55.25,0.0,55.0,True,True,False
2024,2024-05-03T14:04:57,RCM1_OK2878567_PK3050070_1_SC30MCPC_20240503_140447_CH_CV_MLC,21613164,MLC,SC30MCPC,Compact-Pol ScanSAR 30m Resolution 125km Swath C,CH CV,Compact,Descending,30,55.25,0.0,55.0,True,True,False
2024,2024-05-04T14:13:03,RCM1_OK2881015_PK3051427_1_16M9_20240504_141303_HH_HV_GRD,21377038,GRD,16M9,Stripmap 16m Resolution 30km Swath 9,HH HV,Dual Co/Cross,Descending,16,0.75,54.5,55.0,False,True,False
2024,2024-05-05T01:13:01,RCM1_OK2881015_PK3052006_1_16M7_20240505_011259_HH_HV_GRD,21484708,GRD,16M7,Stripmap 16m Resolution 30km Swath 7,HH HV,Dual Co/Cross,Ascending,16,53.25,2.0,55.0,False,True,True
2024,2024-05-07T01:29:01,RCM1_OK2881015_PK3055268_1_16M17_20240507_012859_HH_HV_GRD,21745394,GRD,16M17,Stripmap 16m Resolution 30km Swath 17,HH HV,Dual Co/Cross,Ascending,16,46.5,4.75,51.0,False,True,False
2024,2024-05-07T14:05:01,RCM2_OK2879707_PK3055910_1_SC30MD_20240507_140502_HH_HV_GRD,21796903,GRD,SC30MD,ScanSAR 30m Resolution 125km Swath D,HH HV,Dual Co/Cross,Descending,30,44.25,0.0,44.0,True,True,False
2024,2024-05-07T14:05:02,RCM2_OK2880968_PK3055911_1_SC30MD_20240507_140502_HH_HV_GRD,21804470,GRD,SC30MD,ScanSAR 30m Resolution 125km Swath D,HH HV,Dual Co/Cross,Descending,30,27.75,0.0,27.5,True,True,False
2024,2024-05-08T01:05:09,RCM2_OK2879921_PK3056710_3_SC30MCPA_20240508_010429_CH_CV_MLC,21945809,MLC,SC30MCPA,Compact-Pol ScanSAR 30m Resolution 125km Swath A,CH CV,Compact,Ascending,30,0.0,,,False,True,False
2024,2024-05-09T01:13:16,RCM2_OK2879707_PK3058172_1_SC30MB_20240509_011317_HH_HV_GRD,21968504,GRD,SC30MB,ScanSAR 30m Resolution 125km Swath B,HH HV,Dual Co/Cross,Ascending,30,34.0,0.0,36.75,True,True,False
2024,2024-05-10T01:21:10,RCM2_OK2881015_PK3059634_1_16M11_20240510_012108_HH_HV_GRD,22080483,GRD,16M11,Stripmap 16m Resolution 30km Swath 11,HH HV,Dual Co/Cross,Ascending,16,14.5,39.5,55.0,False,True,False
2024,2024-05-10T01:21:15,RCM2_OK2881015_PK3059634_2_16M11_20240510_012108_HH_HV_GRD,22080522,GRD,16M11,Stripmap 16m Resolution 30km Swath 11,HH HV,Dual Co/Cross,Ascending,16,3.75,39.5,43.0,False,True,False
2024,2024-05-11T14:05:26,RCM3_OK2881015_PK3061569_1_16M14_20240511_140526_HH_HV_GRD,22087298,GRD,16M14,Stripmap 16m Resolution 30km Swath 14,HH HV,Dual Co/Cross,Descending,16,5.0,50.25,55.0,False,True,False
2024,2024-05-12T14:13:23,RCM3_OK2881015_PK3062819_1_16M8_20240512_141322_HH_HV_GRD,22091634,GRD,16M8,Stripmap 16m Resolution 30km Swath 8,HH HV,Dual Co/Cross,Descending,16,39.25,12.5,51.5,False,True,False
2024,2024-05-13T01:13:23,RCM3_OK2881015_PK3063457_1_16M7_20240513_011321_HH_HV_GRD,22094371,GRD,16M7,Stripmap 16m Resolution 30km Swath 7,HH HV,Dual Co/Cross,Ascending,16,43.5,11.75,55.0,False,True,False
2024,2024-05-13T14:21:24,RCM3_OK2978561_PK3064276_1_SC30MCPA_20240513_142125_CH_CV_MLC,22102922,MLC,SC30MCPA,Compact-Pol ScanSAR 30m Resolution 125km Swath A,CH CV,Compact,Descending,30,4.25,51.0,55.0,False,True,False
2024,2024-05-15T01:29:03,RCM3_OK2978561_PK3066744_2_SC30MCPD_20240515_012835_CH_CV_MLC,22108528,MLC,SC30MCPD,Compact-Pol ScanSAR 30m Resolution 125km Swath D,CH CV,Compact,Ascending,30,48.5,6.75,55.0,False,True,False
2024,2024-05-15T14:04:33,RCM1_OK2978561_PK3067718_1_SC30MCPC_20240515_140434_CH_CV_MLC,22114806,MLC,SC30MCPC,Compact-Pol ScanSAR 30m Resolution 125km Swath C,CH CV,Compact,Descending,30,53.25,0.0,53.0,True,True,False
2024,2024-05-15T14:04:59,RCM1_OK2878567_PK3067717_1_SC30MCPC_20240515_140434_CH_CV_MLC,22114293,MLC,SC30MCPC,Compact-Pol ScanSAR 30m Resolution 125km Swath C,CH CV,Compact,Descending,30,55.25,0.0,55.0,True,True,False
2024,2024-05-15T14:05:02,RCM1_OK2978561_PK3067718_2_SC30MCPC_20240515_140434_CH_CV_MLC,22114677,MLC,SC30MCPC,Compact-Pol ScanSAR 30m Resolution 125km Swath C,CH CV,Compact,Descending,30,43.25,12.0,55.0,False,True,False
2024,2024-05-16T14:12:40,RCM1_OK2978561_PK3069681_1_SC30MCPC_20240516_141241_CH_CV_MLC,22119840,MLC,SC30MCPC,Compact-Pol ScanSAR 30m Resolution 125km Swath C,CH CV,Compact,Descending,30,22.75,32.5,55.0,False,True,False
2024,2024-05-17T01:13:04,RCM1_OK2879707_PK3070207_1_SCLNB_20240517_011305_HH_HV_GRD,22118024,GRD,SCLNB,ScanSAR Low Noise 100m Resolution 350km Swath B,HH HV,Dual Co/Cross,Ascending,100,55.25,0.0,55.0,True,True,False
2024,2024-05-19T14:05:11,RCM2_OK2878567_PK3073735_1_SC30MCPC_20240519_140512_CH_CV_MLC,22133795,MLC,SC30MCPC,Compact-Pol ScanSAR 30m Resolution 125km Swath C,CH CV,Compact,Descending,30,55.25,0.0,55.0,True,True,False
2024,2024-05-19T14:05:13,RCM2_OK2879921_PK3073736_1_SC30MCPC_20240519_140512_CH_CV_MLC,22133335,MLC,SC30MCPC,Compact-Pol ScanSAR 30m Resolution 125km Swath C,CH CV,Compact,Descending,30,43.25,12.0,55.0,False,True,False
2024,2024-05-20T14:13:06,RCM2_OK2878565_PK3075288_1_SC30MCPC_20240520_141306_CH_CV_MLC,22139334,MLC,SC30MCPC,Compact-Pol ScanSAR 30m Resolution 125km Swath C,CH CV,Compact,Descending,30,0.0,,,False,True,False
2024,2024-05-20T14:13:10,RCM2_OK2878567_PK3075289_1_SC30MCPC_20240520_141306_CH_CV_MLC,22139374,MLC,SC30MCPC,Compact-Pol ScanSAR 30m Resolution 125km Swath C,CH CV,Compact,Descending,30,23.75,30.5,55.0,False,True,False
2024,2024-05-22T01:21:13,RCM2_OK2879707_PK3077645_1_SCLNB_20240522_012112_HH_HV_GRD,22143496,GRD,SCLNB,ScanSAR Low Noise 100m Resolution 350km Swath B,HH HV,Dual Co/Cross,Ascending,100,55.25,0.0,55.0,True,True,False
2024,2024-05-22T13:56:58,RCM3_OK2879707_PK3078181_1_SCLNB_20240522_135659_HH_HV_GRD,22146008,GRD,SCLNB,ScanSAR Low Noise 100m Resolution 350km Swath B,HH HV,Dual Co/Cross,Descending,100,47.25,0.0,47.75,True,True,False
2024,2024-05-23T01:29:13,RCM2_OK2879707_PK3078965_1_SCLNB_20240523_012912_HH_HV_GRD,22175062,GRD,SCLNB,ScanSAR Low Noise 100m Resolution 350km Swath B,HH HV,Dual Co/Cross,Ascending,100,55.25,0.0,55.0,True,True,False
2024,2024-05-23T14:04:40,RCM3_OK2879707_PK3079701_1_SCLNB_20240523_140439_HH_HV_GRD,22229432,GRD,SCLNB,ScanSAR Low Noise 100m Resolution 350km Swath B,HH HV,Dual Co/Cross,Descending,100,55.25,0.0,55.0,True,True,False
2024,2024-05-24T14:13:22,RCM3_OK2878567_PK3081376_1_SC30MCPB_20240524_141321_CH_CV_MLC,22442374,MLC,SC30MCPB,Compact-Pol ScanSAR 30m Resolution 125km Swath B,CH CV,Compact,Descending,30,55.25,0.0,55.0,True,True,False
2024,2024-05-25T14:21:19,RCM3_OK2978561_PK3083023_4_SC30MCPA_20240525_141954_CH_CV_MLC,22654425,MLC,SC30MCPA,Compact-Pol ScanSAR 30m Resolution 125km Swath A,CH CV,Compact,Descending,30,55.25,0.0,55.0,True,True,False
2024,2024-05-26T13:56:33,RCM1_OK2978561_PK3084236_1_SC30MCPD_20240526_135634_CH_CV_MLC,22701391,MLC,SC30MCPD,Compact-Pol ScanSAR 30m Resolution 125km Swath D,CH CV,Compact,Descending,30,55.25,0.0,55.0,True,True,False
2024,2024-05-26T13:57:02,RCM1_OK2978561_PK3084236_2_SC30MCPD_20240526_135634_CH_CV_MLC,22701300,MLC,SC30MCPD,Compact-Pol ScanSAR 30m Resolution 125km Swath D,CH CV,Compact,Descending,30,38.0,17.25,55.0,False,True,False
2024,2024-05-27T14:05:03,RCM1_OK2878567_PK3085510_1_SC30MCPC_20240527_140504_CH_CV_MLC,22930628,MLC,SC30MCPC,Compact-Pol ScanSAR 30m Resolution 125km Swath C,CH CV,Compact,Descending,30,27.75,27.5,55.0,False,True,False
2024,2024-05-28T14:12:18,RCM1_OK2879707_PK3087203_1_SCLNB_20240528_141216_HH_HV_GRD,22983304,GRD,SCLNB,ScanSAR Low Noise 100m Resolution 350km Swath B,HH HV,Dual Co/Cross,Descending,100,55.25,0.0,55.0,True,True,False
2024,2024-05-29T01:13:05,RCM1_OK2879707_PK3087699_1_SCLNB_20240529_011304_HH_HV_GRD,23167452,GRD,SCLNB,ScanSAR Low Noise 100m Resolution 350km Swath B,HH HV,Dual Co/Cross,Ascending,100,55.25,0.0,55.0,True,True,False
2024,2024-05-30T01:21:02,RCM1_OK2879707_PK3089240_1_SCLNB_20240530_012101_HH_HV_GRD,23346376,GRD,SCLNB,ScanSAR Low Noise 100m Resolution 350km Swath B,HH HV,Dual Co/Cross,Ascending,100,55.25,0.0,55.0,True,True,False
2024,2024-05-31T01:29:02,RCM1_OK2879707_PK3090614_1_SCLNB_20240531_012901_HH_HV_GRD,23402326,GRD,SCLNB,ScanSAR Low Noise 100m Resolution 350km Swath B,HH HV,Dual Co/Cross,Ascending,100,55.25,0.0,55.0,True,True,False
2024,2024-05-31T14:05:12,RCM2_OK2878567_PK3092152_1_SC30MCPC_20240531_140513_CH_CV_MLC,23410002,MLC,SC30MCPC,Compact-Pol ScanSAR 30m Resolution 125km Swath C,CH CV,Compact,Descending,30,55.25,0.0,55.0,True,True,False
2024,2024-05-31T14:05:14,RCM2_OK2879921_PK3092153_1_SC30MCPC_20240531_140513_CH_CV_MLC,23409993,MLC,SC30MCPC,Compact-Pol ScanSAR 30m Resolution 125km Swath C,CH CV,Compact,Descending,30,43.25,12.0,55.0,False,True,False
2024,2024-06-04T14:04:41,RCM3_OK2879707_PK3097732_1_SCLNB_20240604_140440_HH_HV_GRD,23504339,GRD,SCLNB,ScanSAR Low Noise 100m Resolution 350km Swath B,HH HV,Dual Co/Cross,Descending,100,55.25,0.0,55.0,True,True,False
2024,2024-06-06T01:13:28,RCM3_OK2879707_PK3100274_1_SCLNB_20240606_011327_HH_HV_GRD,23918206,GRD,SCLNB,ScanSAR Low Noise 100m Resolution 350km Swath B,HH HV,Dual Co/Cross,Ascending,100,55.25,0.0,55.0,True,True,False
2024,2024-06-07T13:56:33,RCM1_OK2978561_PK3102494_2_SC30MCPD_20240607_135604_CH_CV_MLC,23939305,MLC,SC30MCPD,Compact-Pol ScanSAR 30m Resolution 125km Swath D,CH CV,Compact,Descending,30,51.5,0.0,51.25,True,True,False
2024,2024-06-07T13:57:02,RCM1_OK2978561_PK3102494_3_SC30MCPD_20240607_135604_CH_CV_MLC,23936973,MLC,SC30MCPD,Compact-Pol ScanSAR 30m Resolution 125km Swath D,CH CV,Compact,Descending,30,46.5,8.75,55.0,False,True,False
2024,2024-06-08T14:04:49,RCM1_OK2978561_PK3103846_1_SC30MCPC_20240608_140450_CH_CV_MLC,23950320,MLC,SC30MCPC,Compact-Pol ScanSAR 30m Resolution 125km Swath C,CH CV,Compact,Descending,30,55.25,0.0,55.0,True,True,False
2024,2024-06-08T14:05:00,RCM1_OK2878567_PK3103845_1_SC30MCPC_20240608_140450_CH_CV_MLC,23950417,MLC,SC30MCPC,Compact-Pol ScanSAR 30m Resolution 125km Swath C,CH CV,Compact,Descending,30,55.25,0.0,55.0,True,True,False
2024,2024-06-11T13:56:29,RCM2_OK2879707_PK3107835_1_SCLNB_20240611_135628_HH_HV_GRD,23962004,GRD,SCLNB,ScanSAR Low Noise 100m Resolution 350km Swath B,HH HV,Dual Co/Cross,Descending,100,46.75,0.0,47.5,True,True,False
2024,2024-06-12T01:29:03,RCM1_OK2879707_PK3108637_1_SCLNB_20240612_012902_HH_HV_GRD,23967361,GRD,SCLNB,ScanSAR Low Noise 100m Resolution 350km Swath B,HH HV,Dual Co/Cross,Ascending,100,55.25,0.0,55.0,True,True,False
2024,2024-06-12T14:05:13,RCM2_OK2878567_PK3109378_1_SC30MCPC_20240612_140513_CH_CV_MLC,23974202,MLC,SC30MCPC,Compact-Pol ScanSAR 30m Resolution 125km Swath C,CH CV,Compact,Descending,30,54.5,0.75,55.0,True,True,False
2024,2024-06-12T14:05:15,RCM2_OK2879921_PK3109379_1_SC30MCPC_20240612_140513_CH_CV_MLC,23974242,MLC,SC30MCPC,Compact-Pol ScanSAR 30m Resolution 125km Swath C,CH CV,Compact,Descending,30,39.5,15.75,55.0,False,True,False
2024,2024-06-13T13:41:16,RCM3_OK2879707_PK3111929_1_SCLND_20240613_134116_HH_HV_GRD,23973989,GRD,SCLND,ScanSAR Low Noise 100m Resolution 350km Swath D,HH HV,Dual Co/Cross,Descending,100,51.75,0.0,51.5,True,True,False
2024,2024-06-14T01:45:07,RCM1_OK2879707_PK3115222_1_SCLND_20240614_014508_HH_HV_GRD,23976951,GRD,SCLND,ScanSAR Low Noise 100m Resolution 350km Swath D,HH HV,Dual Co/Cross,Ascending,100,34.5,0.0,36.5,True,True,False
2025,2025-04-01T14:13:24,RCM3_OK3420083_PK3545873_1_16M9_20250401_141324_HH_HV_GRD,32380898,GRD,16M9,Stripmap 16m Resolution 30km Swath 9,HH HV,Dual Co/Cross,Descending,16,0.0,,,False,True,False
2025,2025-04-02T01:13:30,RCM3_OK3420083_PK3546812_1_16M7_20250402_011329_HH_HV_GRD,32382521,GRD,16M7,Stripmap 16m Resolution 30km Swath 7,HH HV,Dual Co/Cross,Ascending,16,53.25,2.0,55.0,False,True,False
2025,2025-04-03T01:21:25,RCM3_OK3420083_PK3547922_1_16M11_20250403_012123_HH_HV_GRD,32387010,GRD,16M11,Stripmap 16m Resolution 30km Swath 11,HH HV,Dual Co/Cross,Ascending,16,14.25,39.75,55.0,False,True,False
2025,2025-04-03T01:21:31,RCM3_OK3420083_PK3547922_2_16M11_20250403_012123_HH_HV_GRD,32387009,GRD,16M11,Stripmap 16m Resolution 30km Swath 11,HH HV,Dual Co/Cross,Ascending,16,2.0,40.25,42.0,False,True,False
2025,2025-04-03T13:56:39,RCM1_OK3433412_PK3548623_1_SC30MCPD_20250403_135640_CH_CV_MLC,32395284,MLC,SC30MCPD,Compact-Pol ScanSAR 30m Resolution 125km Swath D,CH CV,Compact,Descending,30,7.25,0.0,7.0,False,True,False
2025,2025-04-04T01:29:30,RCM3_OK3420083_PK3549274_1_16M17_20250404_012929_HH_HV_GRD,32392725,GRD,16M17,Stripmap 16m Resolution 30km Swath 17,HH HV,Dual Co/Cross,Ascending,16,51.25,0.0,51.0,True,True,False
2025,2025-04-04T14:05:04,RCM1_OK3420083_PK3549933_1_16M14_20250404_140504_HH_HV_GRD,32395465,GRD,16M14,Stripmap 16m Resolution 30km Swath 14,HH HV,Dual Co/Cross,Descending,16,16.0,36.75,55.0,False,True,False
2025,2025-04-05T14:13:03,RCM1_OK3420083_PK3551207_1_16M9_20250405_141301_HH_HV_GRD,32400575,GRD,16M9,Stripmap 16m Resolution 30km Swath 9,HH HV,Dual Co/Cross,Descending,16,37.25,17.75,55.0,False,True,False
2025,2025-04-07T01:21:05,RCM1_OK3420083_PK3553215_1_16M12_20250407_012104_HH_HV_GRD,32409206,GRD,16M12,Stripmap 16m Resolution 30km Swath 12,HH HV,Dual Co/Cross,Ascending,16,55.25,0.0,55.0,True,True,False
2025,2025-04-07T13:57:14,RCM2_OK3420083_PK3553854_1_16M17_20250407_135712_HH_HV_GRD,32412140,GRD,16M17,Stripmap 16m Resolution 30km Swath 17,HH HV,Dual Co/Cross,Descending,16,0.0,,,False,True,False
2025,2025-04-08T01:29:04,RCM1_OK3420083_PK3554664_1_16M16_20250408_012904_HH_HV_GRD,32414220,GRD,16M16,Stripmap 16m Resolution 30km Swath 16,HH HV,Dual Co/Cross,Ascending,16,24.25,30.75,55.0,False,True,False
2025,2025-04-08T14:05:14,RCM2_OK3420083_PK3555185_1_16M13_20250408_140512_HH_HV_GRD,32416593,GRD,16M13,Stripmap 16m Resolution 30km Swath 13,HH HV,Dual Co/Cross,Descending,16,53.0,0.0,52.75,True,True,False
2025,2025-04-09T01:05:14,RCM2_OK3421275_PK3555681_1_SC30MCPA_20250409_010515_CH_CV_MLC,32420042,MLC,SC30MCPA,Compact-Pol ScanSAR 30m Resolution 125km Swath A,CH CV,Compact,Ascending,30,0.0,,,False,True,False
2025,2025-04-09T01:05:14,RCM2_OK3433412_PK3555682_1_SC30MCPA_20250409_010515_CH_CV_MLC,32420061,MLC,SC30MCPA,Compact-Pol ScanSAR 30m Resolution 125km Swath A,CH CV,Compact,Ascending,30,55.25,0.0,55.0,True,True,False
2025,2025-04-09T14:13:19,RCM2_OK3420083_PK3556294_1_16M9_20250409_141318_HH_HV_GRD,32420934,GRD,16M9,Stripmap 16m Resolution 30km Swath 9,HH HV,Dual Co/Cross,Descending,16,1.25,54.0,55.0,False,True,False
2025,2025-04-10T01:13:18,RCM2_OK3420083_PK3557045_1_16M7_20250410_011318_HH_HV_GRD,32422316,GRD,16M7,Stripmap 16m Resolution 30km Swath 7,HH HV,Dual Co/Cross,Ascending,16,43.75,11.5,55.0,False,True,False
2025,2025-04-11T01:21:16,RCM2_OK3420083_PK3561138_1_16M12_20250411_012115_HH_HV_GRD,32426849,GRD,16M12,Stripmap 16m Resolution 30km Swath 12,HH HV,Dual Co/Cross,Ascending,16,55.25,0.0,55.0,True,True,False
2025,2025-04-12T14:05:27,RCM3_OK3420083_PK3562725_1_16M14_20250412_140527_HH_HV_GRD,32432590,GRD,16M14,Stripmap 16m Resolution 30km Swath 14,HH HV,Dual Co/Cross,Descending,16,16.0,36.75,55.0,False,True,False
2025,2025-04-13T14:13:24,RCM3_OK3420083_PK3563951_1_16M9_20250413_141324_HH_HV_GRD,32437366,GRD,16M9,Stripmap 16m Resolution 30km Swath 9,HH HV,Dual Co/Cross,Descending,16,0.0,,,False,True,False
2025,2025-04-14T01:13:30,RCM3_OK3420083_PK3564635_1_16M7_20250414_011330_HH_HV_GRD,32439952,GRD,16M7,Stripmap 16m Resolution 30km Swath 7,HH HV,Dual Co/Cross,Ascending,16,53.25,2.0,55.0,False,True,False
2025,2025-04-15T01:21:25,RCM3_OK3420083_PK3566017_1_16M11_20250415_012124_HH_HV_GRD,32444468,GRD,16M11,Stripmap 16m Resolution 30km Swath 11,HH HV,Dual Co/Cross,Ascending,16,14.5,39.5,55.0,False,True,False
2025,2025-04-15T01:21:31,RCM3_OK3420083_PK3566017_2_16M11_20250415_012124_HH_HV_GRD,32444566,GRD,16M11,Stripmap 16m Resolution 30km Swath 11,HH HV,Dual Co/Cross,Ascending,16,2.0,40.25,42.0,False,True,False
2025,2025-04-15T13:57:02,RCM1_OK3420083_PK3567259_1_16M17_20250415_135701_HH_HV_GRD,32448005,GRD,16M17,Stripmap 16m Resolution 30km Swath 17,HH HV,Dual Co/Cross,Descending,16,0.0,,,False,True,False
2025,2025-04-16T14:05:05,RCM1_OK3420083_PK3568759_1_16M14_20250416_140504_HH_HV_GRD,32454574,GRD,16M14,Stripmap 16m Resolution 30km Swath 14,HH HV,Dual Co/Cross,Descending,16,13.5,37.0,53.0,False,True,False
2025,2025-04-17T14:13:03,RCM1_OK3420083_PK3569966_1_16M9_20250417_141301_HH_HV_GRD,32460049,GRD,16M9,Stripmap 16m Resolution 30km Swath 9,HH HV,Dual Co/Cross,Descending,16,37.5,17.75,55.0,False,True,False
2025,2025-04-18T01:13:07,RCM1_OK3420083_PK3570630_1_16M7_20250418_011307_HH_HV_GRD,32462441,GRD,16M7,Stripmap 16m Resolution 30km Swath 7,HH HV,Dual Co/Cross,Ascending,16,43.75,11.5,55.0,False,True,False
2025,2025-04-18T14:21:07,RCM1_OK3555463_PK3571370_1_SC30MCPA_20250418_142107_CH_CV_MLC,32469397,MLC,SC30MCPA,Compact-Pol ScanSAR 30m Resolution 125km Swath A,CH CV,Compact,Descending,30,4.25,51.0,55.0,False,True,False
2025,2025-04-18T14:21:07,RCM1_OK3421275_PK3571371_1_SC30MCPA_20250418_142107_CH_CV_MLC,32469693,MLC,SC30MCPA,Compact-Pol ScanSAR 30m Resolution 125km Swath A,CH CV,Compact,Descending,30,4.25,51.0,55.0,False,True,False
2025,2025-04-19T13:57:14,RCM2_OK3420083_PK3572538_1_16M17_20250419_135713_HH_HV_GRD,32469400,GRD,16M17,Stripmap 16m Resolution 30km Swath 17,HH HV,Dual Co/Cross,Descending,16,0.0,,,False,True,False
2025,2025-04-20T01:29:04,RCM1_OK3420083_PK3573101_1_16M16_20250420_012903_HH_HV_GRD,32472406,GRD,16M16,Stripmap 16m Resolution 30km Swath 16,HH HV,Dual Co/Cross,Ascending,16,23.25,32.0,55.0,False,True,False
2025,2025-04-20T01:29:09,RCM1_OK3420083_PK3573101_2_16M16_20250420_012903_HH_HV_GRD,32472443,GRD,16M16,Stripmap 16m Resolution 30km Swath 16,HH HV,Dual Co/Cross,Ascending,16,0.0,,,False,True,False
2025,2025-04-21T01:05:09,RCM2_OK3421275_PK3574403_1_SC30MCPA_20250421_010509_CH_CV_MLC,32479562,MLC,SC30MCPA,Compact-Pol ScanSAR 30m Resolution 125km Swath A,CH CV,Compact,Ascending,30,0.0,,,False,True,False
2025,2025-04-21T01:05:09,RCM2_OK3555463_PK3574402_1_SC30MCPA_20250421_010509_CH_CV_MLC,32479565,MLC,SC30MCPA,Compact-Pol ScanSAR 30m Resolution 125km Swath A,CH CV,Compact,Ascending,30,55.25,0.0,55.0,True,True,False
2025,2025-04-22T01:13:19,RCM2_OK3420083_PK3575805_1_16M7_20250422_011319_HH_HV_GRD,32483497,GRD,16M7,Stripmap 16m Resolution 30km Swath 7,HH HV,Dual Co/Cross,Ascending,16,43.75,11.5,55.0,False,True,False
2025,2025-04-23T01:21:17,RCM2_OK3420083_PK3577213_1_16M12_20250423_012116_HH_HV_GRD,32488338,GRD,16M12,Stripmap 16m Resolution 30km Swath 12,HH HV,Dual Co/Cross,Ascending,16,55.25,0.0,55.0,True,True,False
2025,2025-04-23T13:57:25,RCM3_OK3420083_PK3577718_1_16M17_20250423_135725_HH_HV_GRD,32490584,GRD,16M17,Stripmap 16m Resolution 30km Swath 17,HH HV,Dual Co/Cross,Descending,16,0.0,,,False,True,False
2025,2025-04-24T14:05:31,RCM3_OK3420083_PK3578752_1_16M14_20250424_140531_HH_HV_GRD,32494884,GRD,16M14,Stripmap 16m Resolution 30km Swath 14,HH HV,Dual Co/Cross,Descending,16,5.0,50.25,55.0,False,True,False
2025,2025-04-25T14:13:25,RCM3_OK3420083_PK3579941_1_16M9_20250425_141325_HH_HV_GRD,32500081,GRD,16M9,Stripmap 16m Resolution 30km Swath 9,HH HV,Dual Co/Cross,Descending,16,0.0,,,False,True,False
2025,2025-04-26T01:13:31,RCM3_OK3420083_PK3580597_1_16M7_20250426_011330_HH_HV_GRD,32502343,GRD,16M7,Stripmap 16m Resolution 30km Swath 7,HH HV,Dual Co/Cross,Ascending,16,53.25,2.0,55.0,False,True,False
2025,2025-04-27T01:21:26,RCM3_OK3420083_PK3581714_1_16M11_20250427_012124_HH_HV_GRD,32507973,GRD,16M11,Stripmap 16m Resolution 30km Swath 11,HH HV,Dual Co/Cross,Ascending,16,14.25,39.75,55.0,False,True,False
2025,2025-04-27T01:21:32,RCM3_OK3420083_PK3581714_2_16M11_20250427_012124_HH_HV_GRD,32507972,GRD,16M11,Stripmap 16m Resolution 30km Swath 11,HH HV,Dual Co/Cross,Ascending,16,2.0,40.25,42.0,False,True,False
2025,2025-04-27T13:57:02,RCM1_OK3420083_PK3582735_1_16M17_20250427_135702_HH_HV_GRD,32511740,GRD,16M17,Stripmap 16m Resolution 30km Swath 17,HH HV,Dual Co/Cross,Descending,16,0.0,,,False,True,False
2025,2025-04-28T14:05:05,RCM1_OK3420083_PK3584232_1_16M14_20250428_140505_HH_HV_GRD,32518035,GRD,16M14,Stripmap 16m Resolution 30km Swath 14,HH HV,Dual Co/Cross,Descending,16,13.5,37.0,53.0,False,True,False
2025,2025-04-29T14:13:04,RCM1_OK3420083_PK3585593_1_16M9_20250429_141302_HH_HV_GRD,32522972,GRD,16M9,Stripmap 16m Resolution 30km Swath 9,HH HV,Dual Co/Cross,Descending,16,36.75,18.0,55.0,False,True,False
2025,2025-04-30T14:21:08,RCM1_OK3555463_PK3586991_1_SC30MCPA_20250430_142108_CH_CV_MLC,32534350,MLC,SC30MCPA,Compact-Pol ScanSAR 30m Resolution 125km Swath A,CH CV,Compact,Descending,30,0.5,54.75,55.0,False,True,False
2025,2025-04-30T14:21:08,RCM1_OK3421275_PK3586990_1_SC30MCPA_20250430_142108_CH_CV_MLC,32534351,MLC,SC30MCPA,Compact-Pol ScanSAR 30m Resolution 125km Swath A,CH CV,Compact,Descending,30,0.5,54.75,55.0,False,True,False
2025,2025-05-01T01:21:06,RCM1_OK3420083_PK3587612_1_16M12_20250501_012105_HH_HV_GRD,32530911,GRD,16M12,Stripmap 16m Resolution 30km Swath 12,HH HV,Dual Co/Cross,Ascending,16,26.75,28.25,55.0,False,True,False
2025,2025-05-01T13:57:15,RCM2_OK3420083_PK3588262_1_16M17_20250501_135713_HH_HV_GRD,32534210,GRD,16M17,Stripmap 16m Resolution 30km Swath 17,HH HV,Dual Co/Cross,Descending,16,0.0,,,False,True,False
2025,2025-05-02T01:29:04,RCM1_OK3420083_PK3588933_1_16M16_20250502_012904_HH_HV_GRD,32536721,GRD,16M16,Stripmap 16m Resolution 30km Swath 16,HH HV,Dual Co/Cross,Ascending,16,23.25,32.0,55.0,False,True,False
2025,2025-05-02T01:29:10,RCM1_OK3420083_PK3588933_2_16M16_20250502_012904_HH_HV_GRD,32536782,GRD,16M16,Stripmap 16m Resolution 30km Swath 16,HH HV,Dual Co/Cross,Ascending,16,0.0,,,False,True,False
2025,2025-05-03T01:05:16,RCM2_OK3421275_PK3590161_1_SC30MCPA_20250503_010510_CH_CV_MLC,32544069,MLC,SC30MCPA,Compact-Pol ScanSAR 30m Resolution 125km Swath A,CH CV,Compact,Ascending,30,0.0,,,False,True,False
2025,2025-05-03T01:05:16,RCM2_OK3555463_PK3590158_1_SC30MCPA_20250503_010510_CH_CV_MLC,32544084,MLC,SC30MCPA,Compact-Pol ScanSAR 30m Resolution 125km Swath A,CH CV,Compact,Ascending,30,55.25,0.0,55.0,True,True,False
2025,2025-05-04T01:13:20,RCM2_OK3420083_PK3591478_1_16M7_20250504_011319_HH_HV_GRD,32547771,GRD,16M7,Stripmap 16m Resolution 30km Swath 7,HH HV,Dual Co/Cross,Ascending,16,43.75,11.5,55.0,False,True,False
2025,2025-05-05T01:21:18,RCM2_OK3420083_PK3592876_1_16M12_20250505_012116_HH_HV_GRD,32554523,GRD,16M12,Stripmap 16m Resolution 30km Swath 12,HH HV,Dual Co/Cross,Ascending,16,55.25,0.0,55.0,True,True,False
2025,2025-05-05T13:57:26,RCM3_OK3420083_PK3593537_1_16M17_20250505_135725_HH_HV_GRD,32557556,GRD,16M17,Stripmap 16m Resolution 30km Swath 17,HH HV,Dual Co/Cross,Descending,16,0.0,,,False,True,False
2025,2025-05-06T14:05:18,RCM3_OK3343018_PK3594907_1_SC30MD_20250506_140519_HH_HV_GRD,32564260,GRD,SC30MD,ScanSAR 30m Resolution 125km Swath D,HH HV,Dual Co/Cross,Descending,30,55.25,0.0,55.0,True,True,False
2025,2025-05-06T14:05:19,RCM3_OK3420085_PK3594908_1_SC30MD_20250506_140519_HH_HV_GRD,32564205,GRD,SC30MD,ScanSAR 30m Resolution 125km Swath D,HH HV,Dual Co/Cross,Descending,30,33.75,0.0,33.5,True,True,False
2025,2025-05-07T14:13:18,RCM3_OK3343018_PK3596581_1_SC30MC_20250507_141319_HH_HV_GRD,32569571,GRD,SC30MC,ScanSAR 30m Resolution 125km Swath C,HH HV,Dual Co/Cross,Descending,30,0.0,,,False,True,False
2025,2025-05-08T01:13:31,RCM3_OK3420083_PK3597468_1_16M7_20250508_011331_HH_HV_GRD,32572689,GRD,16M7,Stripmap 16m Resolution 30km Swath 7,HH HV,Dual Co/Cross,Ascending,16,53.25,2.0,55.0,False,True,False
2025,2025-05-08T01:45:24,RCM2_OK3343018_PK3597511_1_SCLND_20250508_014524_HH_HV_GRD,32571994,GRD,SCLND,ScanSAR Low Noise 100m Resolution 350km Swath D,HH HV,Dual Co/Cross,Ascending,100,7.0,0.0,6.75,False,True,False
2025,2025-05-09T01:21:27,RCM3_OK3420083_PK3598852_1_16M11_20250509_012125_HH_HV_GRD,32579422,GRD,16M11,Stripmap 16m Resolution 30km Swath 11,HH HV,Dual Co/Cross,Ascending,16,14.5,39.5,55.0,False,True,False
2025,2025-05-09T01:21:32,RCM3_OK3420083_PK3598852_2_16M11_20250509_012125_HH_HV_GRD,32579004,GRD,16M11,Stripmap 16m Resolution 30km Swath 11,HH HV,Dual Co/Cross,Ascending,16,3.25,39.5,42.5,False,True,False
2025,2025-05-09T13:57:03,RCM1_OK3420083_PK3599578_1_16M17_20250509_135703_HH_HV_GRD,32582912,GRD,16M17,Stripmap 16m Resolution 30km Swath 17,HH HV,Dual Co/Cross,Descending,16,0.25,1.25,1.25,False,True,False
2025,2025-05-10T14:05:06,RCM1_OK3420083_PK3601173_1_16M14_20250510_140506_HH_HV_GRD,32589013,GRD,16M14,Stripmap 16m Resolution 30km Swath 14,HH HV,Dual Co/Cross,Descending,16,13.5,37.0,53.0,False,True,False
2025,2025-05-11T14:13:04,RCM1_OK3420083_PK3602543_1_16M9_20250511_141303_HH_HV_GRD,32595492,GRD,16M9,Stripmap 16m Resolution 30km Swath 9,HH HV,Dual Co/Cross,Descending,16,36.5,18.0,55.0,False,True,False
2025,2025-05-12T14:21:07,RCM1_OK3555463_PK3604028_1_SC30MCPA_20250512_142108_CH_CV_MLC,32611714,MLC,SC30MCPA,Compact-Pol ScanSAR 30m Resolution 125km Swath A,CH CV,Compact,Descending,30,9.25,45.0,55.0,False,True,False
2025,2025-05-12T14:21:07,RCM1_OK3421275_PK3604026_1_SC30MCPA_20250512_142108_CH_CV_MLC,32611787,MLC,SC30MCPA,Compact-Pol ScanSAR 30m Resolution 125km Swath A,CH CV,Compact,Descending,30,9.25,45.0,55.0,False,True,False
2025,2025-05-13T01:21:07,RCM1_OK3420083_PK3604805_1_16M12_20250513_012105_HH_HV_GRD,32608388,GRD,16M12,Stripmap 16m Resolution 30km Swath 12,HH HV,Dual Co/Cross,Ascending,16,27.0,28.25,55.0,False,True,False
2025,2025-05-13T13:57:13,RCM2_OK3343018_PK3605507_1_SC30MD_20250513_135714_HH_HV_GRD,32611912,GRD,SC30MD,ScanSAR 30m Resolution 125km Swath D,HH HV,Dual Co/Cross,Descending,30,49.0,0.0,48.75,True,True,False
2025,2025-05-14T01:29:02,RCM1_OK3555463_PK3606202_1_SC30MCPD_20250514_012902_CH_CV_MLC,32616864,MLC,SC30MCPD,Compact-Pol ScanSAR 30m Resolution 125km Swath D,CH CV,Compact,Ascending,30,48.5,6.75,55.0,False,True,False
2025,2025-05-14T01:29:02,RCM1_OK3421275_PK3606201_1_SC30MCPD_20250514_012902_CH_CV_MLC,32616896,MLC,SC30MCPD,Compact-Pol ScanSAR 30m Resolution 125km Swath D,CH CV,Compact,Ascending,30,10.0,44.25,55.0,False,True,False
2025,2025-05-14T14:05:07,RCM2_OK3343018_PK3606818_1_SC30MD_20250514_140508_HH_HV_GRD,32617841,GRD,SC30MD,ScanSAR 30m Resolution 125km Swath D,HH HV,Dual Co/Cross,Descending,30,7.25,0.0,7.0,False,True,False
2025,2025-05-15T14:13:11,RCM2_OK3555463_PK3608690_1_SC30MCPB_20250515_141311_CH_CV_MLC,32636463,MLC,SC30MCPB,Compact-Pol ScanSAR 30m Resolution 125km Swath B,CH CV,Compact,Descending,30,55.25,0.0,55.0,True,True,False
2025,2025-05-15T14:13:14,RCM2_OK3403532_PK3608688_1_SC30MCPB_20250515_141311_CH_CV_MLC,32636461,MLC,SC30MCPB,Compact-Pol ScanSAR 30m Resolution 125km Swath B,CH CV,Compact,Descending,30,55.25,0.0,55.0,True,True,False
2025,2025-05-15T14:13:18,RCM2_OK3421275_PK3608689_1_SC30MCPB_20250515_141311_CH_CV_MLC,32636459,MLC,SC30MCPB,Compact-Pol ScanSAR 30m Resolution 125km Swath B,CH CV,Compact,Descending,30,40.25,15.0,55.0,False,True,False
2025,2025-05-17T01:21:20,RCM2_OK3555463_PK3610667_1_SC30MCPC_20250517_012120_CH_CV_MLC,32641905,MLC,SC30MCPC,Compact-Pol ScanSAR 30m Resolution 125km Swath C,CH CV,Compact,Ascending,30,55.25,0.0,55.0,True,True,False
2025,2025-05-18T01:29:20,RCM2_OK3555463_PK3611852_1_SC30MCPD_20250518_012920_CH_CV_MLC,32648044,MLC,SC30MCPD,Compact-Pol ScanSAR 30m Resolution 125km Swath D,CH CV,Compact,Ascending,30,55.25,0.0,55.0,True,True,False
2025,2025-05-21T01:21:13,RCM3_OK3555463_PK3616236_1_SC30MCPC_20250521_012113_CH_CV_MLC,32668838,MLC,SC30MCPC,Compact-Pol ScanSAR 30m Resolution 125km Swath C,CH CV,Compact,Ascending,30,44.0,11.25,55.0,False,True,False
2025,2025-05-21T01:21:16,RCM3_OK3421275_PK3616235_1_SC30MCPC_20250521_012113_CH_CV_MLC,32668539,MLC,SC30MCPC,Compact-Pol ScanSAR 30m Resolution 125km Swath C,CH CV,Compact,Ascending,30,4.0,51.25,55.0,False,True,False
2025,2025-05-22T14:04:44,RCM1_OK3343018_PK3618350_1_SCLNA_20250522_140445_HH_HV_GRD,32676722,GRD,SCLNA,ScanSAR Low Noise 100m Resolution 350km Swath A,HH HV,Dual Co/Cross,Descending,100,32.0,0.0,33.0,True,True,False
2025,2025-05-23T14:13:03,RCM1_OK3403532_PK3619810_1_SC30MCPB_20250523_141303_CH_CV_MLC,32689469,MLC,SC30MCPB,Compact-Pol ScanSAR 30m Resolution 125km Swath B,CH CV,Compact,Descending,30,55.25,0.0,55.0,True,True,False
2025,2025-05-23T14:13:03,RCM1_OK3555463_PK3619812_1_SC30MCPB_20250523_141303_CH_CV_MLC,32689251,MLC,SC30MCPB,Compact-Pol ScanSAR 30m Resolution 125km Swath B,CH CV,Compact,Descending,30,55.25,0.0,55.0,True,True,False
2025,2025-05-23T14:13:07,RCM1_OK3421275_PK3619811_1_SC30MCPB_20250523_141303_CH_CV_MLC,32689123,MLC,SC30MCPB,Compact-Pol ScanSAR 30m Resolution 125km Swath B,CH CV,Compact,Descending,30,40.0,15.25,55.0,False,True,False
2025,2025-05-26T01:29:09,RCM1_OK3555463_PK3623194_1_SC30MCPD_20250526_012909_CH_CV_MLC,32702037,MLC,SC30MCPD,Compact-Pol ScanSAR 30m Resolution 125km Swath D,CH CV,Compact,Ascending,30,55.25,0.0,55.0,True,True,False
2025,2025-05-27T13:40:44,RCM3_OK3343018_PK3625272_1_SCLND_20250527_134044_HH_HV_GRD,32712083,GRD,SCLND,ScanSAR Low Noise 100m Resolution 350km Swath D,HH HV,Dual Co/Cross,Descending,100,51.75,0.0,51.5,True,True,False
2025,2025-05-27T14:13:04,RCM2_OK3343018_PK3625314_2_SC30MB_20250527_141245_HH_HV_GRD,32712523,GRD,SC30MB,ScanSAR 30m Resolution 125km Swath B,HH HV,Dual Co/Cross,Descending,30,54.75,0.0,54.5,True,True,False
2025,2025-05-28T01:45:07,RCM1_OK3343018_PK3626170_1_SCLND_20250528_014506_HH_HV_GRD,32717421,GRD,SCLND,ScanSAR Low Noise 100m Resolution 350km Swath D,HH HV,Dual Co/Cross,Ascending,100,55.25,0.0,55.0,True,True,False
2025,2025-05-28T13:48:44,RCM3_OK3343018_PK3626882_1_SCLND_20250528_134844_HH_HV_GRD,32720929,GRD,SCLND,ScanSAR Low Noise 100m Resolution 350km Swath D,HH HV,Dual Co/Cross,Descending,100,55.25,0.0,55.0,True,True,False
2025,2025-05-28T14:21:03,RCM2_OK3343018_PK3626912_2_SC30MA_20250528_142042_HH_HV_GRD,32720949,GRD,SC30MA,ScanSAR 30m Resolution 125km Swath A,HH HV,Dual Co/Cross,Descending,30,54.0,0.0,53.75,True,True,False
2025,2025-05-29T13:56:45,RCM3_OK3343018_PK3628320_1_SCLNB_20250529_135645_HH_HV_GRD,32727160,GRD,SCLNB,ScanSAR Low Noise 100m Resolution 350km Swath B,HH HV,Dual Co/Cross,Descending,100,33.75,0.0,33.5,True,True,False
2025,2025-06-02T01:21:04,RCM3_OK3555463_PK3632834_2_SC30MCPC_20250602_012035_CH_CV_MLC,32752278,MLC,SC30MCPC,Compact-Pol ScanSAR 30m Resolution 125km Swath C,CH CV,Compact,Ascending,30,40.5,14.75,55.0,False,True,False
2025,2025-06-02T01:21:17,RCM3_OK3421275_PK3632832_1_SC30MCPC_20250602_012035_CH_CV_MLC,32752140,MLC,SC30MCPC,Compact-Pol ScanSAR 30m Resolution 125km Swath C,CH CV,Compact,Ascending,30,4.0,51.25,55.0,False,True,False
2025,2025-06-02T01:21:31,RCM3_OK3555463_PK3632834_3_SC30MCPC_20250602_012035_CH_CV_MLC,32752277,MLC,SC30MCPC,Compact-Pol ScanSAR 30m Resolution 125km Swath C,CH CV,Compact,Ascending,30,44.0,11.25,55.0,False,True,False
2025,2025-06-03T14:04:48,RCM1_OK3343018_PK3635226_1_SCLNA_20250603_140449_HH_HV_GRD,32760341,GRD,SCLNA,ScanSAR Low Noise 100m Resolution 350km Swath A,HH HV,Dual Co/Cross,Descending,100,32.0,0.0,33.0,True,True,False
2025,2025-06-04T13:40:33,RCM2_OK3343018_PK3636880_1_SCLND_20250604_134033_HH_HV_GRD,32767698,GRD,SCLND,ScanSAR Low Noise 100m Resolution 350km Swath D,HH HV,Dual Co/Cross,Descending,100,51.5,0.0,51.25,True,True,False
2025,2025-06-04T14:13:03,RCM1_OK3403532_PK3636983_1_SC30MCPB_20250604_141304_CH_CV_MLC,32773360,MLC,SC30MCPB,Compact-Pol ScanSAR 30m Resolution 125km Swath B,CH CV,Compact,Descending,30,55.25,0.0,55.0,True,True,False
2025,2025-06-04T14:13:03,RCM1_OK3555463_PK3636985_1_SC30MCPB_20250604_141304_CH_CV_MLC,32773313,MLC,SC30MCPB,Compact-Pol ScanSAR 30m Resolution 125km Swath B,CH CV,Compact,Descending,30,55.25,0.0,55.0,True,True,False
2025,2025-06-04T14:13:07,RCM1_OK3421275_PK3636984_1_SC30MCPB_20250604_141304_CH_CV_MLC,32773358,MLC,SC30MCPB,Compact-Pol ScanSAR 30m Resolution 125km Swath B,CH CV,Compact,Descending,30,43.5,11.75,55.0,False,True,False
2025,2025-06-05T01:45:30,RCM3_OK3343018_PK3637832_1_SCLND_20250605_014530_HH_HV_GRD,32770311,GRD,SCLND,ScanSAR Low Noise 100m Resolution 350km Swath D,HH HV,Dual Co/Cross,Ascending,100,55.25,0.0,55.0,True,True,False
2025,2025-06-05T13:48:33,RCM2_OK3343018_PK3638582_1_SCLNC_20250605_134833_HH_HV_GRD,32773969,GRD,SCLNC,ScanSAR Low Noise 100m Resolution 350km Swath C,HH HV,Dual Co/Cross,Descending,100,7.75,0.0,7.5,False,True,False
2025,2025-06-07T01:29:12,RCM1_OK3555463_PK3640988_1_SC30MCPD_20250607_012912_CH_CV_MLC,32786434,MLC,SC30MCPD,Compact-Pol ScanSAR 30m Resolution 125km Swath D,CH CV,Compact,Ascending,30,9.25,0.0,9.0,False,True,False
2025,2025-06-07T14:05:06,RCM2_OK3555463_PK3641672_1_SC30MCPC_20250607_140506_CH_CV_MLC,32793390,MLC,SC30MCPC,Compact-Pol ScanSAR 30m Resolution 125km Swath C,CH CV,Compact,Descending,30,48.5,0.0,48.25,True,True,False
2025,2025-06-10T13:57:25,RCM3_OK3343018_PK3646170_2_SC30MD_20250610_135706_HH_HV_GRD,32807624,GRD,SC30MD,ScanSAR 30m Resolution 125km Swath D,HH HV,Dual Co/Cross,Descending,30,54.25,0.0,54.0,True,True,False
2025,2025-06-11T01:29:19,RCM2_OK3343018_PK3647067_1_SCLND_20250611_012918_HH_HV_GRD,32810846,GRD,SCLND,ScanSAR Low Noise 100m Resolution 350km Swath D,HH HV,Dual Co/Cross,Ascending,100,55.25,0.0,55.0,True,True,False
2025,2025-06-11T14:04:46,RCM3_OK3343018_PK3648091_1_SCLNB_20250611_140445_HH_HV_GRD,32814599,GRD,SCLNB,ScanSAR Low Noise 100m Resolution 350km Swath B,HH HV,Dual Co/Cross,Descending,100,55.25,0.0,55.0,True,True,False
2025,2025-06-12T14:13:22,RCM3_OK3555463_PK3652069_2_SC30MCPB_20250612_141254_CH_CV_MLC,32829450,MLC,SC30MCPB,Compact-Pol ScanSAR 30m Resolution 125km Swath B,CH CV,Compact,Descending,30,55.25,0.0,55.0,True,True,False
2025,2025-06-12T14:13:27,RCM3_OK3403532_PK3652067_1_SC30MCPB_20250612_141254_CH_CV_MLC,32827876,MLC,SC30MCPB,Compact-Pol ScanSAR 30m Resolution 125km Swath B,CH CV,Compact,Descending,30,55.25,0.0,55.0,True,True,False
2025,2025-06-12T14:13:31,RCM3_OK3421275_PK3652068_1_SC30MCPB_20250612_141254_CH_CV_MLC,32827932,MLC,SC30MCPB,Compact-Pol ScanSAR 30m Resolution 125km Swath B,CH CV,Compact,Descending,30,40.25,15.0,55.0,False,True,False
2025,2025-06-15T14:04:49,RCM1_OK3555463_PK3657719_1_SC30MCPD_20250615_140449_CH_CV_MLC,32849624,MLC,SC30MCPD,Compact-Pol ScanSAR 30m Resolution 125km Swath D,CH CV,Compact,Descending,30,7.0,0.0,6.75,False,True,False
2026,2026-03-19T14:13:05,RCM1_OK3810379_PK4085527_1_SC30MCPC_20260319_141306_CH_CV_MLC,35285645,MLC,SC30MCPC,Compact-Pol ScanSAR 30m Resolution 125km Swath C,CH CV,Compact,Descending,30,16.75,32.75,49.25,False,True,False
2026,2026-03-19T14:13:05,RCM1_OK3810380_PK4085528_1_SC30MCPC_20260319_141306_CH_CV_MLC,35285595,MLC,SC30MCPC,Compact-Pol ScanSAR 30m Resolution 125km Swath C,CH CV,Compact,Descending,30,16.75,32.75,49.25,False,True,False
2026,2026-03-27T14:13:25,RCM3_OK3810379_PK4095340_1_SC30MCPC_20260327_141326_CH_CV_MLC,35332925,MLC,SC30MCPC,Compact-Pol ScanSAR 30m Resolution 125km Swath C,CH CV,Compact,Descending,30,16.75,32.75,49.25,False,True,False
2026,2026-03-27T14:13:28,RCM3_OK3810380_PK4095341_1_SC30MCPC_20260327_141326_CH_CV_MLC,35333030,MLC,SC30MCPC,Compact-Pol ScanSAR 30m Resolution 125km Swath C,CH CV,Compact,Descending,30,23.75,30.5,55.0,False,True,False
2026,2026-04-02T01:21:11,RCM1_OK3962357_PK4101879_1_16M12_20260402_012111_HH_HV_GRD,35361015,GRD,16M12,Stripmap 16m Resolution 30km Swath 12,HH HV,Dual Co/Cross,Ascending,16,55.25,0.0,55.0,True,True,False
2026,2026-04-02T13:57:18,RCM2_OK3962357_PK4102691_1_16M17_20260402_135717_HH_HV_GRD,35364539,GRD,16M17,Stripmap 16m Resolution 30km Swath 17,HH HV,Dual Co/Cross,Descending,16,1.0,0.75,1.5,False,True,False
2026,2026-04-03T14:05:21,RCM2_OK3962357_PK4104270_1_16M14_20260403_140520_HH_HV_GRD,35371458,GRD,16M14,Stripmap 16m Resolution 30km Swath 14,HH HV,Dual Co/Cross,Descending,16,15.75,36.75,55.0,False,True,False
2026,2026-04-04T14:13:18,RCM2_OK3962357_PK4105684_1_16M9_20260404_141317_HH_HV_GRD,35379056,GRD,16M9,Stripmap 16m Resolution 30km Swath 9,HH HV,Dual Co/Cross,Descending,16,0.0,,,False,True,False
2026,2026-04-05T01:13:22,RCM2_OK3962357_PK4106268_1_16M7_20260405_011320_HH_HV_GRD,35382345,GRD,16M7,Stripmap 16m Resolution 30km Swath 7,HH HV,Dual Co/Cross,Ascending,16,53.5,1.75,55.0,False,True,False
2026,2026-04-06T01:21:19,RCM2_OK3962357_PK4107904_1_16M11_20260406_012117_HH_HV_GRD,35389870,GRD,16M11,Stripmap 16m Resolution 30km Swath 11,HH HV,Dual Co/Cross,Ascending,16,14.25,39.75,55.0,False,True,False
2026,2026-04-06T01:21:24,RCM2_OK3962357_PK4107904_2_16M11_20260406_012117_HH_HV_GRD,35389767,GRD,16M11,Stripmap 16m Resolution 30km Swath 11,HH HV,Dual Co/Cross,Ascending,16,3.0,39.75,42.5,False,True,False
2026,2026-04-06T13:57:22,RCM3_OK3959182_PK4108631_1_SC30MCPD_20260406_135723_CH_CV_MLC,35400528,MLC,SC30MCPD,Compact-Pol ScanSAR 30m Resolution 125km Swath D,CH CV,Compact,Descending,30,51.75,0.0,51.5,True,True,False
2026,2026-04-07T01:29:24,RCM2_OK3962357_PK4109253_1_16M17_20260407_012923_HH_HV_GRD,35395882,GRD,16M17,Stripmap 16m Resolution 30km Swath 17,HH HV,Dual Co/Cross,Ascending,16,51.25,0.0,51.0,True,True,False
2026,2026-04-07T14:05:33,RCM3_OK3962357_PK4110018_1_16M14_20260407_140533_HH_HV_GRD,35399990,GRD,16M14,Stripmap 16m Resolution 30km Swath 14,HH HV,Dual Co/Cross,Descending,16,13.25,37.0,52.75,False,True,False
2026,2026-04-08T01:05:23,RCM3_OK3960571_PK4110804_1_SC30MCPA_20260408_010523_CH_CV_MLC,35405325,MLC,SC30MCPA,Compact-Pol ScanSAR 30m Resolution 125km Swath A,CH CV,Compact,Ascending,30,0.0,,,False,True,False
2026,2026-04-08T01:05:23,RCM3_OK3959182_PK4110803_1_SC30MCPA_20260408_010523_CH_CV_MLC,35405172,MLC,SC30MCPA,Compact-Pol ScanSAR 30m Resolution 125km Swath A,CH CV,Compact,Ascending,30,55.25,0.0,55.0,True,True,False
2026,2026-04-08T14:13:31,RCM3_OK3962357_PK4111500_1_16M9_20260408_141329_HH_HV_GRD,35406930,GRD,16M9,Stripmap 16m Resolution 30km Swath 9,HH HV,Dual Co/Cross,Descending,16,36.75,18.0,55.0,False,True,False
2026,2026-04-10T01:21:34,RCM3_OK3962357_PK4113298_1_16M12_20260410_012132_HH_HV_GRD,35416098,GRD,16M12,Stripmap 16m Resolution 30km Swath 12,HH HV,Dual Co/Cross,Ascending,16,55.25,0.0,55.0,True,True,False
2026,2026-04-10T13:57:08,RCM1_OK3962357_PK4114034_1_16M17_20260410_135707_HH_HV_GRD,35419441,GRD,16M17,Stripmap 16m Resolution 30km Swath 17,HH HV,Dual Co/Cross,Descending,16,0.0,,,False,True,False
2026,2026-04-11T01:29:33,RCM3_OK3962357_PK4114863_1_16M16_20260411_012932_HH_HV_GRD,35422318,GRD,16M16,Stripmap 16m Resolution 30km Swath 16,HH HV,Dual Co/Cross,Ascending,16,24.25,30.75,55.0,False,True,False
2026,2026-04-11T14:05:08,RCM1_OK3962357_PK4115508_1_16M13_20260411_140507_HH_HV_GRD,35425617,GRD,16M13,Stripmap 16m Resolution 30km Swath 13,HH HV,Dual Co/Cross,Descending,16,53.25,0.0,53.0,True,True,False
2026,2026-04-12T14:13:13,RCM1_OK3962357_PK4116725_1_16M9_20260412_141313_HH_HV_GRD,35432025,GRD,16M9,Stripmap 16m Resolution 30km Swath 9,HH HV,Dual Co/Cross,Descending,16,1.25,54.0,55.0,False,True,False
2026,2026-04-13T01:13:13,RCM1_OK3962357_PK4117271_1_16M7_20260413_011313_HH_HV_GRD,35435349,GRD,16M7,Stripmap 16m Resolution 30km Swath 7,HH HV,Dual Co/Cross,Ascending,16,43.75,11.5,55.0,False,True,False
2026,2026-04-14T01:21:12,RCM1_OK3962357_PK4118760_1_16M12_20260414_012111_HH_HV_GRD,35442269,GRD,16M12,Stripmap 16m Resolution 30km Swath 12,HH HV,Dual Co/Cross,Ascending,16,55.25,0.0,55.0,True,True,False
2026,2026-04-14T13:57:18,RCM2_OK3962357_PK4119462_1_16M17_20260414_135718_HH_HV_GRD,35445680,GRD,16M17,Stripmap 16m Resolution 30km Swath 17,HH HV,Dual Co/Cross,Descending,16,0.25,1.25,1.25,False,True,False
2026,2026-04-15T14:05:24,RCM2_OK3962357_PK4120781_1_16M14_20260415_140524_HH_HV_GRD,35451379,GRD,16M14,Stripmap 16m Resolution 30km Swath 14,HH HV,Dual Co/Cross,Descending,16,4.75,50.5,55.0,False,True,False
2026,2026-04-16T01:05:23,RCM2_OK3959182_PK4121593_1_SC30MCPA_20260416_010523_CH_CV_MLC,35457807,MLC,SC30MCPA,Compact-Pol ScanSAR 30m Resolution 125km Swath A,CH CV,Compact,Ascending,30,55.25,0.0,55.0,True,True,False
2026,2026-04-16T14:13:18,RCM2_OK3962357_PK4122334_1_16M9_20260416_141318_HH_HV_GRD,35458914,GRD,16M9,Stripmap 16m Resolution 30km Swath 9,HH HV,Dual Co/Cross,Descending,16,0.0,,,False,True,False
2026,2026-04-17T01:13:22,RCM2_OK3962357_PK4123384_1_16M7_20260417_011321_HH_HV_GRD,35461830,GRD,16M7,Stripmap 16m Resolution 30km Swath 7,HH HV,Dual Co/Cross,Ascending,16,53.5,1.75,55.0,False,True,False
2026,2026-04-18T01:21:19,RCM2_OK3962357_PK4124752_1_16M11_20260418_012118_HH_HV_GRD,35468674,GRD,16M11,Stripmap 16m Resolution 30km Swath 11,HH HV,Dual Co/Cross,Ascending,16,14.75,39.5,55.0,False,True,False
2026,2026-04-18T01:21:25,RCM2_OK3962357_PK4124752_2_16M11_20260418_012118_HH_HV_GRD,35468654,GRD,16M11,Stripmap 16m Resolution 30km Swath 11,HH HV,Dual Co/Cross,Ascending,16,3.0,39.75,42.5,False,True,False
2026,2026-04-18T13:57:31,RCM3_OK3962357_PK4125450_1_16M17_20260418_135730_HH_HV_GRD,35472023,GRD,16M17,Stripmap 16m Resolution 30km Swath 17,HH HV,Dual Co/Cross,Descending,16,0.75,1.0,1.5,False,True,False
2026,2026-04-19T14:05:33,RCM3_OK3962357_PK4126985_1_16M14_20260419_140533_HH_HV_GRD,35479586,GRD,16M14,Stripmap 16m Resolution 30km Swath 14,HH HV,Dual Co/Cross,Descending,16,13.25,37.0,52.75,False,True,False
2026,2026-04-20T14:13:32,RCM3_OK3962357_PK4128696_1_16M9_20260420_141330_HH_HV_GRD,35487469,GRD,16M9,Stripmap 16m Resolution 30km Swath 9,HH HV,Dual Co/Cross,Descending,16,36.75,18.0,55.0,False,True,False
2026,2026-04-21T14:21:35,RCM3_OK3959182_PK4130059_1_SC30MCPA_20260421_142136_CH_CV_MLC,35500209,MLC,SC30MCPA,Compact-Pol ScanSAR 30m Resolution 125km Swath A,CH CV,Compact,Descending,30,0.5,54.75,55.0,False,True,False
2026,2026-04-21T14:21:35,RCM3_OK3960571_PK4130060_1_SC30MCPA_20260421_142136_CH_CV_MLC,35500253,MLC,SC30MCPA,Compact-Pol ScanSAR 30m Resolution 125km Swath A,CH CV,Compact,Descending,30,0.5,54.75,55.0,False,True,False
2026,2026-04-22T01:21:33,RCM3_OK3962357_PK4130778_1_16M12_20260422_012133_HH_HV_GRD,35496348,GRD,16M12,Stripmap 16m Resolution 30km Swath 12,HH HV,Dual Co/Cross,Ascending,16,0.5,54.75,55.0,False,True,False
2026,2026-04-22T13:57:09,RCM1_OK3962357_PK4131496_1_16M17_20260422_135707_HH_HV_GRD,35500405,GRD,16M17,Stripmap 16m Resolution 30km Swath 17,HH HV,Dual Co/Cross,Descending,16,0.0,,,False,True,False
2026,2026-04-23T01:29:33,RCM3_OK3962357_PK4132129_1_16M16_20260423_012933_HH_HV_GRD,35503011,GRD,16M16,Stripmap 16m Resolution 30km Swath 16,HH HV,Dual Co/Cross,Ascending,16,24.25,30.75,55.0,False,True,False
2026,2026-04-24T01:05:10,RCM1_OK3959182_PK4133683_1_SC30MCPA_20260424_010510_CH_CV_MLC,35511349,MLC,SC30MCPA,Compact-Pol ScanSAR 30m Resolution 125km Swath A,CH CV,Compact,Ascending,30,15.5,38.0,55.0,False,True,False
2026,2026-04-24T01:05:10,RCM1_OK3960571_PK4133684_1_SC30MCPA_20260424_010510_CH_CV_MLC,35511545,MLC,SC30MCPA,Compact-Pol ScanSAR 30m Resolution 125km Swath A,CH CV,Compact,Ascending,30,0.0,,,False,True,False
2026,2026-04-25T01:13:13,RCM1_OK3962357_PK4134984_1_16M7_20260425_011313_HH_HV_GRD,35514815,GRD,16M7,Stripmap 16m Resolution 30km Swath 7,HH HV,Dual Co/Cross,Ascending,16,43.75,11.5,55.0,False,True,False
2026,2026-04-26T01:21:13,RCM1_OK3962357_PK4136357_1_16M12_20260426_012113_HH_HV_GRD,35521874,GRD,16M12,Stripmap 16m Resolution 30km Swath 12,HH HV,Dual Co/Cross,Ascending,16,55.25,0.0,55.0,True,True,False
2026,2026-04-26T13:57:19,RCM2_OK3962357_PK4137282_1_16M17_20260426_135718_HH_HV_GRD,35526184,GRD,16M17,Stripmap 16m Resolution 30km Swath 17,HH HV,Dual Co/Cross,Descending,16,0.25,1.25,1.25,False,True,False
2026,2026-04-27T14:05:25,RCM2_OK3962357_PK4138762_1_16M14_20260427_140524_HH_HV_GRD,35533956,GRD,16M14,Stripmap 16m Resolution 30km Swath 14,HH HV,Dual Co/Cross,Descending,16,5.0,50.25,55.0,False,True,False
2026,2026-04-28T14:13:19,RCM2_OK3962357_PK4140289_1_16M9_20260428_141318_HH_HV_GRD,35541194,GRD,16M9,Stripmap 16m Resolution 30km Swath 9,HH HV,Dual Co/Cross,Descending,16,0.0,,,False,True,False
2026,2026-04-29T01:13:23,RCM2_OK3962357_PK4141016_1_16M7_20260429_011321_HH_HV_GRD,35544667,GRD,16M7,Stripmap 16m Resolution 30km Swath 7,HH HV,Dual Co/Cross,Ascending,16,53.5,1.75,55.0,False,True,False
2026,2026-04-30T01:21:20,RCM2_OK3962357_PK4142481_1_16M11_20260430_012118_HH_HV_GRD,35550960,GRD,16M11,Stripmap 16m Resolution 30km Swath 11,HH HV,Dual Co/Cross,Ascending,16,14.5,39.5,55.0,False,True,False
2026,2026-04-30T01:21:25,RCM2_OK3962357_PK4142481_2_16M11_20260430_012118_HH_HV_GRD,35550959,GRD,16M11,Stripmap 16m Resolution 30km Swath 11,HH HV,Dual Co/Cross,Ascending,16,2.5,40.0,42.25,False,True,False
2026,2026-04-30T13:57:32,RCM3_OK3962357_PK4143179_1_16M17_20260430_135730_HH_HV_GRD,35554508,GRD,16M17,Stripmap 16m Resolution 30km Swath 17,HH HV,Dual Co/Cross,Descending,16,0.75,1.0,1.5,False,True,False
2026,2026-05-01T14:05:34,RCM3_OK3962357_PK4144574_1_16M14_20260501_140533_HH_HV_GRD,35560796,GRD,16M14,Stripmap 16m Resolution 30km Swath 14,HH HV,Dual Co/Cross,Descending,16,12.75,37.0,52.75,False,True,False
2026,2026-05-02T01:05:27,RCM3_OK3959182_PK4145308_1_SC30MCPA_20260502_010527_CH_CV_MLC,35565995,MLC,SC30MCPA,Compact-Pol ScanSAR 30m Resolution 125km Swath A,CH CV,Compact,Ascending,30,55.25,0.0,55.0,True,True,False
2026,2026-05-02T01:05:27,RCM3_OK3960571_PK4145309_1_SC30MCPA_20260502_010527_CH_CV_MLC,35566209,MLC,SC30MCPA,Compact-Pol ScanSAR 30m Resolution 125km Swath A,CH CV,Compact,Ascending,30,0.0,,,False,True,False
2026,2026-05-02T14:13:32,RCM3_OK3962357_PK4146065_1_16M9_20260502_141330_HH_HV_GRD,35567450,GRD,16M9,Stripmap 16m Resolution 30km Swath 9,HH HV,Dual Co/Cross,Descending,16,36.5,18.0,55.0,False,True,False
2026,2026-05-04T01:21:35,RCM3_OK3962357_PK4148272_1_16M12_20260504_012133_HH_HV_GRD,35578455,GRD,16M12,Stripmap 16m Resolution 30km Swath 12,HH HV,Dual Co/Cross,Ascending,16,26.25,28.5,55.0,False,True,False
2026,2026-05-04T13:57:09,RCM1_OK3962357_PK4149215_1_16M17_20260504_135708_HH_HV_GRD,35582187,GRD,16M17,Stripmap 16m Resolution 30km Swath 17,HH HV,Dual Co/Cross,Descending,16,0.25,1.25,1.25,False,True,False
2026,2026-05-05T01:29:34,RCM3_OK3962357_PK4150204_1_16M16_20260505_012933_HH_HV_GRD,35585777,GRD,16M16,Stripmap 16m Resolution 30km Swath 16,HH HV,Dual Co/Cross,Ascending,16,24.5,30.75,55.0,False,True,False
2026,2026-05-06T13:41:03,RCM2_OK3881637_PK4152428_1_SCLND_20260506_134104_HH_HV_GRD,35595597,GRD,SCLND,ScanSAR Low Noise 100m Resolution 350km Swath D,HH HV,Dual Co/Cross,Descending,100,51.75,0.0,51.5,True,True,False
2026,2026-05-06T14:12:52,RCM1_OK3881637_PK4152457_1_SC30MC_20260506_141253_HH_HV_GRD,35595957,GRD,SC30MC,ScanSAR 30m Resolution 125km Swath C,HH HV,Dual Co/Cross,Descending,30,16.75,32.75,49.25,False,True,False
2026,2026-05-06T14:13:02,RCM1_OK3962358_PK4152458_1_SC30MC_20260506_141253_HH_HV_GRD,35596093,GRD,SC30MC,ScanSAR 30m Resolution 125km Swath C,HH HV,Dual Co/Cross,Descending,30,0.75,32.75,33.25,False,True,False
2026,2026-05-08T01:21:14,RCM1_OK3962357_PK4154699_1_16M12_20260508_012114_HH_HV_GRD,35605520,GRD,16M12,Stripmap 16m Resolution 30km Swath 12,HH HV,Dual Co/Cross,Ascending,16,55.25,0.0,55.0,True,True,False
2026,2026-05-08T13:57:19,RCM2_OK3962357_PK4155960_1_16M17_20260508_135719_HH_HV_GRD,35609188,GRD,16M17,Stripmap 16m Resolution 30km Swath 17,HH HV,Dual Co/Cross,Descending,16,0.0,,,False,True,False
2026,2026-05-09T14:05:25,RCM2_OK3962357_PK4157496_1_16M14_20260509_140525_HH_HV_GRD,35616685,GRD,16M14,Stripmap 16m Resolution 30km Swath 14,HH HV,Dual Co/Cross,Descending,16,5.25,50.0,55.0,False,True,False
2026,2026-05-10T01:05:24,RCM2_OK3959182_PK4158171_1_SC30MCPA_20260510_010524_CH_CV_MLC,35623488,MLC,SC30MCPA,Compact-Pol ScanSAR 30m Resolution 125km Swath A,CH CV,Compact,Ascending,30,55.25,0.0,55.0,True,True,False
2026,2026-05-10T14:13:19,RCM2_OK3962357_PK4159078_1_16M9_20260510_141319_HH_HV_GRD,35624603,GRD,16M9,Stripmap 16m Resolution 30km Swath 9,HH HV,Dual Co/Cross,Descending,16,0.0,,,False,True,False
2026,2026-05-11T01:13:23,RCM2_OK3962357_PK4159859_1_16M7_20260511_011322_HH_HV_GRD,35627951,GRD,16M7,Stripmap 16m Resolution 30km Swath 7,HH HV,Dual Co/Cross,Ascending,16,53.25,2.0,55.0,False,True,False
2026,2026-05-12T01:21:20,RCM2_OK3962357_PK4161922_1_16M11_20260512_012119_HH_HV_GRD,35635003,GRD,16M11,Stripmap 16m Resolution 30km Swath 11,HH HV,Dual Co/Cross,Ascending,16,14.5,39.5,55.0,False,True,False
2026,2026-05-12T01:21:26,RCM2_OK3962357_PK4161922_2_16M11_20260512_012119_HH_HV_GRD,35635121,GRD,16M11,Stripmap 16m Resolution 30km Swath 11,HH HV,Dual Co/Cross,Ascending,16,3.0,39.75,42.5,False,True,False
2026,2026-05-12T13:57:32,RCM3_OK3962357_PK4162680_1_16M17_20260512_135731_HH_HV_GRD,35638842,GRD,16M17,Stripmap 16m Resolution 30km Swath 17,HH HV,Dual Co/Cross,Descending,16,0.75,1.0,1.5,False,True,False
2026,2026-05-13T01:29:24,RCM2_OK3881637_PK4163308_1_SC30MD_20260513_012924_HH_HV_GRD,35641562,GRD,SC30MD,ScanSAR 30m Resolution 125km Swath D,HH HV,Dual Co/Cross,Ascending,30,55.25,0.0,55.0,True,True,False
2026,2026-05-15T14:21:16,RCM3_OK3959182_PK4167309_1_SC30MCPA_20260515_142116_CH_CV_MLC,35680913,MLC,SC30MCPA,Compact-Pol ScanSAR 30m Resolution 125km Swath A,CH CV,Compact,Descending,30,55.25,0.0,55.0,True,True,False
2026,2026-05-15T14:21:34,RCM3_OK3960571_PK4167310_1_SC30MCPA_20260515_142116_CH_CV_MLC,35679184,MLC,SC30MCPA,Compact-Pol ScanSAR 30m Resolution 125km Swath A,CH CV,Compact,Descending,30,39.0,16.25,55.0,False,True,False
2026,2026-05-20T01:21:14,RCM1_OK3959182_PK4173493_1_SC30MCPC_20260520_012114_CH_CV_MLC,35744405,MLC,SC30MCPC,Compact-Pol ScanSAR 30m Resolution 125km Swath C,CH CV,Compact,Ascending,30,55.25,0.0,55.0,True,True,False
2026,2026-05-21T01:28:59,RCM1_OK3960571_PK4175009_1_SC30MCPD_20260521_012859_CH_CV_MLC,35750769,MLC,SC30MCPD,Compact-Pol ScanSAR 30m Resolution 125km Swath D,CH CV,Compact,Ascending,30,9.5,44.5,55.0,False,True,False
2026,2026-05-21T01:28:59,RCM1_OK3959182_PK4175008_1_SC30MCPD_20260521_012859_CH_CV_MLC,35750733,MLC,SC30MCPD,Compact-Pol ScanSAR 30m Resolution 125km Swath D,CH CV,Compact,Ascending,30,48.25,7.0,55.0,False,True,False
2026,2026-05-21T14:05:15,RCM2_OK3959182_PK4175911_2_SC30MCPC_20260521_140446_CH_CV_MLC,35758222,MLC,SC30MCPC,Compact-Pol ScanSAR 30m Resolution 125km Swath C,CH CV,Compact,Descending,30,7.25,0.0,7.0,False,True,False
2026,2026-05-22T14:13:22,RCM2_OK3959182_PK4177323_1_SC30MCPB_20260522_141322_CH_CV_MLC,35765300,MLC,SC30MCPB,Compact-Pol ScanSAR 30m Resolution 125km Swath B,CH CV,Compact,Descending,30,50.0,5.25,55.0,False,True,False
2026,2026-05-22T14:13:23,RCM2_OK3960571_PK4177324_1_SC30MCPB_20260522_141322_CH_CV_MLC,35765233,MLC,SC30MCPB,Compact-Pol ScanSAR 30m Resolution 125km Swath B,CH CV,Compact,Descending,30,40.0,15.25,55.0,False,True,False
2026,2026-05-24T13:57:31,RCM3_OK3959182_PK4180137_1_SC30MCPD_20260524_135731_CH_CV_MLC,35787226,MLC,SC30MCPD,Compact-Pol ScanSAR 30m Resolution 125km Swath D,CH CV,Compact,Descending,30,51.75,0.0,51.5,True,True,False
2026,2026-05-26T01:05:37,RCM3_OK3959182_PK4182174_1_SC30MCPA_20260526_010537_CH_CV_MLC,35793436,MLC,SC30MCPA,Compact-Pol ScanSAR 30m Resolution 125km Swath A,CH CV,Compact,Ascending,30,55.25,0.0,55.0,True,True,False
2026,2026-05-26T13:40:27,RCM1_OK3881637_PK4182856_1_SCLND_20260526_134027_HH_HV_GRD,35794280,GRD,SCLND,ScanSAR Low Noise 100m Resolution 350km Swath D,HH HV,Dual Co/Cross,Descending,100,22.25,0.0,22.0,True,True,False
2026,2026-05-26T14:13:13,RCM3_OK3881637_PK4182902_1_SC30MB_20260526_141313_HH_HV_GRD,35794488,GRD,SC30MB,ScanSAR 30m Resolution 125km Swath B,HH HV,Dual Co/Cross,Descending,30,7.5,0.0,7.25,False,True,False
2026,2026-05-26T14:13:33,RCM3_OK3881637_PK4182902_2_SC30MB_20260526_141313_HH_HV_GRD,35794486,GRD,SC30MB,ScanSAR 30m Resolution 125km Swath B,HH HV,Dual Co/Cross,Descending,30,54.75,0.0,54.5,True,True,False
2026,2026-05-27T01:13:36,RCM3_OK3881637_PK4183517_1_SCLNA_20260527_011334_HH_HV_GRD,35797035,GRD,SCLNA,ScanSAR Low Noise 100m Resolution 350km Swath A,HH HV,Dual Co/Cross,Ascending,100,55.25,0.0,55.0,True,True,False
2026,2026-05-27T01:45:25,RCM2_OK3881637_PK4183541_1_SCLND_20260527_014525_HH_HV_GRD,35797209,GRD,SCLND,ScanSAR Low Noise 100m Resolution 350km Swath D,HH HV,Dual Co/Cross,Ascending,100,55.25,0.0,55.0,True,True,False
2026,2026-06-01T01:21:15,RCM1_OK3959182_PK4190562_1_SC30MCPC_20260601_012115_CH_CV_MLC,35909479,MLC,SC30MCPC,Compact-Pol ScanSAR 30m Resolution 125km Swath C,CH CV,Compact,Ascending,30,55.25,0.0,55.0,True,True,False
2026,2026-06-02T01:29:00,RCM1_OK3959182_PK4192216_1_SC30MCPD_20260602_012900_CH_CV_MLC,35920030,MLC,SC30MCPD,Compact-Pol ScanSAR 30m Resolution 125km Swath D,CH CV,Compact,Ascending,30,48.25,7.0,55.0,False,True,False
2026,2026-06-02T01:29:00,RCM1_OK3960571_PK4192217_1_SC30MCPD_20260602_012900_CH_CV_MLC,35920023,MLC,SC30MCPD,Compact-Pol ScanSAR 30m Resolution 125km Swath D,CH CV,Compact,Ascending,30,9.75,44.25,55.0,False,True,False
2026,2026-06-02T14:05:15,RCM2_OK3959182_PK4193228_2_SC30MCPC_20260602_140447_CH_CV_MLC,35938957,MLC,SC30MCPC,Compact-Pol ScanSAR 30m Resolution 125km Swath C,CH CV,Compact,Descending,30,7.25,0.0,7.0,False,True,False
2026,2026-06-03T14:13:23,RCM2_OK3959182_PK4194761_1_SC30MCPB_20260603_141323_CH_CV_MLC,35958131,MLC,SC30MCPB,Compact-Pol ScanSAR 30m Resolution 125km Swath B,CH CV,Compact,Descending,30,50.0,5.25,55.0,False,True,False
2026,2026-06-03T14:13:24,RCM2_OK3960571_PK4194762_1_SC30MCPB_20260603_141323_CH_CV_MLC,35958129,MLC,SC30MCPB,Compact-Pol ScanSAR 30m Resolution 125km Swath B,CH CV,Compact,Descending,30,40.0,15.25,55.0,False,True,False
2026,2026-06-09T13:57:06,RCM1_OK3881637_PK4204130_2_SC30MD_20260609_135647_HH_HV_GRD,36153748,GRD,SC30MD,ScanSAR 30m Resolution 125km Swath D,HH HV,Dual Co/Cross,Descending,30,54.25,0.0,54.0,True,True,False
2026,2026-06-10T01:29:38,RCM3_OK3881637_PK4205861_1_SCLND_20260610_012938_HH_HV_GRD,36175873,GRD,SCLND,ScanSAR Low Noise 100m Resolution 350km Swath D,HH HV,Dual Co/Cross,Ascending,100,55.25,0.0,55.0,True,True,False
2026,2026-06-14T01:29:00,RCM1_OK3960571_PK4215443_1_SC30MCPD_20260614_012901_CH_CV_MLC,36251687,MLC,SC30MCPD,Compact-Pol ScanSAR 30m Resolution 125km Swath D,CH CV,Compact,Ascending,30,9.5,44.5,55.0,False,True,False
2026,2026-06-14T01:29:00,RCM1_OK3959182_PK4215442_1_SC30MCPD_20260614_012901_CH_CV_MLC,36252576,MLC,SC30MCPD,Compact-Pol ScanSAR 30m Resolution 125km Swath D,CH CV,Compact,Ascending,30,48.25,7.0,55.0,False,True,False
2026,2026-06-14T14:05:16,RCM2_OK3959182_PK4216349_2_SC30MCPC_20260614_140448_CH_CV_MLC,36259490,MLC,SC30MCPC,Compact-Pol ScanSAR 30m Resolution 125km Swath C,CH CV,Compact,Descending,30,7.25,0.0,7.0,False,True,False
